#
# A fatal error has been detected by the Java Runtime Environment:
#
#  SIGSEGV (0xb) at pc=0x000071d35dda1cd2, pid=139645, tid=140635
#
# JRE version: OpenJDK Runtime Environment Microsoft-12574458 (21.0.9+10) (build 21.0.9+10-LTS)
# Java VM: OpenJDK 64-Bit Server VM Microsoft-12574458 (21.0.9+10-LTS, mixed mode, sharing, tiered, compressed oops, compressed class ptrs, g1 gc, linux-amd64)
# Problematic frame:
# C  [libtesseract.so+0xa9cd2]  tesseract::Tesseract::recog_all_words(tesseract::PAGE_RES*, tesseract::ETEXT_DESC*, tesseract::TBOX const*, char const*, int)+0x442
#
# Core dump will be written. Default location: Core dumps may be processed with "/usr/share/apport/apport -p%p -s%s -c%c -d%d -P%P -u%u -g%g -F%F -- %E" (or dumping to /workspaces/devhub_computer_vision/core.139645)
#
# If you would like to submit a bug report, please visit:
#   https://github.com/microsoft/openjdk/issues
# The crash happened outside the Java Virtual Machine in native code.
# See problematic frame for where to report the bug.
#

---------------  S U M M A R Y ------------

Command Line: -agentlib:jdwp=transport=dt_socket,server=n,suspend=y,address=localhost:37103 -XX:+ShowCodeDetailsInExceptionMessages com.devhub.ocr.Application

Host: AMD EPYC 7763 64-Core Processor, 2 cores, 7G, Ubuntu 24.04.3 LTS
Time: Fri Nov 21 09:16:05 2025 UTC elapsed time: 95.349356 seconds (0d 0h 1m 35s)

---------------  T H R E A D  ---------------

Current thread (0x000071d344790080):  JavaThread "http-nio-8080-exec-3" daemon [_thread_in_native, id=140635, stack(0x000071d35e9fb000,0x000071d35eafb000) (1024K)]

Stack: [0x000071d35e9fb000,0x000071d35eafb000],  sp=0x000071d35eaf62c0,  free space=1004k
Native frames: (J=compiled Java code, j=interpreted, Vv=VM code, C=native code)
C  [libtesseract.so+0xa9cd2]  tesseract::Tesseract::recog_all_words(tesseract::PAGE_RES*, tesseract::ETEXT_DESC*, tesseract::TBOX const*, char const*, int)+0x442
C  [libtesseract.so+0x832a6]  tesseract::TessBaseAPI::Recognize(tesseract::ETEXT_DESC*)+0x1a6
C  [libtesseract.so+0x83857]  tesseract::TessBaseAPI::GetUTF8Text()+0x227
C  [jna2580465684780826202.tmp+0x16052]
Java frames: (J=compiled Java code, j=interpreted, Vv=VM code)
j  com.sun.jna.Native.invokePointer(Lcom/sun/jna/Function;JI[Ljava/lang/Object;)J+0
j  com.sun.jna.Function.invokePointer(I[Ljava/lang/Object;)Lcom/sun/jna/Pointer;+7
j  com.sun.jna.Function.invoke([Ljava/lang/Object;Ljava/lang/Class;ZI)Ljava/lang/Object;+385
j  com.sun.jna.Function.invoke(Ljava/lang/reflect/Method;[Ljava/lang/Class;Ljava/lang/Class;[Ljava/lang/Object;Ljava/util/Map;)Ljava/lang/Object;+271
j  com.sun.jna.Library$Handler.invoke(Ljava/lang/Object;Ljava/lang/reflect/Method;[Ljava/lang/Object;)Ljava/lang/Object;+390
j  jdk.proxy2.$Proxy81.TessBaseAPIGetUTF8Text(Lnet/sourceforge/tess4j/ITessAPI$TessBaseAPI;)Lcom/sun/jna/Pointer;+16 jdk.proxy2
j  net.sourceforge.tess4j.Tesseract.getOCRText(Ljava/lang/String;I)Ljava/lang/String;+269
j  net.sourceforge.tess4j.Tesseract.doOCR(Ljava/util/List;Ljava/lang/String;Ljava/awt/Rectangle;)Ljava/lang/String;+69
j  net.sourceforge.tess4j.Tesseract.doOCR(Ljava/util/List;Ljava/awt/Rectangle;)Ljava/lang/String;+4
j  net.sourceforge.tess4j.Tesseract.doOCR(Ljava/awt/image/BufferedImage;Ljava/awt/Rectangle;)Ljava/lang/String;+6
j  net.sourceforge.tess4j.Tesseract.doOCR(Ljava/awt/image/BufferedImage;)Ljava/lang/String;+3
J 6753% c1 com.devhub.ocr.CP.CPA0_0101.mod.CPA0_0101Service.process(Ljava/io/File;Ljava/lang/String;)Lcom/devhub/ocr/CP/CPA0_0101/mod/CPA0_0101Service$PreprocessResult; (550 bytes) @ 0x000071d3c1342964 [0x000071d3c1341020+0x0000000000001944]
j  com.devhub.ocr.CP.CPA0_0101.trx.CPA0_0101Controller.uploadAndPreprocess(Lorg/springframework/web/multipart/MultipartFile;Ljava/lang/String;)Ljava/util/Map;+105
j  java.lang.invoke.LambdaForm$DMH+0x000071d364255800.invokeVirtual(Ljava/lang/Object;Ljava/lang/Object;Ljava/lang/Object;Ljava/lang/Object;)Ljava/lang/Object;+14 java.base@21.0.9
j  java.lang.invoke.LambdaForm$MH+0x000071d3644f5c00.invoke(Ljava/lang/Object;Ljava/lang/Object;Ljava/lang/Object;Ljava/lang/Object;)Ljava/lang/Object;+73 java.base@21.0.9
j  java.lang.invoke.LambdaForm$MH+0x000071d364101c00.invokeExact_MT(Ljava/lang/Object;Ljava/lang/Object;Ljava/lang/Object;Ljava/lang/Object;Ljava/lang/Object;)Ljava/lang/Object;+22 java.base@21.0.9
J 3124 c1 jdk.internal.reflect.DirectMethodHandleAccessor.invoke(Ljava/lang/Object;[Ljava/lang/Object;)Ljava/lang/Object; java.base@21.0.9 (92 bytes) @ 0x000071d3c0deb49c [0x000071d3c0deb120+0x000000000000037c]
J 3252 c1 java.lang.reflect.Method.invoke(Ljava/lang/Object;[Ljava/lang/Object;)Ljava/lang/Object; java.base@21.0.9 (108 bytes) @ 0x000071d3c0e21c6c [0x000071d3c0e21740+0x000000000000052c]
j  org.springframework.web.method.support.InvocableHandlerMethod.doInvoke([Ljava/lang/Object;)Ljava/lang/Object;+55
j  org.springframework.web.method.support.InvocableHandlerMethod.invokeForRequest(Lorg/springframework/web/context/request/NativeWebRequest;Lorg/springframework/web/method/support/ModelAndViewContainer;[Ljava/lang/Object;)Ljava/lang/Object;+82
j  org.springframework.web.servlet.mvc.method.annotation.ServletInvocableHandlerMethod.invokeAndHandle(Lorg/springframework/web/context/request/ServletWebRequest;Lorg/springframework/web/method/support/ModelAndViewContainer;[Ljava/lang/Object;)V+4
j  org.springframework.web.servlet.mvc.method.annotation.RequestMappingHandlerAdapter.invokeHandlerMethod(Ljakarta/servlet/http/HttpServletRequest;Ljakarta/servlet/http/HttpServletResponse;Lorg/springframework/web/method/HandlerMethod;)Lorg/springframework/web/servlet/ModelAndView;+309
j  org.springframework.web.servlet.mvc.method.annotation.RequestMappingHandlerAdapter.handleInternal(Ljakarta/servlet/http/HttpServletRequest;Ljakarta/servlet/http/HttpServletResponse;Lorg/springframework/web/method/HandlerMethod;)Lorg/springframework/web/servlet/ModelAndView;+81
j  org.springframework.web.servlet.mvc.method.AbstractHandlerMethodAdapter.handle(Ljakarta/servlet/http/HttpServletRequest;Ljakarta/servlet/http/HttpServletResponse;Ljava/lang/Object;)Lorg/springframework/web/servlet/ModelAndView;+7
j  org.springframework.web.servlet.DispatcherServlet.doDispatch(Ljakarta/servlet/http/HttpServletRequest;Ljakarta/servlet/http/HttpServletResponse;)V+304
j  org.springframework.web.servlet.DispatcherServlet.doService(Ljakarta/servlet/http/HttpServletRequest;Ljakarta/servlet/http/HttpServletResponse;)V+242
j  org.springframework.web.servlet.FrameworkServlet.processRequest(Ljakarta/servlet/http/HttpServletRequest;Ljakarta/servlet/http/HttpServletResponse;)V+70
j  org.springframework.web.servlet.FrameworkServlet.doPost(Ljakarta/servlet/http/HttpServletRequest;Ljakarta/servlet/http/HttpServletResponse;)V+3
j  jakarta.servlet.http.HttpServlet.service(Ljakarta/servlet/http/HttpServletRequest;Ljakarta/servlet/http/HttpServletResponse;)V+150
j  org.springframework.web.servlet.FrameworkServlet.service(Ljakarta/servlet/http/HttpServletRequest;Ljakarta/servlet/http/HttpServletResponse;)V+20
j  jakarta.servlet.http.HttpServlet.service(Ljakarta/servlet/ServletRequest;Ljakarta/servlet/ServletResponse;)V+37
j  org.apache.catalina.core.ApplicationFilterChain.internalDoFilter(Ljakarta/servlet/ServletRequest;Ljakarta/servlet/ServletResponse;)V+300
j  org.apache.catalina.core.ApplicationFilterChain.doFilter(Ljakarta/servlet/ServletRequest;Ljakarta/servlet/ServletResponse;)V+99
j  org.apache.tomcat.websocket.server.WsFilter.doFilter(Ljakarta/servlet/ServletRequest;Ljakarta/servlet/ServletResponse;Ljakarta/servlet/FilterChain;)V+21
j  org.apache.catalina.core.ApplicationFilterChain.internalDoFilter(Ljakarta/servlet/ServletRequest;Ljakarta/servlet/ServletResponse;)V+130
j  org.apache.catalina.core.ApplicationFilterChain.doFilter(Ljakarta/servlet/ServletRequest;Ljakarta/servlet/ServletResponse;)V+99
j  org.springframework.web.filter.RequestContextFilter.doFilterInternal(Ljakarta/servlet/http/HttpServletRequest;Ljakarta/servlet/http/HttpServletResponse;Ljakarta/servlet/FilterChain;)V+21
j  org.springframework.web.filter.OncePerRequestFilter.doFilter(Ljakarta/servlet/ServletRequest;Ljakarta/servlet/ServletResponse;Ljakarta/servlet/FilterChain;)V+150
j  org.apache.catalina.core.ApplicationFilterChain.internalDoFilter(Ljakarta/servlet/ServletRequest;Ljakarta/servlet/ServletResponse;)V+130
j  org.apache.catalina.core.ApplicationFilterChain.doFilter(Ljakarta/servlet/ServletRequest;Ljakarta/servlet/ServletResponse;)V+99
j  org.springframework.web.filter.FormContentFilter.doFilterInternal(Ljakarta/servlet/http/HttpServletRequest;Ljakarta/servlet/http/HttpServletResponse;Ljakarta/servlet/FilterChain;)V+38
j  org.springframework.web.filter.OncePerRequestFilter.doFilter(Ljakarta/servlet/ServletRequest;Ljakarta/servlet/ServletResponse;Ljakarta/servlet/FilterChain;)V+150
j  org.apache.catalina.core.ApplicationFilterChain.internalDoFilter(Ljakarta/servlet/ServletRequest;Ljakarta/servlet/ServletResponse;)V+130
j  org.apache.catalina.core.ApplicationFilterChain.doFilter(Ljakarta/servlet/ServletRequest;Ljakarta/servlet/ServletResponse;)V+99
j  org.springframework.web.filter.CharacterEncodingFilter.doFilterInternal(Ljakarta/servlet/http/HttpServletRequest;Ljakarta/servlet/http/HttpServletResponse;Ljakarta/servlet/FilterChain;)V+53
j  org.springframework.web.filter.OncePerRequestFilter.doFilter(Ljakarta/servlet/ServletRequest;Ljakarta/servlet/ServletResponse;Ljakarta/servlet/FilterChain;)V+150
j  org.apache.catalina.core.ApplicationFilterChain.internalDoFilter(Ljakarta/servlet/ServletRequest;Ljakarta/servlet/ServletResponse;)V+130
j  org.apache.catalina.core.ApplicationFilterChain.doFilter(Ljakarta/servlet/ServletRequest;Ljakarta/servlet/ServletResponse;)V+99
j  org.apache.catalina.core.StandardWrapperValve.invoke(Lorg/apache/catalina/connector/Request;Lorg/apache/catalina/connector/Response;)V+511
j  org.apache.catalina.core.StandardContextValve.invoke(Lorg/apache/catalina/connector/Request;Lorg/apache/catalina/connector/Response;)V+169
j  org.apache.catalina.authenticator.AuthenticatorBase.invoke(Lorg/apache/catalina/connector/Request;Lorg/apache/catalina/connector/Response;)V+221
j  org.apache.catalina.core.StandardHostValve.invoke(Lorg/apache/catalina/connector/Request;Lorg/apache/catalina/connector/Response;)V+131
j  org.apache.catalina.valves.ErrorReportValve.invoke(Lorg/apache/catalina/connector/Request;Lorg/apache/catalina/connector/Response;)V+6
j  org.apache.catalina.core.StandardEngineValve.invoke(Lorg/apache/catalina/connector/Request;Lorg/apache/catalina/connector/Response;)V+59
j  org.apache.catalina.connector.CoyoteAdapter.service(Lorg/apache/coyote/Request;Lorg/apache/coyote/Response;)V+188
j  org.apache.coyote.http11.Http11Processor.service(Lorg/apache/tomcat/util/net/SocketWrapperBase;)Lorg/apache/tomcat/util/net/AbstractEndpoint$Handler$SocketState;+796
j  org.apache.coyote.AbstractProcessorLight.process(Lorg/apache/tomcat/util/net/SocketWrapperBase;Lorg/apache/tomcat/util/net/SocketEvent;)Lorg/apache/tomcat/util/net/AbstractEndpoint$Handler$SocketState;+155
j  org.apache.coyote.AbstractProtocol$ConnectionHandler.process(Lorg/apache/tomcat/util/net/SocketWrapperBase;Lorg/apache/tomcat/util/net/SocketEvent;)Lorg/apache/tomcat/util/net/AbstractEndpoint$Handler$SocketState;+477
j  org.apache.tomcat.util.net.NioEndpoint$SocketProcessor.doRun()V+222
j  org.apache.tomcat.util.net.SocketProcessorBase.run()V+32
j  org.apache.tomcat.util.threads.ThreadPoolExecutor.runWorker(Lorg/apache/tomcat/util/threads/ThreadPoolExecutor$Worker;)V+92
j  org.apache.tomcat.util.threads.ThreadPoolExecutor$Worker.run()V+5
j  org.apache.tomcat.util.threads.TaskThread$WrappingRunnable.run()V+4
j  java.lang.Thread.runWith(Ljava/lang/Object;Ljava/lang/Runnable;)V+5 java.base@21.0.9
j  java.lang.Thread.run()V+19 java.base@21.0.9
v  ~StubRoutines::call_stub 0x000071d3c7d38cc6

siginfo: si_signo: 11 (SIGSEGV), si_code: 1 (SEGV_MAPERR), si_addr: 0x000000000000000c

Registers:
RAX=0x0000000000000000, RBX=0x000071d35eaf6320, RCX=0x0000000000000000, RDX=0x0000000000000001
RSP=0x000071d35eaf62c0, RBP=0x000071d35eaf64a0, RSI=0x0000000000000000, RDI=0x000071d35eaf6370
R8 =0x0000000000000000, R9 =0x0000000000000000, R10=0x0000000000000001, R11=0x0000000000000001
R12=0x000071d3ac18dbd0, R13=0x000071d3ac1cf1d0, R14=0x0000000000000001, R15=0x000071d35eaf6760
RIP=0x000071d35dda1cd2, EFLAGS=0x0000000000010246, CSGSFS=0x002b000000000033, ERR=0x0000000000000004
  TRAPNO=0x000000000000000e

XMM[0]=0x000071d3ac1cf150 0x000071d3ac1cf150
XMM[1]=0x0000000000000000 0x0000000000000000
XMM[2]=0x000071d3ac1cecc0 0x0000000000000000
XMM[3]=0x000071d3ac1cf150 0x000071d3ac1eeb50
XMM[4]=0x000071d3ac1ee750 0x000071d3ac1eeb70
XMM[5]=0x000071d3ac1ee750 0x000071d3ac1cecc0
XMM[6]=0x000000000071d3ac 0x1cecc0000071d3ac
XMM[7]=0x000071d3ac1ee750 0x000071d3ac1cecc0
XMM[8]=0x1ef6941606912702 0x9021f39200009320
XMM[9]=0x0000000000000000 0x00000000409e6666
XMM[10]=0x0000000000000000 0x0000000000000000
XMM[11]=0x0000000000000000 0x00000000401e6666
XMM[12]=0x0000000000000000 0x000000003f800000
XMM[13]=0x0000000000000000 0x000000003f800000
XMM[14]=0x0000000000000000 0x000000003f800000
XMM[15]=0x0000000000000000 0x0000000000000000
  MXCSR=0x00001fa2


Register to memory mapping:

RAX=0x0 is null
RBX=0x000071d35eaf6320 is pointing into the stack for thread: 0x000071d344790080
RCX=0x0 is null
RDX=0x0000000000000001 is an unknown value
RSP=0x000071d35eaf62c0 is pointing into the stack for thread: 0x000071d344790080
RBP=0x000071d35eaf64a0 is pointing into the stack for thread: 0x000071d344790080
RSI=0x0 is null
RDI=0x000071d35eaf6370 is pointing into the stack for thread: 0x000071d344790080
R8 =0x0 is null
R9 =0x0 is null
R10=0x0000000000000001 is an unknown value
R11=0x0000000000000001 is an unknown value
R12=0x000071d3ac18dbd0 points into unknown readable memory: 0x000071d35dff9428 | 28 94 ff 5d d3 71 00 00
R13=0x000071d3ac1cf1d0 points into unknown readable memory: 0x0000000000000000 | 00 00 00 00 00 00 00 00
R14=0x0000000000000001 is an unknown value
R15=0x000071d35eaf6760 is pointing into the stack for thread: 0x000071d344790080

Top of Stack: (sp=0x000071d35eaf62c0)
0x000071d35eaf62c0:   0000000000000000 0000000000000000
0x000071d35eaf62d0:   000071d3ac12fcd8 0000000000000000
0x000071d35eaf62e0:   000071d3ac1cf1d0 00000000ac1e9650
0x000071d35eaf62f0:   000071d3ac1e9650 0000000000000000
0x000071d35eaf6300:   0000000000000000 30b4a752c135ed00
0x000071d35eaf6310:   0000000000000001 000071d3ac1eeb50
0x000071d35eaf6320:   000071d3ac1cf1d0 0000000000000000
0x000071d35eaf6330:   0000000000000000 0000000000000000
0x000071d35eaf6340:   000071d3ac1cecc0 000071d3ac1eeb50
0x000071d35eaf6350:   000071d3ac1cf150 0000000000000000
0x000071d35eaf6360:   0000000000000000 0000000000000000
0x000071d35eaf6370:   000071d3ac1cf1d8 000071d3ac1cf150
0x000071d35eaf6380:   000071d3ac1cf150 000071d3ac1cf150
0x000071d35eaf6390:   000071d3ac1cf150 000071d3ac010000
0x000071d35eaf63a0:   000071d3ac1cf178 000071d3ac1eeb50
0x000071d35eaf63b0:   000071d3ac1eeb50 000071d3ac1eeb50
0x000071d35eaf63c0:   000071d3ac1eeb50 000071d3ac010000
0x000071d35eaf63d0:   000071d3ac1eeb70 000071d3ac1ee750
0x000071d35eaf63e0:   000071d3ac1cecc0 000071d3ac1ee750
0x000071d35eaf63f0:   000071d3ac1cecc0 000071d3ac010000
0x000071d35eaf6400:   000071d3ac1eeb70 000071d3ac1ee750
0x000071d35eaf6410:   000071d3ac1cecc0 000071d3ac1ee750
0x000071d35eaf6420:   000071d3ac1cecc0 ffffffffff000000
0x000071d35eaf6430:   000071d3ac1eeb70 000071d3ac1ee750
0x000071d35eaf6440:   000071d3ac1cecc0 000071d3ac1ee750
0x000071d35eaf6450:   000071d3ac1cecc0 000071d35d000000
0x000071d35eaf6460:   0000000000000000 30b4a752c135ed00
0x000071d35eaf6470:   0000000000000000 000071d3ac18ba40
0x000071d35eaf6480:   0000000000000000 000071d3ac1cf1d0
0x000071d35eaf6490:   0000000000000001 000071d35eaf6760
0x000071d35eaf64a0:   000071d35eaf6530 000071d35dd7b2a6
0x000071d35eaf64b0:   000071d35eaf66ac 0000000000000000 

Instructions: (pc=0x000071d35dda1cd2)
0x000071d35dda1bd2:   08 48 85 d2 74 04 48 8b 52 08 48 8b 80 20 01 00
0x000071d35dda1be2:   00 48 85 c0 74 c0 8b 48 74 85 c9 74 b9 48 8b 40
0x000071d35dda1bf2:   10 48 8d 0c 88 66 0f 1f 84 00 00 00 00 00 8b 30
0x000071d35dda1c02:   85 f6 75 aa 48 83 c0 04 48 39 c1 75 f1 48 85 d2
0x000071d35dda1c12:   74 94 8b 42 10 8d 50 ff 83 fa 02 76 89 83 f8 06
0x000071d35dda1c22:   74 84 8d 50 f9 83 fa 01 0f 86 78 ff ff ff 83 f8
0x000071d35dda1c32:   05 0f 85 77 ff ff ff e9 6a ff ff ff 66 90 48 83
0x000071d35dda1c42:   bd 58 fe ff ff 00 74 10 48 8b 85 58 fe ff ff ba
0x000071d35dda1c52:   64 00 00 00 66 89 50 02 b8 01 00 00 00 48 8b 55
0x000071d35dda1c62:   c8 64 48 2b 14 25 28 00 00 00 0f 85 e7 05 00 00
0x000071d35dda1c72:   48 81 c4 b8 01 00 00 5b 41 5c 41 5d 41 5e 41 5f
0x000071d35dda1c82:   5d c3 0f 1f 40 00 48 83 bd 58 fe ff ff 00 0f 84
0x000071d35dda1c92:   22 03 00 00 48 8b 95 38 fe ff ff 48 89 de 4c 89
0x000071d35dda1ca2:   e7 e8 c8 55 00 00 e9 bd fe ff ff 0f 1f 00 31 f6
0x000071d35dda1cb2:   48 89 df e8 96 3f 07 00 41 8b 84 24 68 15 00 00
0x000071d35dda1cc2:   85 c0 0f 8f 89 02 00 00 49 8b 84 24 00 0a 00 00
0x000071d35dda1cd2:   80 78 0c 00 0f 85 70 05 00 00 4d 8b ac 24 68 4b
0x000071d35dda1ce2:   02 00 4d 8b bc 24 60 4b 02 00 4d 39 ef 75 21 eb
0x000071d35dda1cf2:   3a 0f 1f 44 00 00 48 8b 97 00 0a 00 00 80 7a 0c
0x000071d35dda1d02:   00 0f 85 87 02 00 00 49 83 c7 08 4d 39 fd 74 1b
0x000071d35dda1d12:   49 8b 3f 8b 87 68 15 00 00 85 c0 7e d9 e8 dc ce
0x000071d35dda1d22:   08 00 49 83 c7 08 4d 39 fd 75 e5 4c 8d bd 60 fe
0x000071d35dda1d32:   ff ff 66 0f ef c0 be 01 00 00 00 4c 8b 85 40 fe
0x000071d35dda1d42:   ff ff 48 8b 8d 28 fe ff ff 48 8b 95 38 fe ff ff
0x000071d35dda1d52:   4d 89 f9 4c 89 e7 48 c7 85 70 fe ff ff 00 00 00
0x000071d35dda1d62:   00 0f 29 85 60 fe ff ff e8 e1 56 ff ff 45 8b b4
0x000071d35dda1d72:   24 a4 3b 02 00 45 85 f6 74 0b 4c 89 fe 4c 89 e7
0x000071d35dda1d82:   e8 c9 21 04 00 48 8b 85 68 fe ff ff 45 31 ed 4d
0x000071d35dda1d92:   89 f8 48 89 d9 48 2b 85 60 fe ff ff 4c 89 e7 48
0x000071d35dda1da2:   ba cd cc cc cc cc cc cc cc 41 c7 84 24 34 4b 02
0x000071d35dda1db2:   00 00 00 00 00 48 c1 f8 04 4d 89 a4 24 78 4b 02
0x000071d35dda1dc2:   00 be 01 00 00 00 49 c7 84 24 24 4b 02 00 00 00 


Stack slot to memory mapping:

stack at sp + 0 slots: 0x0 is null
stack at sp + 1 slots: 0x0 is null
stack at sp + 2 slots: 0x000071d3ac12fcd8 points into unknown readable memory: 0x000071d3ac1e9650 | 50 96 1e ac d3 71 00 00
stack at sp + 3 slots: 0x0 is null
stack at sp + 4 slots: 0x000071d3ac1cf1d0 points into unknown readable memory: 0x0000000000000000 | 00 00 00 00 00 00 00 00
stack at sp + 5 slots: 0x00000000ac1e9650 is an unallocated location in the heap
stack at sp + 6 slots: 0x000071d3ac1e9650 points into unknown readable memory: 0x000071d3ac1e9650 | 50 96 1e ac d3 71 00 00
stack at sp + 7 slots: 0x0 is null


Compiled method (c1) 95419 6753 % !   3       com.devhub.ocr.CP.CPA0_0101.mod.CPA0_0101Service::process @ 69 (550 bytes)
 total in heap  [0x000071d3c1340a90,0x000071d3c1345ae0] = 20560
 relocation     [0x000071d3c1340be8,0x000071d3c1341000] = 1048
 constants      [0x000071d3c1341000,0x000071d3c1341020] = 32
 main code      [0x000071d3c1341020,0x000071d3c1343a50] = 10800
 stub code      [0x000071d3c1343a50,0x000071d3c1343c38] = 488
 oops           [0x000071d3c1343c38,0x000071d3c1343c50] = 24
 metadata       [0x000071d3c1343c50,0x000071d3c1343cd0] = 128
 scopes data    [0x000071d3c1343cd0,0x000071d3c13451e8] = 5400
 scopes pcs     [0x000071d3c13451e8,0x000071d3c13459a8] = 1984
 dependencies   [0x000071d3c13459a8,0x000071d3c13459d8] = 48
 handler table  [0x000071d3c13459d8,0x000071d3c13459f0] = 24
 nul chk table  [0x000071d3c13459f0,0x000071d3c1345ae0] = 240


[Constant Pool]
             Address          hex4                    hex8      
  0x000071d3c1341000:   0x1a63c1f8      0x404ca5dc1a63c1f8      
  0x000071d3c1341004:   0x404ca5dc                              
  0x000071d3c1341008:   0xf4f4f4f4      0xf4f4f4f4f4f4f4f4      
  0x000071d3c134100c:   0xf4f4f4f4                              
  0x000071d3c1341010:   0xf4f4f4f4      0xf4f4f4f4f4f4f4f4      
  0x000071d3c1341014:   0xf4f4f4f4                              
  0x000071d3c1341018:   0xf4f4f4f4      0xf4f4f4f4f4f4f4f4      
  0x000071d3c134101c:   0xf4f4f4f4                              

[MachCode]
[Entry Point]
  # {method} {0x000071d3618fcef8} 'process' '(Ljava/io/File;Ljava/lang/String;)Lcom/devhub/ocr/CP/CPA0_0101/mod/CPA0_0101Service$PreprocessResult;' in 'com/devhub/ocr/CP/CPA0_0101/mod/CPA0_0101Service'
  0x000071d3c1341020: ;   {no_reloc}
  0x000071d3c1341020: 448b 5608 | 49bb 0000 | 0063 d371 | 0000 4d03 | d34c 3bd0 

  0x000071d3c1341034: ;   {runtime_call ic_miss_stub}
  0x000071d3c1341034: 0f85 4650 | a406 660f | 1f44 0000 
[Verified Entry Point]
  0x000071d3c1341040: 8984 2400 | c0fe ff55 | 4881 ec60 | 0200 0090 | 4181 7f20 | 0600 0000 

  0x000071d3c1341058: ;   {runtime_call StubRoutines (final stubs)}
  0x000071d3c1341058: 7405 e821 | b4a2 0648 | 89b4 24b8 | 0000 0048 | 8994 24b0 | 0000 0048 | 898c 24a8 

  0x000071d3c1341074: ;   {metadata(method data for {method} {0x000071d3618fcef8} 'process' '(Ljava/io/File;Ljava/lang/String;)Lcom/devhub/ocr/CP/CPA0_0101/mod/CPA0_0101Service$PreprocessResult;' in 'com/devhub/ocr/CP/CPA0_0101/mod/CPA0_0101Service')}
  0x000071d3c1341074: 0000 0048 | bfe0 e28f | 61d3 7100 | 008b 9ff4 | 0000 0083 | c302 899f | f400 0000 | 81e3 fe07 
  0x000071d3c1341094: 0000 85db | 0f84 6b23 

  0x000071d3c134109c: ;   {metadata(method data for {method} {0x000071d3618fcef8} 'process' '(Ljava/io/File;Ljava/lang/String;)Lcom/devhub/ocr/CP/CPA0_0101/mod/CPA0_0101Service$PreprocessResult;' in 'com/devhub/ocr/CP/CPA0_0101/mod/CPA0_0101Service')}
  0x000071d3c134109c: 0000 48bf | e0e2 8f61 | d371 0000 | 4883 8738 | 0100 0001 | 488b f20f 

  0x000071d3c13410b4: ;   {static_call}
  0x000071d3c13410b4: 1f40 00e8 

  0x000071d3c13410b8: ; ImmutableOopMap {[168]=Oop [176]=Oop [184]=Oop }
                      ;*invokestatic read {reexecute=0 rethrow=0 return_oop=0}
                      ; - com.devhub.ocr.CP.CPA0_0101.mod.CPA0_0101Service::process@1 (line 48)
  0x000071d3c13410b8: c458 a406 

  0x000071d3c13410bc: ;   {other}
  0x000071d3c13410bc: 0f1f 8400 | 2c06 0000 | 4889 8424 | c000 0000 

  0x000071d3c13410cc: ;   {metadata(method data for {method} {0x000071d3618fcef8} 'process' '(Ljava/io/File;Ljava/lang/String;)Lcom/devhub/ocr/CP/CPA0_0101/mod/CPA0_0101Service$PreprocessResult;' in 'com/devhub/ocr/CP/CPA0_0101/mod/CPA0_0101Service')}
  0x000071d3c13410cc: 4885 c048 | bee0 e28f | 61d3 7100 | 0048 c7c2 | 5801 0000 | 7407 48c7 | c248 0100 | 0048 8b3c 
  0x000071d3c13410ec: 1648 8d7f | 0148 893c | 160f 8431 

  0x000071d3c13410f8: ;   {metadata(method data for {method} {0x000071d3618fcef8} 'process' '(Ljava/io/File;Ljava/lang/String;)Lcom/devhub/ocr/CP/CPA0_0101/mod/CPA0_0101Service$PreprocessResult;' in 'com/devhub/ocr/CP/CPA0_0101/mod/CPA0_0101Service')}
  0x000071d3c13410f8: 2000 0048 | bee0 e28f | 61d3 7100 | 0048 8386 | e001 0000 | 0148 8bf0 

  0x000071d3c1341110: ;   {oop(nullptr)}
  0x000071d3c1341110: 48ba 0000 | 0000 0000 | 0000 0f1f 

  0x000071d3c134111c: ;   {static_call}
  0x000071d3c134111c: 4400 00e8 

  0x000071d3c1341120: ; ImmutableOopMap {[168]=Oop [176]=Oop [184]=Oop [192]=Oop }
                      ;*invokestatic convertFrom {reexecute=0 rethrow=0 return_oop=0}
                      ; - com.devhub.ocr.CP.CPA0_0101.mod.CPA0_0101Service::process@28 (line 52)
  0x000071d3c1341120: 5c58 a406 

  0x000071d3c1341124: ;   {other}
  0x000071d3c1341124: 0f1f 8400 | 9406 0001 

  0x000071d3c134112c: ; implicit exception: dispatches to 0x000071d3c134342a
  0x000071d3c134112c: 8b70 148b | 7818 8974 | 2404 893c | 2448 8984 | 24d0 0000 

  0x000071d3c1341140: ;   {metadata({type array bool}[])}
  0x000071d3c1341140: 0048 b8e8 | d547 64d3 | 7100 00bb | 0200 0000 | 488b cc89 | b424 cc00 | 0000 89bc | 24c8 0000 
  0x000071d3c1341160: ;   {runtime_call new_multi_array Runtime1 stub}
  0x000071d3c1341160: 00e8 1a7f 

  0x000071d3c1341164: ; ImmutableOopMap {[168]=Oop [176]=Oop [184]=Oop [192]=Oop [208]=Oop }
                      ;*multianewarray {reexecute=0 rethrow=0 return_oop=0}
                      ; - com.devhub.ocr.CP.CPA0_0101.mod.CPA0_0101Service::process@51 (line 57)
                      ;   {other}
  0x000071d3c1341164: a806 0f1f | 8400 d606 

  0x000071d3c134116c: ;   {metadata(method data for {method} {0x000071d3618fcef8} 'process' '(Ljava/io/File;Ljava/lang/String;)Lcom/devhub/ocr/CP/CPA0_0101/mod/CPA0_0101Service$PreprocessResult;' in 'com/devhub/ocr/CP/CPA0_0101/mod/CPA0_0101Service')}
  0x000071d3c134116c: 0002 48be | e0e2 8f61 | d371 0000 | ff86 f001 | 0000 8bbc | 24c8 0000 | 008b b424 | cc00 0000 
  0x000071d3c134118c: 488b 9c24 | d000 0000 | 488b 8c24 | c000 0000 | 4c8b 8424 | a800 0000 | 488b 9424 | b000 0000 
  0x000071d3c13411ac: 4c8b 8c24 | b800 0000 | 41bb 0000 | 0000 660f | 1f44 0000 | 4c89 8c24 | d800 0000 | 443b df41 
  0x000071d3c13411cc: bd02 0000 | 007c 0641 | bd00 0000 

  0x000071d3c13411d8: ;   {metadata(method data for {method} {0x000071d3618fcef8} 'process' '(Ljava/io/File;Ljava/lang/String;)Lcom/devhub/ocr/CP/CPA0_0101/mod/CPA0_0101Service$PreprocessResult;' in 'com/devhub/ocr/CP/CPA0_0101/mod/CPA0_0101Service')}
  0x000071d3c13411d8: 0049 bee0 | e28f 61d3 | 7100 0045 | 8b8e f800 | 0000 4503 | cd45 898e | f800 0000 | 4585 ed75 
  0x000071d3c13411f8: 0641 b902 | 0000 0041 | 81e1 fe3f | 0000 4585 | c90f 8420 | 2200 004d | 8b97 5004 

  0x000071d3c1341214: ; ImmutableOopMap {rax=Oop rbx=Oop rcx=Oop r8=Oop rdx=Oop [216]=Oop }
                      ;*if_icmplt {reexecute=1 rethrow=0 return_oop=0}
                      ; - (reexecute) com.devhub.ocr.CP.CPA0_0101.mod.CPA0_0101Service::process@122 (line 58)
                      ;   {poll}
  0x000071d3c1341214: 0000 4185 | 0244 3bdf 

  0x000071d3c134121c: ;   {metadata(method data for {method} {0x000071d3618fcef8} 'process' '(Ljava/io/File;Ljava/lang/String;)Lcom/devhub/ocr/CP/CPA0_0101/mod/CPA0_0101Service$PreprocessResult;' in 'com/devhub/ocr/CP/CPA0_0101/mod/CPA0_0101Service')}
  0x000071d3c134121c: 49b9 e0e2 | 8f61 d371 | 0000 49c7 | c5c0 0200 | 007d 0749 | c7c5 b002 | 0000 4f8b | 3429 4d8d 
  0x000071d3c134123c: 7601 4f89 | 3429 0f8d | f704 0000 

  0x000071d3c1341248: ;   {metadata(method data for {method} {0x000071d3618fcef8} 'process' '(Ljava/io/File;Ljava/lang/String;)Lcom/devhub/ocr/CP/CPA0_0101/mod/CPA0_0101Service$PreprocessResult;' in 'com/devhub/ocr/CP/CPA0_0101/mod/CPA0_0101Service')}
  0x000071d3c1341248: 49b9 e0e2 | 8f61 d371 | 0000 41ff | 8108 0200 | 0041 bd00 | 0000 0048 | 8994 24e0 | 0000 0090 
  0x000071d3c1341268: 443b ee41 | be02 0000 | 007c 0641 | be00 0000 

  0x000071d3c1341278: ;   {metadata(method data for {method} {0x000071d3618fcef8} 'process' '(Ljava/io/File;Ljava/lang/String;)Lcom/devhub/ocr/CP/CPA0_0101/mod/CPA0_0101Service$PreprocessResult;' in 'com/devhub/ocr/CP/CPA0_0101/mod/CPA0_0101Service')}
  0x000071d3c1341278: 0049 b9e0 | e28f 61d3 | 7100 0041 | 8b91 f800 | 0000 4103 | d641 8991 | f800 0000 | 4585 f675 
  0x000071d3c1341298: 05ba 0200 | 0000 81e2 | fe3f 0000 | 85d2 0f84 | a421 0000 | 4d8b 9750 

  0x000071d3c13412b0: ; ImmutableOopMap {rax=Oop rbx=Oop rcx=Oop r8=Oop [216]=Oop [224]=Oop }
                      ;*if_icmplt {reexecute=1 rethrow=0 return_oop=0}
                      ; - (reexecute) com.devhub.ocr.CP.CPA0_0101.mod.CPA0_0101Service::process@112 (line 59)
                      ;   {poll}
  0x000071d3c13412b0: 0400 0041 | 8502 443b 

  0x000071d3c13412b8: ;   {metadata(method data for {method} {0x000071d3618fcef8} 'process' '(Ljava/io/File;Ljava/lang/String;)Lcom/devhub/ocr/CP/CPA0_0101/mod/CPA0_0101Service$PreprocessResult;' in 'com/devhub/ocr/CP/CPA0_0101/mod/CPA0_0101Service')}
  0x000071d3c13412b8: ee48 bae0 | e28f 61d3 | 7100 0049 | c7c1 a002 | 0000 7d07 | 49c7 c190 | 0200 004e | 8b34 0a4d 
  0x000071d3c13412d8: 8d76 014e | 8934 0a48 | 8b94 24e0 | 0000 004c | 8b8c 24d8 | 0000 000f | 8d42 0400 | 0048 8994 
  0x000071d3c13412f8: 2430 0100 | 004c 898c | 2428 0100 | 0048 3b03 

  0x000071d3c1341308: ;   {metadata(method data for {method} {0x000071d3618fcef8} 'process' '(Ljava/io/File;Ljava/lang/String;)Lcom/devhub/ocr/CP/CPA0_0101/mod/CPA0_0101Service$PreprocessResult;' in 'com/devhub/ocr/CP/CPA0_0101/mod/CPA0_0101Service')}
  0x000071d3c1341308: 4c8b f349 | b9e0 e28f | 61d3 7100 | 0045 8b76 | 0849 ba00 | 0000 63d3 | 7100 004d | 03f2 4d3b 
  0x000071d3c1341328: b130 0200 | 0075 0d49 | 8381 3802 | 0000 01e9 | 6000 0000 | 4d3b b140 | 0200 0075 | 0d49 8381 
  0x000071d3c1341348: 4802 0000 | 01e9 4a00 | 0000 4983 | b930 0200 | 0000 7517 | 4d89 b130 | 0200 0049 | c781 3802 
  0x000071d3c1341368: 0000 0100 | 0000 e929 | 0000 0049 | 83b9 4002 | 0000 0075 | 174d 89b1 | 4002 0000 | 49c7 8148 
  0x000071d3c1341388: 0200 0001 | 0000 00e9 | 0800 0000 | 4983 8120 | 0200 0001 

  0x000071d3c134139c: ;   {metadata(method data for {method} {0x000071d361a6b490} 'get' '(II)I' in 'boofcv/struct/image/GrayI')}
  0x000071d3c134139c: 48ba c07b | aa61 d371 | 0000 448b | 8af4 0000 | 0041 83c1 | 0244 898a | f400 0000 | 4181 e1fe 
  0x000071d3c13413bc: ff1f 0045 | 85c9 0f84 | ae20 0000 

  0x000071d3c13413c8: ;   {metadata(method data for {method} {0x000071d361a6b490} 'get' '(II)I' in 'boofcv/struct/image/GrayI')}
  0x000071d3c13413c8: 488b d349 | b9c0 7baa | 61d3 7100 | 0049 8381 | 3801 0000 

  0x000071d3c13413dc: ;   {metadata(method data for {method} {0x000071d361a5e280} 'isInBounds' '(II)Z' in 'boofcv/struct/image/ImageBase')}
  0x000071d3c13413dc: 0148 ba00 | c0aa 61d3 | 7100 0044 | 8b8a f400 | 0000 4183 | c102 4489 | 8af4 0000 | 0041 81e1 
  0x000071d3c13413fc: feff 1f00 | 4585 c90f | 848e 2000 | 0045 85ed 

  0x000071d3c134140c: ;   {metadata(method data for {method} {0x000071d361a5e280} 'isInBounds' '(II)Z' in 'boofcv/struct/image/ImageBase')}
  0x000071d3c134140c: 48ba 00c0 | aa61 d371 | 0000 49c7 | c138 0100 | 007c 0749 | c7c1 4801 | 0000 4e8b | 340a 4d8d 
  0x000071d3c134142c: 7601 4e89 | 340a 0f8c | 9300 0000 | 8b53 1444 

  0x000071d3c134143c: ;   {metadata(method data for {method} {0x000071d361a5e280} 'isInBounds' '(II)Z' in 'boofcv/struct/image/ImageBase')}
  0x000071d3c134143c: 3bea 48ba | 00c0 aa61 | d371 0000 | 49c7 c158 | 0100 007d | 0749 c7c1 | 6801 0000 | 4e8b 340a 
  0x000071d3c134145c: 4d8d 7601 | 4e89 340a | 0f8d 6100 | 0000 4585 

  0x000071d3c134146c: ;   {metadata(method data for {method} {0x000071d361a5e280} 'isInBounds' '(II)Z' in 'boofcv/struct/image/ImageBase')}
  0x000071d3c134146c: db48 ba00 | c0aa 61d3 | 7100 0049 | c7c1 7801 | 0000 7c07 | 49c7 c188 | 0100 004e | 8b34 0a4d 
  0x000071d3c134148c: 8d76 014e | 8934 0a0f | 8c32 0000 | 008b 5318 

  0x000071d3c134149c: ;   {metadata(method data for {method} {0x000071d361a5e280} 'isInBounds' '(II)Z' in 'boofcv/struct/image/ImageBase')}
  0x000071d3c134149c: 443b da48 | ba00 c0aa | 61d3 7100 | 0049 c7c1 | a801 0000 | 7c07 49c7 | c198 0100 | 004e 8b34 
  0x000071d3c13414bc: 0a4d 8d76 | 014e 8934 | 0a0f 8c0a | 0000 00ba | 0000 0000 | e915 0000 

  0x000071d3c13414d4: ;   {metadata(method data for {method} {0x000071d361a5e280} 'isInBounds' '(II)Z' in 'boofcv/struct/image/ImageBase')}
  0x000071d3c13414d4: 0048 ba00 | c0aa 61d3 | 7100 00ff | 82b8 0100 | 00ba 0100 | 0000 83e2 

  0x000071d3c13414ec: ;   {metadata(method data for {method} {0x000071d361a6b490} 'get' '(II)I' in 'boofcv/struct/image/GrayI')}
  0x000071d3c13414ec: 0185 d248 | bac0 7baa | 61d3 7100 | 0049 c7c1 | 8001 0000 | 7407 49c7 | c170 0100 | 004e 8b34 
  0x000071d3c134150c: 0a4d 8d76 | 014e 8934 | 0a0f 84c9 | 1a00 004c | 8984 2438 | 0100 0048 

  0x000071d3c1341524: ;   {metadata(method data for {method} {0x000071d361a6b490} 'get' '(II)I' in 'boofcv/struct/image/GrayI')}
  0x000071d3c1341524: 8bd3 49b9 | c07b aa61 | d371 0000 | 4983 81d8 | 0100 0001 

  0x000071d3c1341538: ;   {metadata(method data for {method} {0x000071d361a6db38} 'unsafe_get' '(II)I' in 'boofcv/struct/image/GrayU8')}
  0x000071d3c1341538: 48ba 087e | aa61 d371 | 0000 448b | 8af4 0000 | 0041 83c1 | 0244 898a | f400 0000 | 4181 e1fe 
  0x000071d3c1341558: ff1f 0045 | 85c9 0f84 | 541f 0000 | 8b53 244c 

  0x000071d3c1341568: ;   {metadata(method data for {method} {0x000071d361a6db38} 'unsafe_get' '(II)I' in 'boofcv/struct/image/GrayU8')}
  0x000071d3c1341568: 8bcb 49be | 087e aa61 | d371 0000 | 458b 4908 | 49ba 0000 | 0063 d371 | 0000 4d03 | ca4d 3b8e 
  0x000071d3c1341588: 4801 0000 | 750d 4983 | 8650 0100 | 0001 e960 | 0000 004d | 3b8e 5801 | 0000 750d | 4983 8660 
  0x000071d3c13415a8: 0100 0001 | e94a 0000 | 0049 83be | 4801 0000 | 0075 174d | 898e 4801 | 0000 49c7 | 8650 0100 
  0x000071d3c13415c8: 0001 0000 | 00e9 2900 | 0000 4983 | be58 0100 | 0000 7517 | 4d89 8e58 | 0100 0049 | c786 6001 
  0x000071d3c13415e8: 0000 0100 | 0000 e908 | 0000 0049 | 8386 3801 

  0x000071d3c13415f8: ;   {metadata(method data for {method} {0x000071d361a5e360} 'getIndex' '(II)I' in 'boofcv/struct/image/ImageBase')}
  0x000071d3c13415f8: 0000 0149 | b810 c2aa | 61d3 7100 | 0045 8b88 | f400 0000 | 4183 c102 | 4589 88f4 | 0000 0041 
  0x000071d3c1341618: 81e1 feff | 1f00 4585 | c90f 84b2 | 1e00 0044 | 8b43 0c44 | 8b4b 1045 | 0faf cb45 | 03c1 4503 
  0x000071d3c1341638: c544 3b42 | 0c0f 83c1 | 1e00 004d | 63c0 420f | be54 0210 | 81e2 ff00 | 0000 4889 | 8c24 4001 
  0x000071d3c1341658: 0000 81e2 | ff00 0000 

  0x000071d3c1341660: ; implicit exception: dispatches to 0x000071d3c1343512
  0x000071d3c1341660: 443b 580c | 0f83 b21e | 0000 4d63 | c346 8b44 | 8010 81fa | 8000 0000 

  0x000071d3c1341678: ;   {metadata(method data for {method} {0x000071d3618fcef8} 'process' '(Ljava/io/File;Ljava/lang/String;)Lcom/devhub/ocr/CP/CPA0_0101/mod/CPA0_0101Service$PreprocessResult;' in 'com/devhub/ocr/CP/CPA0_0101/mod/CPA0_0101Service')}
  0x000071d3c1341678: 49b9 e0e2 | 8f61 d371 | 0000 49c7 | c658 0200 | 007d 0749 | c7c6 6802 | 0000 4b8b | 0c31 488d 
  0x000071d3c1341698: 4901 4b89 | 0c31 0f8d | 1a00 0000 

  0x000071d3c13416a4: ;   {metadata(method data for {method} {0x000071d3618fcef8} 'process' '(Ljava/io/File;Ljava/lang/String;)Lcom/devhub/ocr/CP/CPA0_0101/mod/CPA0_0101Service$PreprocessResult;' in 'com/devhub/ocr/CP/CPA0_0101/mod/CPA0_0101Service')}
  0x000071d3c13416a4: 48b9 e0e2 | 8f61 d371 | 0000 ff81 | 7802 0000 | b901 0000 | 00e9 0500 | 0000 b900 | 0000 0045 
  0x000071d3c13416c4: 3b68 0c0f | 8367 1e00 | 0049 63d5 | 4c8b f141 | 83e6 0145 | 8b48 0849 | ba00 0000 | 63d3 7100 
  0x000071d3c13416e4: 004d 03ca | 458b 4908 | 4181 e100 | 0400 0045 | 85c9 4c0f | 44f1 4588 | 7410 1041 | ffc5 488b 
  0x000071d3c1341704: 8c24 4001 | 0000 4c8b | 8424 3801 | 0000 488b | 9424 3001 | 0000 4c8b | 8c24 2801 | 0000 4889 
  0x000071d3c1341724: 9424 e000 | 0000 4c89 | 8c24 d800 | 0000 e931 | fbff ff41 | ffc3 e981 | faff ff44 | 899c 2470 
  0x000071d3c1341744: 0100 0089 | bc24 4801 | 0000 89b4 | 244c 0100 | 0048 899c | 2468 0100 | 0048 898c | 2450 0100 
  0x000071d3c1341764: 004c 8984 | 2458 0100 | 0048 8994 | 2460 0100 | 004c 8b8c | 24d8 0000 | 0049 3b01 

  0x000071d3c1341780: ;   {metadata(method data for {method} {0x000071d3618fcef8} 'process' '(Ljava/io/File;Ljava/lang/String;)Lcom/devhub/ocr/CP/CPA0_0101/mod/CPA0_0101Service$PreprocessResult;' in 'com/devhub/ocr/CP/CPA0_0101/mod/CPA0_0101Service')}
  0x000071d3c1341780: 4d8b e949 | bee0 e28f | 61d3 7100 | 0049 8386 | d002 0000 | 0148 8bd0 | 498b f148 | 8984 2478 
  0x000071d3c13417a0: 0100 004c | 898c 24d8 | 0000 000f 

  0x000071d3c13417ac: ;   {optimized virtual_call}
  0x000071d3c13417ac: 1f40 00e8 

  0x000071d3c13417b0: ; ImmutableOopMap {[216]=Oop [336]=Oop [344]=Oop [352]=Oop [360]=Oop [376]=Oop }
                      ;*invokevirtual estimateSkewAngleRad {reexecute=0 rethrow=0 return_oop=0}
                      ; - com.devhub.ocr.CP.CPA0_0101.mod.CPA0_0101Service::process@128 (line 66)
  0x000071d3c13417b0: 0c24 0000 

  0x000071d3c13417b4: ;   {other}
  0x000071d3c13417b4: 0f1f 8400 | 240d 0005 | c5fb 1184 | 2450 0200 

  0x000071d3c13417c4: ;   {metadata(method data for {method} {0x000071d3618fcef8} 'process' '(Ljava/io/File;Ljava/lang/String;)Lcom/devhub/ocr/CP/CPA0_0101/mod/CPA0_0101Service$PreprocessResult;' in 'com/devhub/ocr/CP/CPA0_0101/mod/CPA0_0101Service')}
  0x000071d3c13417c4: 0048 bae0 | e28f 61d3 | 7100 0048 | 8382 0803 

  0x000071d3c13417d4: ;   {metadata(method data for {method} {0x000071d363426c30} 'toDegrees' '(D)D' in 'java/lang/Math')}
  0x000071d3c13417d4: 0000 0148 | baa8 edb2 | 61d3 7100 | 008b b2f4 | 0000 0083 | c602 89b2 | f400 0000 | 81e6 feff 
  0x000071d3c13417f4: 1f00 85f6 | 0f84 491d | 0000 c5f9 

  0x000071d3c1341800: ;   {section_word}
  0x000071d3c1341800: 28c8 c5f3 | 590d f6f7 | ffff c5fb | 118c 2448 | 0200 004c | 8b8c 24d8 

  0x000071d3c1341818: ;   {metadata(method data for {method} {0x000071d3618fcef8} 'process' '(Ljava/io/File;Ljava/lang/String;)Lcom/devhub/ocr/CP/CPA0_0101/mod/CPA0_0101Service$PreprocessResult;' in 'com/devhub/ocr/CP/CPA0_0101/mod/CPA0_0101Service')}
  0x000071d3c1341818: 0000 0048 | bae0 e28f | 61d3 7100 | 0048 8382 | 1803 0000 | 01c5 f928 

  0x000071d3c1341830: ;   {external_word}
  0x000071d3c1341830: d0c5 e957 | 15e7 3f17 | 1f48 8b94 | 2450 0100 | 00c5 f928 | c248 8bb4 | 24d8 0000 

  0x000071d3c134184c: ;   {optimized virtual_call}
  0x000071d3c134184c: 0066 90e8 

  0x000071d3c1341850: ; ImmutableOopMap {[216]=Oop [336]=Oop [344]=Oop [352]=Oop [360]=Oop [376]=Oop }
                      ;*invokevirtual rotateImage {reexecute=0 rethrow=0 return_oop=0}
                      ; - com.devhub.ocr.CP.CPA0_0101.mod.CPA0_0101Service::process@145 (line 70)
  0x000071d3c1341850: 7b23 0000 

  0x000071d3c1341854: ;   {other}
  0x000071d3c1341854: 0f1f 8400 | c40d 0006 | 4889 8424 | 8001 0000 

  0x000071d3c1341864: ;   {metadata(method data for {method} {0x000071d3618fcef8} 'process' '(Ljava/io/File;Ljava/lang/String;)Lcom/devhub/ocr/CP/CPA0_0101/mod/CPA0_0101Service$PreprocessResult;' in 'com/devhub/ocr/CP/CPA0_0101/mod/CPA0_0101Service')}
  0x000071d3c1341864: 48be e0e2 | 8f61 d371 | 0000 4883 | 8650 0300 | 0001 488b 

  0x000071d3c1341878: ;   {oop(nullptr)}
  0x000071d3c1341878: f048 ba00 | 0000 0000 | 0000 000f 

  0x000071d3c1341884: ;   {static_call}
  0x000071d3c1341884: 1f40 00e8 

  0x000071d3c1341888: ; ImmutableOopMap {[216]=Oop [336]=Oop [344]=Oop [352]=Oop [360]=Oop [376]=Oop [384]=Oop }
                      ;*invokestatic convertFrom {reexecute=0 rethrow=0 return_oop=0}
                      ; - com.devhub.ocr.CP.CPA0_0101.mod.CPA0_0101Service::process@153 (line 73)
  0x000071d3c1341888: 2523 0000 

  0x000071d3c134188c: ;   {other}
  0x000071d3c134188c: 0f1f 8400 | fc0d 0007 | 4889 8424 | 9001 0000 

  0x000071d3c134189c: ; implicit exception: dispatches to 0x000071d3c1343568
  0x000071d3c134189c: 8b70 1489 | b424 8801 | 0000 8b78 | 1889 bc24 | 7401 0000 | 8974 2404 

  0x000071d3c13418b4: ;   {metadata({type array bool}[])}
  0x000071d3c13418b4: 893c 2448 | b8e8 d547 | 64d3 7100 | 00bb 0200 | 0000 488b 

  0x000071d3c13418c8: ;   {runtime_call new_multi_array Runtime1 stub}
  0x000071d3c13418c8: cce8 b277 

  0x000071d3c13418cc: ; ImmutableOopMap {[216]=Oop [336]=Oop [344]=Oop [352]=Oop [360]=Oop [376]=Oop [384]=Oop [400]=Oop }
                      ;*multianewarray {reexecute=0 rethrow=0 return_oop=0}
                      ; - com.devhub.ocr.CP.CPA0_0101.mod.CPA0_0101Service::process@176 (line 75)
                      ;   {other}
  0x000071d3c13418cc: a806 0f1f | 8400 3e0e | 0008 4889 | 8424 9801 

  0x000071d3c13418dc: ;   {metadata(method data for {method} {0x000071d3618fcef8} 'process' '(Ljava/io/File;Ljava/lang/String;)Lcom/devhub/ocr/CP/CPA0_0101/mod/CPA0_0101Service$PreprocessResult;' in 'com/devhub/ocr/CP/CPA0_0101/mod/CPA0_0101Service')}
  0x000071d3c13418dc: 0000 48ba | e0e2 8f61 | d371 0000 | ff82 6003 | 0000 bf00 | 0000 008b | 9c24 7401 | 0000 8bb4 
  0x000071d3c13418fc: 2488 0100 | 0048 8b8c | 2490 0100 | 000f 1f80 | 0000 0000 | 3bfb ba02 | 0000 007c | 05ba 0000 
  0x000071d3c134191c: ;   {metadata(method data for {method} {0x000071d3618fcef8} 'process' '(Ljava/io/File;Ljava/lang/String;)Lcom/devhub/ocr/CP/CPA0_0101/mod/CPA0_0101Service$PreprocessResult;' in 'com/devhub/ocr/CP/CPA0_0101/mod/CPA0_0101Service')}
  0x000071d3c134191c: 0000 49b8 | e0e2 8f61 | d371 0000 | 458b 88f8 | 0000 0044 | 03ca 4589 | 88f8 0000 | 0085 d275 
  0x000071d3c134193c: 0641 b902 | 0000 0041 | 81e1 fe3f | 0000 4585 | c90f 841a | 1c00 004d | 8b97 5004 

  0x000071d3c1341958: ; ImmutableOopMap {rax=Oop rcx=Oop [216]=Oop [336]=Oop [344]=Oop [352]=Oop [360]=Oop [376]=Oop [384]=Oop [400]=Oop [408]=Oop }
                      ;*if_icmplt {reexecute=1 rethrow=0 return_oop=0}
                      ; - (reexecute) com.devhub.ocr.CP.CPA0_0101.mod.CPA0_0101Service::process@247 (line 76)
                      ;   {poll}
  0x000071d3c1341958: 0000 4185 

  0x000071d3c134195c: ;   {metadata(method data for {method} {0x000071d3618fcef8} 'process' '(Ljava/io/File;Ljava/lang/String;)Lcom/devhub/ocr/CP/CPA0_0101/mod/CPA0_0101Service$PreprocessResult;' in 'com/devhub/ocr/CP/CPA0_0101/mod/CPA0_0101Service')}
  0x000071d3c134195c: 023b fb48 | bae0 e28f | 61d3 7100 | 0049 c7c0 | 3004 0000 | 7d07 49c7 | c020 0400 | 004e 8b0c 
  0x000071d3c134197c: 024d 8d49 | 014e 890c | 020f 8d8f 

  0x000071d3c1341988: ;   {metadata(method data for {method} {0x000071d3618fcef8} 'process' '(Ljava/io/File;Ljava/lang/String;)Lcom/devhub/ocr/CP/CPA0_0101/mod/CPA0_0101Service$PreprocessResult;' in 'com/devhub/ocr/CP/CPA0_0101/mod/CPA0_0101Service')}
  0x000071d3c1341988: 0400 0048 | bae0 e28f | 61d3 7100 | 00ff 8278 | 0300 0041 | b800 0000 | 000f 1f80 | 0000 0000 
  0x000071d3c13419a8: 443b c6ba | 0200 0000 | 7c05 ba00 

  0x000071d3c13419b4: ;   {metadata(method data for {method} {0x000071d3618fcef8} 'process' '(Ljava/io/File;Ljava/lang/String;)Lcom/devhub/ocr/CP/CPA0_0101/mod/CPA0_0101Service$PreprocessResult;' in 'com/devhub/ocr/CP/CPA0_0101/mod/CPA0_0101Service')}
  0x000071d3c13419b4: 0000 0049 | b9e0 e28f | 61d3 7100 | 0045 8b99 | f800 0000 | 4403 da45 | 8999 f800 | 0000 85d2 
  0x000071d3c13419d4: 7506 41bb | 0200 0000 | 4181 e3fe | 3f00 0045 | 85db 0f84 | a21b 0000 | 4d8b 9750 

  0x000071d3c13419f0: ; ImmutableOopMap {rax=Oop rcx=Oop [216]=Oop [336]=Oop [344]=Oop [352]=Oop [360]=Oop [376]=Oop [384]=Oop [400]=Oop [408]=Oop }
                      ;*if_icmplt {reexecute=1 rethrow=0 return_oop=0}
                      ; - (reexecute) com.devhub.ocr.CP.CPA0_0101.mod.CPA0_0101Service::process@237 (line 77)
                      ;   {poll}
  0x000071d3c13419f0: 0400 0041 | 8502 443b 

  0x000071d3c13419f8: ;   {metadata(method data for {method} {0x000071d3618fcef8} 'process' '(Ljava/io/File;Ljava/lang/String;)Lcom/devhub/ocr/CP/CPA0_0101/mod/CPA0_0101Service$PreprocessResult;' in 'com/devhub/ocr/CP/CPA0_0101/mod/CPA0_0101Service')}
  0x000071d3c13419f8: c648 bae0 | e28f 61d3 | 7100 0049 | c7c1 1004 | 0000 7d07 | 49c7 c100 | 0400 004e | 8b1c 0a4d 
  0x000071d3c1341a18: 8d5b 014e | 891c 0a0f | 8dee 0300 | 0048 8bd1 

  0x000071d3c1341a28: ;   {metadata(method data for {method} {0x000071d3618fcef8} 'process' '(Ljava/io/File;Ljava/lang/String;)Lcom/devhub/ocr/CP/CPA0_0101/mod/CPA0_0101Service$PreprocessResult;' in 'com/devhub/ocr/CP/CPA0_0101/mod/CPA0_0101Service')}
  0x000071d3c1341a28: 49b9 e0e2 | 8f61 d371 | 0000 8b52 | 0849 ba00 | 0000 63d3 | 7100 0049 | 03d2 493b | 91a0 0300 
  0x000071d3c1341a48: 0075 0d49 | 8381 a803 | 0000 01e9 | 6000 0000 | 493b 91b0 | 0300 0075 | 0d49 8381 | b803 0000 
  0x000071d3c1341a68: 01e9 4a00 | 0000 4983 | b9a0 0300 | 0000 7517 | 4989 91a0 | 0300 0049 | c781 a803 | 0000 0100 
  0x000071d3c1341a88: 0000 e929 | 0000 0049 | 83b9 b003 | 0000 0075 | 1749 8991 | b003 0000 | 49c7 81b8 | 0300 0001 
  0x000071d3c1341aa8: 0000 00e9 | 0800 0000 | 4983 8190 | 0300 0001 

  0x000071d3c1341ab8: ;   {metadata(method data for {method} {0x000071d361a6b490} 'get' '(II)I' in 'boofcv/struct/image/GrayI')}
  0x000071d3c1341ab8: 48ba c07b | aa61 d371 | 0000 448b | 8af4 0000 | 0041 83c1 | 0244 898a | f400 0000 | 4181 e1fe 
  0x000071d3c1341ad8: ff1f 0045 | 85c9 0f84 | cb1a 0000 

  0x000071d3c1341ae4: ;   {metadata(method data for {method} {0x000071d361a6b490} 'get' '(II)I' in 'boofcv/struct/image/GrayI')}
  0x000071d3c1341ae4: 488b d149 | b9c0 7baa | 61d3 7100 | 0049 8381 | 3801 0000 

  0x000071d3c1341af8: ;   {metadata(method data for {method} {0x000071d361a5e280} 'isInBounds' '(II)Z' in 'boofcv/struct/image/ImageBase')}
  0x000071d3c1341af8: 0148 ba00 | c0aa 61d3 | 7100 0044 | 8b8a f400 | 0000 4183 | c102 4489 | 8af4 0000 | 0041 81e1 
  0x000071d3c1341b18: feff 1f00 | 4585 c90f | 84ab 1a00 | 0045 85c0 

  0x000071d3c1341b28: ;   {metadata(method data for {method} {0x000071d361a5e280} 'isInBounds' '(II)Z' in 'boofcv/struct/image/ImageBase')}
  0x000071d3c1341b28: 48ba 00c0 | aa61 d371 | 0000 49c7 | c138 0100 | 007c 0749 | c7c1 4801 | 0000 4e8b | 1c0a 4d8d 
  0x000071d3c1341b48: 5b01 4e89 | 1c0a 0f8c | 9100 0000 | 8b51 1444 

  0x000071d3c1341b58: ;   {metadata(method data for {method} {0x000071d361a5e280} 'isInBounds' '(II)Z' in 'boofcv/struct/image/ImageBase')}
  0x000071d3c1341b58: 3bc2 48ba | 00c0 aa61 | d371 0000 | 49c7 c158 | 0100 007d | 0749 c7c1 | 6801 0000 | 4e8b 1c0a 
  0x000071d3c1341b78: 4d8d 5b01 | 4e89 1c0a | 0f8d 5f00 | 0000 85ff 

  0x000071d3c1341b88: ;   {metadata(method data for {method} {0x000071d361a5e280} 'isInBounds' '(II)Z' in 'boofcv/struct/image/ImageBase')}
  0x000071d3c1341b88: 48ba 00c0 | aa61 d371 | 0000 49c7 | c178 0100 | 007c 0749 | c7c1 8801 | 0000 4e8b | 1c0a 4d8d 
  0x000071d3c1341ba8: 5b01 4e89 | 1c0a 0f8c | 3100 0000 | 8b51 183b 

  0x000071d3c1341bb8: ;   {metadata(method data for {method} {0x000071d361a5e280} 'isInBounds' '(II)Z' in 'boofcv/struct/image/ImageBase')}
  0x000071d3c1341bb8: fa48 ba00 | c0aa 61d3 | 7100 0049 | c7c1 a801 | 0000 7c07 | 49c7 c198 | 0100 004e | 8b1c 0a4d 
  0x000071d3c1341bd8: 8d5b 014e | 891c 0a0f | 8c0a 0000 | 00ba 0000 | 0000 e915 

  0x000071d3c1341bec: ;   {metadata(method data for {method} {0x000071d361a5e280} 'isInBounds' '(II)Z' in 'boofcv/struct/image/ImageBase')}
  0x000071d3c1341bec: 0000 0048 | ba00 c0aa | 61d3 7100 | 00ff 82b8 | 0100 00ba | 0100 0000 | 83e2 0185 

  0x000071d3c1341c08: ;   {metadata(method data for {method} {0x000071d361a6b490} 'get' '(II)I' in 'boofcv/struct/image/GrayI')}
  0x000071d3c1341c08: d248 bac0 | 7baa 61d3 | 7100 0049 | c7c1 8001 | 0000 7407 | 49c7 c170 | 0100 004e | 8b1c 0a4d 
  0x000071d3c1341c28: 8d5b 014e | 891c 0a0f | 8499 1200 | 0048 8bd1 

  0x000071d3c1341c38: ;   {metadata(method data for {method} {0x000071d361a6b490} 'get' '(II)I' in 'boofcv/struct/image/GrayI')}
  0x000071d3c1341c38: 49b9 c07b | aa61 d371 | 0000 4983 | 81d8 0100 

  0x000071d3c1341c48: ;   {metadata(method data for {method} {0x000071d361a6db38} 'unsafe_get' '(II)I' in 'boofcv/struct/image/GrayU8')}
  0x000071d3c1341c48: 0001 48ba | 087e aa61 | d371 0000 | 448b 8af4 | 0000 0041 | 83c1 0244 | 898a f400 | 0000 4181 
  0x000071d3c1341c68: e1fe ff1f | 0045 85c9 | 0f84 7b19 | 0000 8b51 | 244c 8bc9 

  0x000071d3c1341c7c: ;   {metadata(method data for {method} {0x000071d361a6db38} 'unsafe_get' '(II)I' in 'boofcv/struct/image/GrayU8')}
  0x000071d3c1341c7c: 49bb 087e | aa61 d371 | 0000 458b | 4908 49ba | 0000 0063 | d371 0000 | 4d03 ca4d | 3b8b 4801 
  0x000071d3c1341c9c: 0000 750d | 4983 8350 | 0100 0001 | e960 0000 | 004d 3b8b | 5801 0000 | 750d 4983 | 8360 0100 
  0x000071d3c1341cbc: 0001 e94a | 0000 0049 | 83bb 4801 | 0000 0075 | 174d 898b | 4801 0000 | 49c7 8350 | 0100 0001 
  0x000071d3c1341cdc: 0000 00e9 | 2900 0000 | 4983 bb58 | 0100 0000 | 7517 4d89 | 8b58 0100 | 0049 c783 | 6001 0000 
  0x000071d3c1341cfc: 0100 0000 | e908 0000 | 0049 8383 | 3801 0000 

  0x000071d3c1341d0c: ;   {metadata(method data for {method} {0x000071d361a5e360} 'getIndex' '(II)I' in 'boofcv/struct/image/ImageBase')}
  0x000071d3c1341d0c: 0149 b910 | c2aa 61d3 | 7100 0045 | 8b99 f400 | 0000 4183 | c302 4589 | 99f4 0000 | 0041 81e3 
  0x000071d3c1341d2c: feff 1f00 | 4585 db0f | 84d9 1800 | 0044 8b49 | 0c44 8b59 | 1044 0faf | df45 03cb | 4503 c844 
  0x000071d3c1341d4c: 3b4a 0c0f | 83e8 1800 | 004d 63c9 | 420f be54 | 0a10 81e2 | ff00 0000 | 81e2 ff00 | 0000 3b78 
  0x000071d3c1341d6c: 0c0f 83d8 | 1800 004c | 63cf 468b | 4c88 1081 | fa80 0000 

  0x000071d3c1341d80: ;   {metadata(method data for {method} {0x000071d3618fcef8} 'process' '(Ljava/io/File;Ljava/lang/String;)Lcom/devhub/ocr/CP/CPA0_0101/mod/CPA0_0101Service$PreprocessResult;' in 'com/devhub/ocr/CP/CPA0_0101/mod/CPA0_0101Service')}
  0x000071d3c1341d80: 0049 bbe0 | e28f 61d3 | 7100 0049 | c7c5 c803 | 0000 7d07 | 49c7 c5d8 | 0300 004f | 8b34 2b4d 
  0x000071d3c1341da0: 8d76 014f | 8934 2b0f | 8d1c 0000 

  0x000071d3c1341dac: ;   {metadata(method data for {method} {0x000071d3618fcef8} 'process' '(Ljava/io/File;Ljava/lang/String;)Lcom/devhub/ocr/CP/CPA0_0101/mod/CPA0_0101Service$PreprocessResult;' in 'com/devhub/ocr/CP/CPA0_0101/mod/CPA0_0101Service')}
  0x000071d3c1341dac: 0049 bbe0 | e28f 61d3 | 7100 0041 | ff83 e803 | 0000 41bb | 0100 0000 | e906 0000 | 0041 bb00 
  0x000071d3c1341dcc: 0000 0045 | 3b41 0c0f | 838a 1800 | 0049 63d0 | 4d8b eb41 | 83e5 0145 | 8b71 0849 | ba00 0000 
  0x000071d3c1341dec: 63d3 7100 | 004d 03f2 | 458b 7608 | 4181 e600 | 0400 0045 | 85f6 4d0f | 44eb 4588 | 6c11 1041 
  0x000071d3c1341e0c: ffc0 e995 | fbff ffff | c7e9 f6fa | ffff 89bc | 248c 0100 | 004c 8b8c | 24d8 0000 

  0x000071d3c1341e28: ;   {metadata(method data for {method} {0x000071d3618fcef8} 'process' '(Ljava/io/File;Ljava/lang/String;)Lcom/devhub/ocr/CP/CPA0_0101/mod/CPA0_0101Service$PreprocessResult;' in 'com/devhub/ocr/CP/CPA0_0101/mod/CPA0_0101Service')}
  0x000071d3c1341e28: 0048 bae0 | e28f 61d3 | 7100 0048 | 8382 4004 | 0000 0148 | 8bd0 488b | b424 d800 

  0x000071d3c1341e44: ;   {optimized virtual_call}
  0x000071d3c1341e44: 0000 90e8 

  0x000071d3c1341e48: ; ImmutableOopMap {[216]=Oop [336]=Oop [344]=Oop [352]=Oop [360]=Oop [376]=Oop [384]=Oop [400]=Oop [408]=Oop }
                      ;*invokevirtual connectedComponentBoundingBoxes {reexecute=0 rethrow=0 return_oop=0}
                      ; - com.devhub.ocr.CP.CPA0_0101.mod.CPA0_0101Service::process@253 (line 84)
  0x000071d3c1341e48: 921d 0000 

  0x000071d3c1341e4c: ;   {other}
  0x000071d3c1341e4c: 0f1f 8400 | bc13 000b | 4889 8424 | a801 0000 | 0f1f 4000 

  0x000071d3c1341e60: ;   {metadata('com/devhub/ocr/CP/CPA0_0101/mod/CPA0_0101Service$PreprocessResult')}
  0x000071d3c1341e60: 48ba e8dc | 5d64 d371 | 0000 e91b | 1800 0048 | 8984 24a0 | 0100 0048 

  0x000071d3c1341e78: ;   {metadata(method data for {method} {0x000071d3618fcef8} 'process' '(Ljava/io/File;Ljava/lang/String;)Lcom/devhub/ocr/CP/CPA0_0101/mod/CPA0_0101Service$PreprocessResult;' in 'com/devhub/ocr/CP/CPA0_0101/mod/CPA0_0101Service')}
  0x000071d3c1341e78: 8bf0 48bb | e0e2 8f61 | d371 0000 | 4883 8378 | 0400 0001 

  0x000071d3c1341e8c: ;   {optimized virtual_call}
  0x000071d3c1341e8c: 488b f0e8 

  0x000071d3c1341e90: ; ImmutableOopMap {[216]=Oop [336]=Oop [344]=Oop [352]=Oop [360]=Oop [376]=Oop [384]=Oop [400]=Oop [408]=Oop [416]=Oop [424]=Oop }
                      ;*invokespecial <init> {reexecute=0 rethrow=0 return_oop=0}
                      ; - com.devhub.ocr.CP.CPA0_0101.mod.CPA0_0101Service::process@262 (line 87)
  0x000071d3c1341e90: c11b 0000 

  0x000071d3c1341e94: ;   {other}
  0x000071d3c1341e94: 0f1f 8400 | 0414 000c | 488b 8424 | a001 0000 | c5fb 108c | 2448 0200 | 0066 6690 

  0x000071d3c1341eb0: ; implicit exception: dispatches to 0x000071d3c1343697
  0x000071d3c1341eb0: c5fb 1188 | 1000 0000 

  0x000071d3c1341eb8: ;   {metadata('net/sourceforge/tess4j/Tesseract')}
  0x000071d3c1341eb8: 48ba c0ae | 5f64 d371 | 0000 e905 | 1800 0048 | 8984 24b0 | 0100 0048 

  0x000071d3c1341ed0: ;   {metadata(method data for {method} {0x000071d3618fcef8} 'process' '(Ljava/io/File;Ljava/lang/String;)Lcom/devhub/ocr/CP/CPA0_0101/mod/CPA0_0101Service$PreprocessResult;' in 'com/devhub/ocr/CP/CPA0_0101/mod/CPA0_0101Service')}
  0x000071d3c1341ed0: 8bf0 48bb | e0e2 8f61 | d371 0000 | 4883 8388 | 0400 0001 

  0x000071d3c1341ee4: ;   {optimized virtual_call}
  0x000071d3c1341ee4: 488b f0e8 

  0x000071d3c1341ee8: ; ImmutableOopMap {[216]=Oop [336]=Oop [344]=Oop [352]=Oop [360]=Oop [376]=Oop [384]=Oop [400]=Oop [408]=Oop [416]=Oop [424]=Oop [432]=Oop }
                      ;*invokespecial <init> {reexecute=0 rethrow=0 return_oop=0}
                      ; - com.devhub.ocr.CP.CPA0_0101.mod.CPA0_0101Service::process@278 (line 90)
  0x000071d3c1341ee8: 791b 0000 

  0x000071d3c1341eec: ;   {other}
  0x000071d3c1341eec: 0f1f 8400 | 5c14 000d | 4c8b 8424 | 5801 0000 

  0x000071d3c1341efc: ;   {metadata(method data for {method} {0x000071d3618fcef8} 'process' '(Ljava/io/File;Ljava/lang/String;)Lcom/devhub/ocr/CP/CPA0_0101/mod/CPA0_0101Service$PreprocessResult;' in 'com/devhub/ocr/CP/CPA0_0101/mod/CPA0_0101Service')}
  0x000071d3c1341efc: 4d85 c048 | bae0 e28f | 61d3 7100 | 0048 c7c6 | a804 0000 | 7507 48c7 | c698 0400 | 0048 8b3c 
  0x000071d3c1341f1c: 3248 8d7f | 0148 893c | 320f 8515 | 0000 0048 | 8b84 24a8 | 0100 004c | 8984 2458 | 0100 00e9 
  0x000071d3c1341f3c: a401 0000 

  0x000071d3c1341f40: ; implicit exception: dispatches to 0x000071d3c13436d9
  0x000071d3c1341f40: 493b 0049 

  0x000071d3c1341f44: ;   {metadata(method data for {method} {0x000071d3618fcef8} 'process' '(Ljava/io/File;Ljava/lang/String;)Lcom/devhub/ocr/CP/CPA0_0101/mod/CPA0_0101Service$PreprocessResult;' in 'com/devhub/ocr/CP/CPA0_0101/mod/CPA0_0101Service')}
  0x000071d3c1341f44: 8bd0 48be | e0e2 8f61 | d371 0000 | 4883 86b8 | 0400 0001 

  0x000071d3c1341f58: ;   {metadata(method data for {method} {0x000071d36300ef38} 'isEmpty' '()Z' in 'java/lang/String')}
  0x000071d3c1341f58: 48ba c00b | 015f d371 | 0000 8bb2 | f400 0000 | 83c6 0289 | b2f4 0000 | 0081 e6fe | ff1f 0085 
  0x000071d3c1341f78: f60f 845f | 1700 0041 | 8b50 148b | 520c 85d2 

  0x000071d3c1341f88: ;   {metadata(method data for {method} {0x000071d36300ef38} 'isEmpty' '()Z' in 'java/lang/String')}
  0x000071d3c1341f88: 48ba c00b | 015f d371 | 0000 48c7 | c638 0100 | 0075 0748 | c7c6 4801 | 0000 488b | 3c32 488d 
  0x000071d3c1341fa8: 7f01 4889 | 3c32 0f85 | 1a00 0000 

  0x000071d3c1341fb4: ;   {metadata(method data for {method} {0x000071d36300ef38} 'isEmpty' '()Z' in 'java/lang/String')}
  0x000071d3c1341fb4: 48ba c00b | 015f d371 | 0000 ff82 | 5801 0000 | ba01 0000 | 00e9 0500 | 0000 ba00 | 0000 0083 
  0x000071d3c1341fd4: e201 85d2 

  0x000071d3c1341fd8: ;   {metadata(method data for {method} {0x000071d3618fcef8} 'process' '(Ljava/io/File;Ljava/lang/String;)Lcom/devhub/ocr/CP/CPA0_0101/mod/CPA0_0101Service$PreprocessResult;' in 'com/devhub/ocr/CP/CPA0_0101/mod/CPA0_0101Service')}
  0x000071d3c1341fd8: 48ba e0e2 | 8f61 d371 | 0000 48c7 | c600 0500 | 0074 0748 | c7c6 f004 | 0000 488b | 3c32 488d 
  0x000071d3c1341ff8: 7f01 4889 | 3c32 0f84 | 1500 0000 | 488b 8424 | a801 0000 | 4c89 8424 | 5801 0000 | e9cb 0000 
  0x000071d3c1342018: 0048 8b84 | 24b0 0100 

  0x000071d3c1342020: ;   {metadata(method data for {method} {0x000071d3618fcef8} 'process' '(Ljava/io/File;Ljava/lang/String;)Lcom/devhub/ocr/CP/CPA0_0101/mod/CPA0_0101Service$PreprocessResult;' in 'com/devhub/ocr/CP/CPA0_0101/mod/CPA0_0101Service')}
  0x000071d3c1342020: 0048 bae0 | e28f 61d3 | 7100 008b | 4008 49ba | 0000 0063 | d371 0000 | 4903 c248 | 3b82 2005 
  0x000071d3c1342040: 0000 750d | 4883 8228 | 0500 0001 | e960 0000 | 0048 3b82 | 3005 0000 | 750d 4883 | 8238 0500 
  0x000071d3c1342060: 0001 e94a | 0000 0048 | 83ba 2005 | 0000 0075 | 1748 8982 | 2005 0000 | 48c7 8228 | 0500 0001 
  0x000071d3c1342080: 0000 00e9 | 2900 0000 | 4883 ba30 | 0500 0000 | 7517 4889 | 8230 0500 | 0048 c782 | 3805 0000 
  0x000071d3c13420a0: 0100 0000 | e908 0000 | 0048 8382 | 1005 0000 | 0149 8bd0 | 488b b424 | b001 0000 | 4c89 8424 
  0x000071d3c13420c0: 5801 0000 | 9048 b8f0 | ea10 acd3 

  0x000071d3c13420cc: ;   {virtual_call}
  0x000071d3c13420cc: 7100 00e8 

  0x000071d3c13420d0: ; ImmutableOopMap {[216]=Oop [336]=Oop [344]=Oop [352]=Oop [360]=Oop [376]=Oop [384]=Oop [400]=Oop [408]=Oop [416]=Oop [424]=Oop [432]=Oop }
                      ;*invokeinterface setLanguage {reexecute=0 rethrow=0 return_oop=0}
                      ; - com.devhub.ocr.CP.CPA0_0101.mod.CPA0_0101Service::process@297 (line 91)
  0x000071d3c13420d0: e199 a406 

  0x000071d3c13420d4: ;   {other}
  0x000071d3c13420d4: 0f1f 8400 | 4416 000e | 488b 8424 | a801 0000 

  0x000071d3c13420e4: ; implicit exception: dispatches to 0x000071d3c1343704
  0x000071d3c13420e4: 483b 0048 

  0x000071d3c13420e8: ;   {metadata(method data for {method} {0x000071d3618fcef8} 'process' '(Ljava/io/File;Ljava/lang/String;)Lcom/devhub/ocr/CP/CPA0_0101/mod/CPA0_0101Service$PreprocessResult;' in 'com/devhub/ocr/CP/CPA0_0101/mod/CPA0_0101Service')}
  0x000071d3c13420e8: 8bf0 48bf | e0e2 8f61 | d371 0000 | 8b76 0849 | ba00 0000 | 63d3 7100 | 0049 03f2 | 483b b758 
  0x000071d3c1342108: 0500 0075 | 0d48 8387 | 6005 0000 | 01e9 6000 | 0000 483b | b768 0500 | 0075 0d48 | 8387 7005 
  0x000071d3c1342128: 0000 01e9 | 4a00 0000 | 4883 bf58 | 0500 0000 | 7517 4889 | b758 0500 | 0048 c787 | 6005 0000 
  0x000071d3c1342148: 0100 0000 | e929 0000 | 0048 83bf | 6805 0000 | 0075 1748 | 89b7 6805 | 0000 48c7 | 8770 0500 
  0x000071d3c1342168: 0001 0000 | 00e9 0800 | 0000 4883 | 8748 0500 | 0001 488b | f048 b8c8 | ad0b 63d3 

  0x000071d3c1342184: ;   {virtual_call}
  0x000071d3c1342184: 7100 00e8 

  0x000071d3c1342188: ; ImmutableOopMap {[216]=Oop [336]=Oop [344]=Oop [352]=Oop [360]=Oop [376]=Oop [384]=Oop [400]=Oop [408]=Oop [416]=Oop [424]=Oop [432]=Oop }
                      ;*invokeinterface iterator {reexecute=0 rethrow=0 return_oop=0}
                      ; - com.devhub.ocr.CP.CPA0_0101.mod.CPA0_0101Service::process@304 (line 93)
  0x000071d3c1342188: 946d 0e07 

  0x000071d3c134218c: ;   {other}
  0x000071d3c134218c: 0f1f 8400 | fc16 000f | 4889 8424 | b801 0000 

  0x000071d3c134219c: ;   {metadata(method data for {method} {0x000071d3618fcef8} 'process' '(Ljava/io/File;Ljava/lang/String;)Lcom/devhub/ocr/CP/CPA0_0101/mod/CPA0_0101Service$PreprocessResult;' in 'com/devhub/ocr/CP/CPA0_0101/mod/CPA0_0101Service')}
  0x000071d3c134219c: 48be e0e2 | 8f61 d371 | 0000 ff86 | 8005 0000 | 0f1f 4000 

  0x000071d3c13421b0: ; implicit exception: dispatches to 0x000071d3c1343709
  0x000071d3c13421b0: 483b 0048 

  0x000071d3c13421b4: ;   {metadata(method data for {method} {0x000071d3618fcef8} 'process' '(Ljava/io/File;Ljava/lang/String;)Lcom/devhub/ocr/CP/CPA0_0101/mod/CPA0_0101Service$PreprocessResult;' in 'com/devhub/ocr/CP/CPA0_0101/mod/CPA0_0101Service')}
  0x000071d3c13421b4: 8bf0 49b8 | e0e2 8f61 | d371 0000 | 8b76 0849 | ba00 0000 | 63d3 7100 | 0049 03f2 | 493b b058 
  0x000071d3c13421d4: 0900 0075 | 0d49 8380 | 6009 0000 | 01e9 6000 | 0000 493b | b068 0900 | 0075 0d49 | 8380 7009 
  0x000071d3c13421f4: 0000 01e9 | 4a00 0000 | 4983 b858 | 0900 0000 | 7517 4989 | b058 0900 | 0049 c780 | 6009 0000 
  0x000071d3c1342214: 0100 0000 | e929 0000 | 0049 83b8 | 6809 0000 | 0075 1749 | 89b0 6809 | 0000 49c7 | 8070 0900 
  0x000071d3c1342234: 0001 0000 | 00e9 0800 | 0000 4983 | 8048 0900 | 0001 488b | f00f 1f40 | 0048 b8b0 | 6f18 63d3 
  0x000071d3c1342254: ;   {virtual_call}
  0x000071d3c1342254: 7100 00e8 

  0x000071d3c1342258: ; ImmutableOopMap {[216]=Oop [336]=Oop [344]=Oop [352]=Oop [360]=Oop [376]=Oop [384]=Oop [400]=Oop [408]=Oop [416]=Oop [424]=Oop [432]=Oop [440]=Oop }
                      ;*invokeinterface hasNext {reexecute=0 rethrow=0 return_oop=0}
                      ; - com.devhub.ocr.CP.CPA0_0101.mod.CPA0_0101Service::process@539 (line 93)
  0x000071d3c1342258: a447 0707 

  0x000071d3c134225c: ;   {other}
  0x000071d3c134225c: 0f1f 8400 | cc17 0010 | 85c0 be02 | 0000 0075 | 05be 0000 

  0x000071d3c1342270: ;   {metadata(method data for {method} {0x000071d3618fcef8} 'process' '(Ljava/io/File;Ljava/lang/String;)Lcom/devhub/ocr/CP/CPA0_0101/mod/CPA0_0101Service$PreprocessResult;' in 'com/devhub/ocr/CP/CPA0_0101/mod/CPA0_0101Service')}
  0x000071d3c1342270: 0000 48bf | e0e2 8f61 | d371 0000 | 8b9f f800 | 0000 03de | 899f f800 | 0000 85f6 | 7505 bb02 
  0x000071d3c1342290: 0000 0081 | e3fe 3f00 | 0085 db0f | 846d 1400 | 004d 8b97 

  0x000071d3c13422a4: ; ImmutableOopMap {[216]=Oop [336]=Oop [344]=Oop [352]=Oop [360]=Oop [376]=Oop [384]=Oop [400]=Oop [408]=Oop [416]=Oop [424]=Oop [432]=Oop [440]=Oop }
                      ;*ifne {reexecute=1 rethrow=0 return_oop=0}
                      ; - (reexecute) com.devhub.ocr.CP.CPA0_0101.mod.CPA0_0101Service::process@544 (line 93)
  0x000071d3c13422a4: 5004 0000 

  0x000071d3c13422a8: ;   {poll}
  0x000071d3c13422a8: 4185 0285 

  0x000071d3c13422ac: ;   {metadata(method data for {method} {0x000071d3618fcef8} 'process' '(Ljava/io/File;Ljava/lang/String;)Lcom/devhub/ocr/CP/CPA0_0101/mod/CPA0_0101Service$PreprocessResult;' in 'com/devhub/ocr/CP/CPA0_0101/mod/CPA0_0101Service')}
  0x000071d3c13422ac: c048 bee0 | e28f 61d3 | 7100 0048 | c7c7 9009 | 0000 7407 | 48c7 c780 | 0900 0048 | 8b1c 3e48 
  0x000071d3c13422cc: 8d5b 0148 | 891c 3e0f | 84d7 0b00 | 0048 8b84 | 24b8 0100 

  0x000071d3c13422e0: ;   {metadata(method data for {method} {0x000071d3618fcef8} 'process' '(Ljava/io/File;Ljava/lang/String;)Lcom/devhub/ocr/CP/CPA0_0101/mod/CPA0_0101Service$PreprocessResult;' in 'com/devhub/ocr/CP/CPA0_0101/mod/CPA0_0101Service')}
  0x000071d3c13422e0: 0048 bee0 | e28f 61d3 | 7100 008b | 4008 49ba | 0000 0063 | d371 0000 | 4903 c248 | 3b86 a805 
  0x000071d3c1342300: 0000 750d | 4883 86b0 | 0500 0001 | e960 0000 | 0048 3b86 | b805 0000 | 750d 4883 | 86c0 0500 
  0x000071d3c1342320: 0001 e94a | 0000 0048 | 83be a805 | 0000 0075 | 1748 8986 | a805 0000 | 48c7 86b0 | 0500 0001 
  0x000071d3c1342340: 0000 00e9 | 2900 0000 | 4883 beb8 | 0500 0000 | 7517 4889 | 86b8 0500 | 0048 c786 | c005 0000 
  0x000071d3c1342360: 0100 0000 | e908 0000 | 0048 8386 | 9805 0000 | 0148 8bb4 | 24b8 0100 | 000f 1f40 | 0048 b8b0 
  0x000071d3c1342380: 6f18 63d3 

  0x000071d3c1342384: ;   {virtual_call}
  0x000071d3c1342384: 7100 00e8 

  0x000071d3c1342388: ; ImmutableOopMap {[216]=Oop [336]=Oop [344]=Oop [352]=Oop [360]=Oop [376]=Oop [384]=Oop [400]=Oop [408]=Oop [416]=Oop [424]=Oop [432]=Oop [440]=Oop }
                      ;*invokeinterface next {reexecute=0 rethrow=0 return_oop=0}
                      ; - com.devhub.ocr.CP.CPA0_0101.mod.CPA0_0101Service::process@316 (line 93)
  0x000071d3c1342388: 1491 0807 

  0x000071d3c134238c: ;   {other}
  0x000071d3c134238c: 0f1f 8400 | fc18 0012 | 4885 c075 

  0x000071d3c1342398: ;   {metadata(method data for {method} {0x000071d3618fcef8} 'process' '(Ljava/io/File;Ljava/lang/String;)Lcom/devhub/ocr/CP/CPA0_0101/mod/CPA0_0101Service$PreprocessResult;' in 'com/devhub/ocr/CP/CPA0_0101/mod/CPA0_0101Service')}
  0x000071d3c1342398: 1648 bbe0 | e28f 61d3 | 7100 0080 | 8bc9 0500 | 0001 e9cd 

  0x000071d3c13423ac: ;   {metadata({type array int})}
  0x000071d3c13423ac: 0000 0048 | bf08 2700 | 63d3 7100 | 008b 5808 | 49ba 0000 | 0063 d371 | 0000 4903 | da48 3b7b 
  0x000071d3c13423cc: 380f 858d 

  0x000071d3c13423d0: ;   {metadata(method data for {method} {0x000071d3618fcef8} 'process' '(Ljava/io/File;Ljava/lang/String;)Lcom/devhub/ocr/CP/CPA0_0101/mod/CPA0_0101Service$PreprocessResult;' in 'com/devhub/ocr/CP/CPA0_0101/mod/CPA0_0101Service')}
  0x000071d3c13423d0: 0000 0048 | bbe0 e28f | 61d3 7100 | 008b 7808 | 49ba 0000 | 0063 d371 | 0000 4903 | fa48 3bbb 
  0x000071d3c13423f0: e005 0000 | 750d 4883 | 83e8 0500 | 0001 e979 | 0000 0048 | 3bbb f005 | 0000 750d | 4883 83f8 
  0x000071d3c1342410: 0500 0001 | e963 0000 | 0048 83bb | e005 0000 | 0075 1748 | 89bb e005 | 0000 48c7 | 83e8 0500 
  0x000071d3c1342430: 0001 0000 | 00e9 4200 | 0000 4883 | bbf0 0500 | 0000 7517 | 4889 bbf0 | 0500 0048 | c783 f805 
  0x000071d3c1342450: 0000 0100 | 0000 e921 | 0000 00e9 | 1c00 0000 

  0x000071d3c1342460: ;   {metadata(method data for {method} {0x000071d3618fcef8} 'process' '(Ljava/io/File;Ljava/lang/String;)Lcom/devhub/ocr/CP/CPA0_0101/mod/CPA0_0101Service$PreprocessResult;' in 'com/devhub/ocr/CP/CPA0_0101/mod/CPA0_0101Service')}
  0x000071d3c1342460: 48bb e0e2 | 8f61 d371 | 0000 4883 | abd0 0500 | 0001 e9b8 | 1200 00e9 | 0000 0000 | 488b f848 
  0x000071d3c1342480: 89bc 24d8 | 0100 0083 | 7f0c 000f | 86b1 1200 | 008b 5f10 | 899c 24d0 | 0100 0083 | 7f0c 010f 
  0x000071d3c13424a0: 86af 1200 | 008b 4714 | 8984 24d4 | 0100 0083 | 7f0c 020f | 86ad 1200 | 008b 5718 | 8994 24c4 
  0x000071d3c13424c0: 0100 0083 | 7f0c 030f | 86ab 1200 | 008b 4f1c | 898c 24cc | 0100 0083 

  0x000071d3c13424d8: ;   {metadata(method data for {method} {0x000071d3618fcef8} 'process' '(Ljava/io/File;Ljava/lang/String;)Lcom/devhub/ocr/CP/CPA0_0101/mod/CPA0_0101Service$PreprocessResult;' in 'com/devhub/ocr/CP/CPA0_0101/mod/CPA0_0101Service')}
  0x000071d3c13424d8: fa10 48be | e0e2 8f61 | d371 0000 | 49c7 c008 | 0600 007c | 0749 c7c0 | 1806 0000 | 4e8b 0c06 
  0x000071d3c13424f8: 4d8d 4901 | 4e89 0c06 | 0f8c 4a08 | 0000 83f9 

  0x000071d3c1342508: ;   {metadata(method data for {method} {0x000071d3618fcef8} 'process' '(Ljava/io/File;Ljava/lang/String;)Lcom/devhub/ocr/CP/CPA0_0101/mod/CPA0_0101Service$PreprocessResult;' in 'com/devhub/ocr/CP/CPA0_0101/mod/CPA0_0101Service')}
  0x000071d3c1342508: 0848 bee0 | e28f 61d3 | 7100 0049 | c7c0 3806 | 0000 7c07 | 49c7 c028 | 0600 004e | 8b0c 064d 
  0x000071d3c1342528: 8d49 014e | 890c 060f | 8c5e 0900 | 0048 8bf2 | 0faf f181 | fec8 0000 

  0x000071d3c1342540: ;   {metadata(method data for {method} {0x000071d3618fcef8} 'process' '(Ljava/io/File;Ljava/lang/String;)Lcom/devhub/ocr/CP/CPA0_0101/mod/CPA0_0101Service$PreprocessResult;' in 'com/devhub/ocr/CP/CPA0_0101/mod/CPA0_0101Service')}
  0x000071d3c1342540: 0048 bee0 | e28f 61d3 | 7100 0049 | c7c0 7006 | 0000 7c07 | 49c7 c060 | 0600 004e | 8b0c 064d 
  0x000071d3c1342560: 8d49 014e | 890c 060f | 8c09 0900 

  0x000071d3c134256c: ;   {metadata(method data for {method} {0x000071d3618fcef8} 'process' '(Ljava/io/File;Ljava/lang/String;)Lcom/devhub/ocr/CP/CPA0_0101/mod/CPA0_0101Service$PreprocessResult;' in 'com/devhub/ocr/CP/CPA0_0101/mod/CPA0_0101Service')}
  0x000071d3c134256c: 0048 bee0 | e28f 61d3 | 7100 0048 | 8386 9806 

  0x000071d3c134257c: ;   {metadata(method data for {method} {0x000071d363428128} 'max' '(II)I' in 'java/lang/Math')}
  0x000071d3c134257c: 0000 0148 | bec8 d100 | 5fd3 7100 | 0044 8b86 | f400 0000 | 4183 c002 | 4489 86f4 | 0000 0041 
  0x000071d3c134259c: 81e0 feff | 1f00 4585 | c00f 84df | 1100 0085 

  0x000071d3c13425ac: ;   {metadata(method data for {method} {0x000071d363428128} 'max' '(II)I' in 'java/lang/Math')}
  0x000071d3c13425ac: db48 bec8 | d100 5fd3 | 7100 0049 | c7c0 3801 | 0000 7f07 | 49c7 c048 | 0100 004e | 8b0c 064d 
  0x000071d3c13425cc: 8d49 014e | 890c 060f | 8f1b 0000 

  0x000071d3c13425d8: ;   {metadata(method data for {method} {0x000071d363428128} 'max' '(II)I' in 'java/lang/Math')}
  0x000071d3c13425d8: 0048 bec8 | d100 5fd3 | 7100 00ff | 8658 0100 | 0041 b800 | 0000 00e9 | 0300 0000 

  0x000071d3c13425f4: ;   {metadata(method data for {method} {0x000071d3618fcef8} 'process' '(Ljava/io/File;Ljava/lang/String;)Lcom/devhub/ocr/CP/CPA0_0101/mod/CPA0_0101Service$PreprocessResult;' in 'com/devhub/ocr/CP/CPA0_0101/mod/CPA0_0101Service')}
  0x000071d3c13425f4: 4c8b c348 | bee0 e28f | 61d3 7100 | 0048 8386 | a806 0000 

  0x000071d3c1342608: ;   {metadata(method data for {method} {0x000071d363428128} 'max' '(II)I' in 'java/lang/Math')}
  0x000071d3c1342608: 0148 bec8 | d100 5fd3 | 7100 0044 | 8b8e f400 | 0000 4183 | c102 4489 | 8ef4 0000 | 0041 81e1 
  0x000071d3c1342628: feff 1f00 | 4585 c90f | 8476 1100 

  0x000071d3c1342634: ;   {metadata(method data for {method} {0x000071d363428128} 'max' '(II)I' in 'java/lang/Math')}
  0x000071d3c1342634: 0085 c048 | bec8 d100 | 5fd3 7100 | 0049 c7c1 | 3801 0000 | 7f07 49c7 | c148 0100 | 004e 8b1c 
  0x000071d3c1342654: 0e4d 8d5b | 014e 891c | 0e0f 8f1b 

  0x000071d3c1342660: ;   {metadata(method data for {method} {0x000071d363428128} 'max' '(II)I' in 'java/lang/Math')}
  0x000071d3c1342660: 0000 0048 | bec8 d100 | 5fd3 7100 | 00ff 8658 | 0100 0041 | b900 0000 | 00e9 0300 | 0000 4c8b 
  0x000071d3c1342680: c844 898c | 24c8 0100 | 0044 8984 | 24c0 0100 | 0048 8bb4 | 2480 0100 | 000f 1f40 | 0048 b820 
  0x000071d3c13426a0: eb10 acd3 

  0x000071d3c13426a4: ;   {virtual_call}
  0x000071d3c13426a4: 7100 00e8 

  0x000071d3c13426a8: ; ImmutableOopMap {[216]=Oop [336]=Oop [344]=Oop [352]=Oop [360]=Oop [376]=Oop [384]=Oop [400]=Oop [408]=Oop [416]=Oop [424]=Oop [432]=Oop [440]=Oop [472]=Oop }
                      ;*invokevirtual getWidth {reexecute=0 rethrow=0 return_oop=0}
                      ; - com.devhub.ocr.CP.CPA0_0101.mod.CPA0_0101Service::process@401 (line 102)
  0x000071d3c13426a8: 8586 a406 

  0x000071d3c13426ac: ;   {other}
  0x000071d3c13426ac: 0f1f 8400 | 1c1c 0013 | 2b84 24c0 

  0x000071d3c13426b8: ;   {metadata(method data for {method} {0x000071d3618fcef8} 'process' '(Ljava/io/File;Ljava/lang/String;)Lcom/devhub/ocr/CP/CPA0_0101/mod/CPA0_0101Service$PreprocessResult;' in 'com/devhub/ocr/CP/CPA0_0101/mod/CPA0_0101Service')}
  0x000071d3c13426b8: 0100 0048 | bee0 e28f | 61d3 7100 | 0048 8386 | f006 0000 

  0x000071d3c13426cc: ;   {metadata(method data for {method} {0x000071d363428288} 'min' '(II)I' in 'java/lang/Math')}
  0x000071d3c13426cc: 0148 bee0 | cb00 5fd3 | 7100 008b | bef4 0000 | 0083 c702 | 89be f400 | 0000 81e7 | feff 1f00 
  0x000071d3c13426ec: 85ff 0f84 | d810 0000 | 8b94 24c4 | 0100 003b 

  0x000071d3c13426fc: ;   {metadata(method data for {method} {0x000071d363428288} 'min' '(II)I' in 'java/lang/Math')}
  0x000071d3c13426fc: d048 bee0 | cb00 5fd3 | 7100 0048 | c7c7 3801 | 0000 7f07 | 48c7 c748 | 0100 0048 | 8b1c 3e48 
  0x000071d3c134271c: 8d5b 0148 | 891c 3e0f | 8f18 0000 

  0x000071d3c1342728: ;   {metadata(method data for {method} {0x000071d363428288} 'min' '(II)I' in 'java/lang/Math')}
  0x000071d3c1342728: 0048 bee0 | cb00 5fd3 | 7100 00ff | 8658 0100 | 0048 8bfa | e903 0000 | 0048 8bf8 | 89bc 24e0 
  0x000071d3c1342748: 0100 0048 | 8bb4 2480 | 0100 0066 | 9048 b850 | eb10 acd3 

  0x000071d3c134275c: ;   {virtual_call}
  0x000071d3c134275c: 7100 00e8 

  0x000071d3c1342760: ; ImmutableOopMap {[216]=Oop [336]=Oop [344]=Oop [352]=Oop [360]=Oop [376]=Oop [384]=Oop [400]=Oop [408]=Oop [416]=Oop [424]=Oop [432]=Oop [440]=Oop [472]=Oop }
                      ;*invokevirtual getHeight {reexecute=0 rethrow=0 return_oop=0}
                      ; - com.devhub.ocr.CP.CPA0_0101.mod.CPA0_0101Service::process@416 (line 103)
  0x000071d3c1342760: cd85 a406 

  0x000071d3c1342764: ;   {other}
  0x000071d3c1342764: 0f1f 8400 | d41c 0014 | 2b84 24c8 

  0x000071d3c1342770: ;   {metadata(method data for {method} {0x000071d3618fcef8} 'process' '(Ljava/io/File;Ljava/lang/String;)Lcom/devhub/ocr/CP/CPA0_0101/mod/CPA0_0101Service$PreprocessResult;' in 'com/devhub/ocr/CP/CPA0_0101/mod/CPA0_0101Service')}
  0x000071d3c1342770: 0100 0048 | bae0 e28f | 61d3 7100 | 0048 8382 | 3807 0000 

  0x000071d3c1342784: ;   {metadata(method data for {method} {0x000071d363428288} 'min' '(II)I' in 'java/lang/Math')}
  0x000071d3c1342784: 0148 bae0 | cb00 5fd3 | 7100 008b | 8af4 0000 | 0083 c102 | 898a f400 | 0000 81e1 | feff 1f00 
  0x000071d3c13427a4: 85c9 0f84 | 4110 0000 | 8b8c 24cc | 0100 003b 

  0x000071d3c13427b4: ;   {metadata(method data for {method} {0x000071d363428288} 'min' '(II)I' in 'java/lang/Math')}
  0x000071d3c13427b4: c848 bae0 | cb00 5fd3 | 7100 0049 | c7c0 3801 | 0000 7f07 | 49c7 c048 | 0100 004e | 8b0c 024d 
  0x000071d3c13427d4: 8d49 014e | 890c 020f | 8f18 0000 

  0x000071d3c13427e0: ;   {metadata(method data for {method} {0x000071d363428288} 'min' '(II)I' in 'java/lang/Math')}
  0x000071d3c13427e0: 0048 bae0 | cb00 5fd3 | 7100 00ff | 8258 0100 | 0048 8bf9 | e903 0000 | 0048 8bf8 | 8b9c 24e0 
  0x000071d3c1342800: 0100 0085 

  0x000071d3c1342804: ;   {metadata(method data for {method} {0x000071d3618fcef8} 'process' '(Ljava/io/File;Ljava/lang/String;)Lcom/devhub/ocr/CP/CPA0_0101/mod/CPA0_0101Service$PreprocessResult;' in 'com/devhub/ocr/CP/CPA0_0101/mod/CPA0_0101Service')}
  0x000071d3c1342804: db48 bae0 | e28f 61d3 | 7100 0049 | c7c0 4807 | 0000 7e07 | 49c7 c058 | 0700 004e | 8b0c 024d 
  0x000071d3c1342824: 8d49 014e | 890c 020f | 8e12 0500 

  0x000071d3c1342830: ;   {metadata(method data for {method} {0x000071d3618fcef8} 'process' '(Ljava/io/File;Ljava/lang/String;)Lcom/devhub/ocr/CP/CPA0_0101/mod/CPA0_0101Service$PreprocessResult;' in 'com/devhub/ocr/CP/CPA0_0101/mod/CPA0_0101Service')}
  0x000071d3c1342830: 0085 ff48 | bae0 e28f | 61d3 7100 | 0049 c7c0 | 7807 0000 | 7e07 49c7 | c068 0700 | 004e 8b0c 
  0x000071d3c1342850: 024d 8d49 | 014e 890c | 020f 8efa | 0500 008b | 9424 c001 | 0000 8b8c | 24c8 0100 | 004c 8bc3 
  0x000071d3c1342870: 4c8b cf48 | 8bb4 2480 | 0100 0089 | bc24 e401 | 0000 899c | 24e0 0100 | 000f 1f40 | 0048 b880 
  0x000071d3c1342890: eb10 acd3 

  0x000071d3c1342894: ;   {virtual_call}
  0x000071d3c1342894: 7100 00e8 

  0x000071d3c1342898: ; ImmutableOopMap {[216]=Oop [336]=Oop [344]=Oop [352]=Oop [360]=Oop [376]=Oop [384]=Oop [400]=Oop [408]=Oop [416]=Oop [424]=Oop [432]=Oop [440]=Oop [472]=Oop }
                      ;*invokevirtual getSubimage {reexecute=0 rethrow=0 return_oop=0}
                      ; - com.devhub.ocr.CP.CPA0_0101.mod.CPA0_0101Service::process@450 (line 106)
  0x000071d3c1342898: 2328 a606 

  0x000071d3c134289c: ;   {other}
  0x000071d3c134289c: 0f1f 8400 | 0c1e 0015 | 4889 8424 | e801 0000 | 488b 9424 | b001 0000 

  0x000071d3c13428b4: ;   {metadata(method data for {method} {0x000071d3618fcef8} 'process' '(Ljava/io/File;Ljava/lang/String;)Lcom/devhub/ocr/CP/CPA0_0101/mod/CPA0_0101Service$PreprocessResult;' in 'com/devhub/ocr/CP/CPA0_0101/mod/CPA0_0101Service')}
  0x000071d3c13428b4: 48be e0e2 | 8f61 d371 | 0000 8b52 | 0849 ba00 | 0000 63d3 | 7100 0049 | 03d2 483b | 96e8 0700 
  0x000071d3c13428d4: 0075 0d48 | 8386 f007 | 0000 01e9 | 6000 0000 | 483b 96f8 | 0700 0075 | 0d48 8386 | 0008 0000 
  0x000071d3c13428f4: 01e9 4a00 | 0000 4883 | bee8 0700 | 0000 7517 | 4889 96e8 | 0700 0048 | c786 f007 | 0000 0100 
  0x000071d3c1342914: 0000 e929 | 0000 0048 | 83be f807 | 0000 0075 | 1748 8996 | f807 0000 | 48c7 8600 | 0800 0001 
  0x000071d3c1342934: 0000 00e9 | 0800 0000 | 4883 86d8 | 0700 0001 | 488b d048 | 8bb4 24b0 | 0100 0066 | 0f1f 4400 
  0x000071d3c1342954: 0048 b870 | cf10 acd3 

  0x000071d3c134295c: ;   {virtual_call}
  0x000071d3c134295c: 7100 00e8 

  0x000071d3c1342960: ; ImmutableOopMap {[216]=Oop [336]=Oop [344]=Oop [352]=Oop [360]=Oop [376]=Oop [384]=Oop [400]=Oop [408]=Oop [416]=Oop [424]=Oop [432]=Oop [440]=Oop [472]=Oop [488]=Oop }
                      ;*invokeinterface doOCR {reexecute=0 rethrow=0 return_oop=0}
                      ; - com.devhub.ocr.CP.CPA0_0101.mod.CPA0_0101Service::process@463 (line 109)
  0x000071d3c1342960: 5191 a406 

  0x000071d3c1342964: ;   {other}
  0x000071d3c1342964: 0f1f 8400 | d41e 0016 

  0x000071d3c134296c: ;   {metadata(method data for {method} {0x000071d3618fcef8} 'process' '(Ljava/io/File;Ljava/lang/String;)Lcom/devhub/ocr/CP/CPA0_0101/mod/CPA0_0101Service$PreprocessResult;' in 'com/devhub/ocr/CP/CPA0_0101/mod/CPA0_0101Service')}
  0x000071d3c134296c: 48be e0e2 | 8f61 d371 | 0000 ff86 | 1008 0000 | e913 0100 | 0049 8b87 | f804 0000 | 4d33 d24d 
  0x000071d3c134298c: 8997 f804 | 0000 4d33 | d24d 8997 | 0005 0000 

  0x000071d3c134299c: ;   {metadata(method data for {method} {0x000071d3618fcef8} 'process' '(Ljava/io/File;Ljava/lang/String;)Lcom/devhub/ocr/CP/CPA0_0101/mod/CPA0_0101Service$PreprocessResult;' in 'com/devhub/ocr/CP/CPA0_0101/mod/CPA0_0101Service')}
  0x000071d3c134299c: 488b f048 | bfe0 e28f | 61d3 7100 | 008b 7608 | 49ba 0000 | 0063 d371 | 0000 4903 | f248 3bb7 
  0x000071d3c13429bc: 3808 0000 | 750d 4883 | 8740 0800 | 0001 e960 | 0000 0048 | 3bb7 4808 | 0000 750d | 4883 8750 
  0x000071d3c13429dc: 0800 0001 | e94a 0000 | 0048 83bf | 3808 0000 | 0075 1748 | 89b7 3808 | 0000 48c7 | 8740 0800 
  0x000071d3c13429fc: 0001 0000 | 00e9 2900 | 0000 4883 | bf48 0800 | 0000 7517 | 4889 b748 | 0800 0048 | c787 5008 
  0x000071d3c1342a1c: 0000 0100 | 0000 e908 | 0000 0048 | 8387 2808 | 0000 0148 | 8bf0 4889 | 8424 f001 | 0000 6666 
  0x000071d3c1342a3c: 9048 b8ff | ffff ffff 

  0x000071d3c1342a44: ;   {virtual_call}
  0x000071d3c1342a44: ffff ffe8 

  0x000071d3c1342a48: ; ImmutableOopMap {[216]=Oop [336]=Oop [344]=Oop [352]=Oop [360]=Oop [376]=Oop [384]=Oop [400]=Oop [408]=Oop [416]=Oop [424]=Oop [432]=Oop [440]=Oop [472]=Oop [488]=Oop [496]=Oop }
                      ;*invokevirtual getMessage {reexecute=0 rethrow=0 return_oop=0}
                      ; - com.devhub.ocr.CP.CPA0_0101.mod.CPA0_0101Service::process@477 (line 111)
  0x000071d3c1342a48: 343c a406 

  0x000071d3c1342a4c: ;   {other}
  0x000071d3c1342a4c: 0f1f 8400 | bc1f 0017 | 0f1f 4000 

  0x000071d3c1342a58: ;   {no_reloc}
  0x000071d3c1342a58: e9c0 0d00 | 0090 9090 | 9090 488b 

  0x000071d3c1342a64: ;   {static_call}
  0x000071d3c1342a64: f066 90e8 

  0x000071d3c1342a68: ; ImmutableOopMap {[216]=Oop [336]=Oop [344]=Oop [352]=Oop [360]=Oop [376]=Oop [384]=Oop [400]=Oop [408]=Oop [416]=Oop [424]=Oop [432]=Oop [440]=Oop [472]=Oop [488]=Oop [496]=Oop }
                      ;*invokedynamic {reexecute=0 rethrow=0 return_oop=0}
                      ; - com.devhub.ocr.CP.CPA0_0101.mod.CPA0_0101Service::process@480 (line 111)
  0x000071d3c1342a68: 143f a406 

  0x000071d3c1342a6c: ;   {other}
  0x000071d3c1342a6c: 0f1f 8400 | dc1f 0018 

  0x000071d3c1342a74: ;   {metadata(method data for {method} {0x000071d3618fcef8} 'process' '(Ljava/io/File;Ljava/lang/String;)Lcom/devhub/ocr/CP/CPA0_0101/mod/CPA0_0101Service$PreprocessResult;' in 'com/devhub/ocr/CP/CPA0_0101/mod/CPA0_0101Service')}
  0x000071d3c1342a74: 48ba e0e2 | 8f61 d371 | 0000 488d | 9280 0800 | 0048 85c0 | 750a f602 | 0175 05f0 | 4883 0a01 
  0x000071d3c1342a94: 4889 8424 | f801 0000 | 0f1f 4000 

  0x000071d3c1342aa0: ;   {no_reloc}
  0x000071d3c1342aa0: e991 0d00 | 0000 0000 | 0000 e991 | 0d00 0048 | 8984 2400 | 0200 0048 

  0x000071d3c1342ab8: ;   {metadata(method data for {method} {0x000071d3618fcef8} 'process' '(Ljava/io/File;Ljava/lang/String;)Lcom/devhub/ocr/CP/CPA0_0101/mod/CPA0_0101Service$PreprocessResult;' in 'com/devhub/ocr/CP/CPA0_0101/mod/CPA0_0101Service')}
  0x000071d3c1342ab8: 8bd0 48b9 | e0e2 8f61 | d371 0000 | 4883 8190 | 0800 0001 | 8b94 24d0 | 0100 008b | 8c24 d401 
  0x000071d3c1342ad8: 0000 448b | 8424 c401 | 0000 448b | 8c24 cc01 | 0000 488b 

  0x000071d3c1342aec: ;   {optimized virtual_call}
  0x000071d3c1342aec: f066 90e8 

  0x000071d3c1342af0: ; ImmutableOopMap {[216]=Oop [336]=Oop [344]=Oop [352]=Oop [360]=Oop [376]=Oop [384]=Oop [400]=Oop [408]=Oop [416]=Oop [424]=Oop [432]=Oop [440]=Oop [472]=Oop [488]=Oop [504]=Oop [512]=Oop }
                      ;*invokespecial <init> {reexecute=0 rethrow=0 return_oop=0}
                      ; - com.devhub.ocr.CP.CPA0_0101.mod.CPA0_0101Service::process@499 (line 114)
  0x000071d3c1342af0: 8c38 a406 

  0x000071d3c1342af4: ;   {other}
  0x000071d3c1342af4: 0f1f 8400 | 6420 0019 | 488b 8424 | f801 0000 

  0x000071d3c1342b04: ;   {metadata(method data for {method} {0x000071d3618fcef8} 'process' '(Ljava/io/File;Ljava/lang/String;)Lcom/devhub/ocr/CP/CPA0_0101/mod/CPA0_0101Service$PreprocessResult;' in 'com/devhub/ocr/CP/CPA0_0101/mod/CPA0_0101Service')}
  0x000071d3c1342b04: 4885 c048 | bee0 e28f | 61d3 7100 | 0048 c7c7 | a008 0000 | 7507 48c7 | c7b0 0800 | 0048 8b1c 
  0x000071d3c1342b24: 3e48 8d5b | 0148 891c | 3e0f 8537 

  0x000071d3c1342b30: ;   {metadata(method data for {method} {0x000071d3618fcef8} 'process' '(Ljava/io/File;Ljava/lang/String;)Lcom/devhub/ocr/CP/CPA0_0101/mod/CPA0_0101Service$PreprocessResult;' in 'com/devhub/ocr/CP/CPA0_0101/mod/CPA0_0101Service')}
  0x000071d3c1342b30: 0000 0048 | bee0 e28f | 61d3 7100 | 00ff 86c0 

  0x000071d3c1342b40: ;   {oop(""{0x00000000ffe00000})}
  0x000071d3c1342b40: 0800 0048 | be00 00e0 | ff00 0000 | 0048 8984 | 24f8 0100 | 0048 8bbc | 24a0 0100 | 0048 8b84 
  0x000071d3c1342b60: 2400 0200 | 00e9 f301 | 0000 483b | 0048 8bf0 

  0x000071d3c1342b70: ;   {metadata(method data for {method} {0x000071d3618fcef8} 'process' '(Ljava/io/File;Ljava/lang/String;)Lcom/devhub/ocr/CP/CPA0_0101/mod/CPA0_0101Service$PreprocessResult;' in 'com/devhub/ocr/CP/CPA0_0101/mod/CPA0_0101Service')}
  0x000071d3c1342b70: 48bf e0e2 | 8f61 d371 | 0000 4883 | 87d8 0800 

  0x000071d3c1342b80: ;   {metadata(method data for {method} {0x000071d363454b90} 'trim' '()Ljava/lang/String;' in 'java/lang/String')}
  0x000071d3c1342b80: 0001 48be | 20bc 3e5f | d371 0000 | 8bbe f400 | 0000 83c7 | 0289 bef4 | 0000 0081 | e7fe ff1f 
  0x000071d3c1342ba0: 0085 ff0f | 84a9 0c00 | 0048 8bf0 

  0x000071d3c1342bac: ;   {metadata(method data for {method} {0x000071d363454b90} 'trim' '()Ljava/lang/String;' in 'java/lang/String')}
  0x000071d3c1342bac: 48bf 20bc | 3e5f d371 | 0000 4883 | 8738 0100 

  0x000071d3c1342bbc: ;   {metadata(method data for {method} {0x000071d363455a58} 'isLatin1' '()Z' in 'java/lang/String')}
  0x000071d3c1342bbc: 0001 48be | 08b1 005f | d371 0000 | 8bbe f400 | 0000 83c7 | 0289 bef4 | 0000 0081 | e7fe ff1f 
  0x000071d3c1342bdc: 0085 ff0f | 848e 0c00 

  0x000071d3c1342be4: ;   {metadata(method data for {method} {0x000071d363455a58} 'isLatin1' '()Z' in 'java/lang/String')}
  0x000071d3c1342be4: 0048 be08 | b100 5fd3 | 7100 00ff | 8648 0100 | 000f be70 

  0x000071d3c1342bf8: ;   {metadata(method data for {method} {0x000071d363455a58} 'isLatin1' '()Z' in 'java/lang/String')}
  0x000071d3c1342bf8: 1085 f648 | be08 b100 | 5fd3 7100 | 0048 c7c7 | 5801 0000 | 7507 48c7 | c768 0100 | 0048 8b1c 
  0x000071d3c1342c18: 3e48 8d5b | 0148 891c | 3e0f 851a 

  0x000071d3c1342c24: ;   {metadata(method data for {method} {0x000071d363455a58} 'isLatin1' '()Z' in 'java/lang/String')}
  0x000071d3c1342c24: 0000 0048 | be08 b100 | 5fd3 7100 | 00ff 8678 | 0100 00be | 0100 0000 | e905 0000 | 00be 0000 
  0x000071d3c1342c44: 0000 83e6 

  0x000071d3c1342c48: ;   {metadata(method data for {method} {0x000071d363454b90} 'trim' '()Ljava/lang/String;' in 'java/lang/String')}
  0x000071d3c1342c48: 0185 f648 | be20 bc3e | 5fd3 7100 | 0048 c7c7 | 7001 0000 | 7407 48c7 | c780 0100 | 0048 8b1c 
  0x000071d3c1342c68: 3e48 8d5b | 0148 891c | 3e0f 8442 | 0000 008b 

  0x000071d3c1342c78: ;   {metadata(method data for {method} {0x000071d363454b90} 'trim' '()Ljava/lang/String;' in 'java/lang/String')}
  0x000071d3c1342c78: 7014 48bf | 20bc 3e5f | d371 0000 | 4883 8790 | 0100 0001 | 4889 8424 | f801 0000 

  0x000071d3c1342c94: ;   {static_call}
  0x000071d3c1342c94: 6666 90e8 

  0x000071d3c1342c98: ; ImmutableOopMap {[216]=Oop [336]=Oop [344]=Oop [352]=Oop [360]=Oop [376]=Oop [384]=Oop [400]=Oop [408]=Oop [416]=Oop [424]=Oop [432]=Oop [440]=Oop [472]=Oop [488]=Oop [504]=Oop [512]=Oop }
                      ;*invokestatic trim {reexecute=0 rethrow=0 return_oop=0}
                      ; - java.lang.String::trim@11 (line 3779)
                      ; - com.devhub.ocr.CP.CPA0_0101.mod.CPA0_0101Service::process@518 (line 115)
  0x000071d3c1342c98: e43c a406 

  0x000071d3c1342c9c: ;   {other}
  0x000071d3c1342c9c: 0f1f 8400 | 0c22 001a 

  0x000071d3c1342ca4: ;   {metadata(method data for {method} {0x000071d363454b90} 'trim' '()Ljava/lang/String;' in 'java/lang/String')}
  0x000071d3c1342ca4: 48be 20bc | 3e5f d371 | 0000 ff86 | a001 0000 | e92b 0000 | 008b 7014 

  0x000071d3c1342cbc: ;   {metadata(method data for {method} {0x000071d363454b90} 'trim' '()Ljava/lang/String;' in 'java/lang/String')}
  0x000071d3c1342cbc: 48bf 20bc | 3e5f d371 | 0000 4883 | 87b8 0100 | 0001 4889 | 8424 f801 

  0x000071d3c1342cd4: ;   {static_call}
  0x000071d3c1342cd4: 0000 90e8 

  0x000071d3c1342cd8: ; ImmutableOopMap {[216]=Oop [336]=Oop [344]=Oop [352]=Oop [360]=Oop [376]=Oop [384]=Oop [400]=Oop [408]=Oop [416]=Oop [424]=Oop [432]=Oop [440]=Oop [472]=Oop [488]=Oop [504]=Oop [512]=Oop }
                      ;*invokestatic trim {reexecute=0 rethrow=0 return_oop=0}
                      ; - java.lang.String::trim@21 (line 3780)
                      ; - com.devhub.ocr.CP.CPA0_0101.mod.CPA0_0101Service::process@518 (line 115)
  0x000071d3c1342cd8: a43c a406 

  0x000071d3c1342cdc: ;   {other}
  0x000071d3c1342cdc: 0f1f 8400 | 4c22 001b 

  0x000071d3c1342ce4: ;   {metadata(method data for {method} {0x000071d363454b90} 'trim' '()Ljava/lang/String;' in 'java/lang/String')}
  0x000071d3c1342ce4: 4885 c048 | ba20 bc3e | 5fd3 7100 | 0048 c7c6 | c801 0000 | 7507 48c7 | c6d8 0100 | 0048 8b3c 
  0x000071d3c1342d04: 3248 8d7f | 0148 893c | 320f 8518 

  0x000071d3c1342d10: ;   {metadata(method data for {method} {0x000071d363454b90} 'trim' '()Ljava/lang/String;' in 'java/lang/String')}
  0x000071d3c1342d10: 0000 0048 | ba20 bc3e | 5fd3 7100 | 00ff 82e8 | 0100 0048 | 8b84 24f8 | 0100 0048 | 8bf0 488b 
  0x000071d3c1342d30: 8424 0002 | 0000 488b | bc24 a001 | 0000 e91a | 0000 0048 | 8b84 24b8 | 0100 00e9 | 60f4 ffff 
  0x000071d3c1342d50: 488b 8424 | b801 0000 | e953 f4ff | ff41 0fbe | 5f40 85db | 0f85 2a0b | 0000 4c8b | d666 6690 
  0x000071d3c1342d70: ; implicit exception: dispatches to 0x000071d3c13438b6
  0x000071d3c1342d70: e952 0b00 | 0090 9048 | 8bd8 4833 | de48 c1eb | 1448 83fb | 000f 8546 | 0b00 000f | 1f44 0000 
  0x000071d3c1342d90: ; implicit exception: dispatches to 0x000071d3c13438e9
  0x000071d3c1342d90: e964 0b00 | 0090 483b | 0648 8bde 

  0x000071d3c1342d9c: ;   {metadata(method data for {method} {0x000071d3618fcef8} 'process' '(Ljava/io/File;Ljava/lang/String;)Lcom/devhub/ocr/CP/CPA0_0101/mod/CPA0_0101Service$PreprocessResult;' in 'com/devhub/ocr/CP/CPA0_0101/mod/CPA0_0101Service')}
  0x000071d3c1342d9c: 48bf e0e2 | 8f61 d371 | 0000 8b5b | 0849 ba00 | 0000 63d3 | 7100 0049 | 03da 483b | 9f20 0900 
  0x000071d3c1342dbc: 0075 0d48 | 8387 2809 | 0000 01e9 | 6000 0000 | 483b 9f30 | 0900 0075 | 0d48 8387 | 3809 0000 
  0x000071d3c1342ddc: 01e9 4a00 | 0000 4883 | bf20 0900 | 0000 7517 | 4889 9f20 | 0900 0048 | c787 2809 | 0000 0100 
  0x000071d3c1342dfc: 0000 e929 | 0000 0048 | 83bf 3009 | 0000 0075 | 1748 899f | 3009 0000 | 48c7 8738 | 0900 0001 
  0x000071d3c1342e1c: 0000 00e9 | 0800 0000 | 4883 8710 | 0900 0001 | 488b d066 | 0f1f 4400 | 0048 b8ff | ffff ffff 
  0x000071d3c1342e3c: ;   {virtual_call}
  0x000071d3c1342e3c: ffff ffe8 

  0x000071d3c1342e40: ; ImmutableOopMap {[216]=Oop [336]=Oop [344]=Oop [352]=Oop [360]=Oop [376]=Oop [384]=Oop [400]=Oop [408]=Oop [416]=Oop [424]=Oop [432]=Oop [440]=Oop [472]=Oop [488]=Oop [504]=Oop [512]=Oop }
                      ;*invokeinterface add {reexecute=0 rethrow=0 return_oop=0}
                      ; - com.devhub.ocr.CP.CPA0_0101.mod.CPA0_0101Service::process@531 (line 116)
  0x000071d3c1342e40: 3c38 a406 

  0x000071d3c1342e44: ;   {other}
  0x000071d3c1342e44: 0f1f 8400 | b423 001c | 488b 8424 | b801 0000 | e957 f3ff 

  0x000071d3c1342e58: ;   {metadata(method data for {method} {0x000071d3618fcef8} 'process' '(Ljava/io/File;Ljava/lang/String;)Lcom/devhub/ocr/CP/CPA0_0101/mod/CPA0_0101Service$PreprocessResult;' in 'com/devhub/ocr/CP/CPA0_0101/mod/CPA0_0101Service')}
  0x000071d3c1342e58: ff48 b8e0 | e28f 61d3 | 7100 00ff | 8088 0700 | 0048 8b84 | 24b8 0100 | 00e9 3af3 

  0x000071d3c1342e74: ;   {metadata(method data for {method} {0x000071d3618fcef8} 'process' '(Ljava/io/File;Ljava/lang/String;)Lcom/devhub/ocr/CP/CPA0_0101/mod/CPA0_0101Service$PreprocessResult;' in 'com/devhub/ocr/CP/CPA0_0101/mod/CPA0_0101Service')}
  0x000071d3c1342e74: ffff 48b8 | e0e2 8f61 | d371 0000 | ff80 8006 | 0000 488b | 8424 b801 | 0000 e91d 

  0x000071d3c1342e90: ;   {metadata(method data for {method} {0x000071d3618fcef8} 'process' '(Ljava/io/File;Ljava/lang/String;)Lcom/devhub/ocr/CP/CPA0_0101/mod/CPA0_0101Service$PreprocessResult;' in 'com/devhub/ocr/CP/CPA0_0101/mod/CPA0_0101Service')}
  0x000071d3c1342e90: f3ff ff48 | b8e0 e28f | 61d3 7100 | 00ff 8048 | 0600 0048 | 8b84 24b8 | 0100 00e9 | 00f3 ffff 
  0x000071d3c1342eb0: 488b 8424 | a001 0000 | 4881 c460 | 0200 005d 

  0x000071d3c1342ec0: ;   {poll_return}
  0x000071d3c1342ec0: 493b a748 | 0400 000f | 873b 0a00 | 00c3 89bc | 248c 0100 | 0066 6690 

  0x000071d3c1342ed8: ;   {no_reloc}
  0x000071d3c1342ed8: e950 0a00 | 0000 0000 | 0000 80ba | 3101 0000 | 040f 854d | 0a00 0049 | 8b87 b801 | 0000 488d 
  0x000071d3c1342ef8: 7828 493b | bfc8 0100 | 000f 8735 | 0a00 0049 | 89bf b801 | 0000 48c7 | 0001 0000 | 0048 8bca 
  0x000071d3c1342f18: 49ba 0000 | 0063 d371 | 0000 492b | ca89 4808 | 4833 c989 | 480c 4833 | c948 8948 | 1048 8948 
  0x000071d3c1342f38: 1848 8948 | 2066 6690 

  0x000071d3c1342f40: ;   {no_reloc}
  0x000071d3c1342f40: e913 0a00 | 0090 9090 | 9090 498b | f08b 9424 | 8c01 0000 | 4489 8424 | 1002 0000 | 4889 8424 
  0x000071d3c1342f60: 0802 0000 

  0x000071d3c1342f64: ;   {static_call}
  0x000071d3c1342f64: 6666 90e8 

  0x000071d3c1342f68: ; ImmutableOopMap {[216]=Oop [336]=Oop [344]=Oop [352]=Oop [360]=Oop [376]=Oop [384]=Oop [400]=Oop [408]=Oop [520]=Oop }
                      ;*invokedynamic {reexecute=0 rethrow=0 return_oop=0}
                      ; - boofcv.struct.image.GrayI::get@15 (line 57)
                      ; - com.devhub.ocr.CP.CPA0_0101.mod.CPA0_0101Service::process@200 (line 78)
  0x000071d3c1342f68: 143a a406 

  0x000071d3c1342f6c: ;   {other}
  0x000071d3c1342f6c: 0f1f 8400 | dc24 001d 

  0x000071d3c1342f74: ;   {metadata(method data for {method} {0x000071d361a6b490} 'get' '(II)I' in 'boofcv/struct/image/GrayI')}
  0x000071d3c1342f74: 48ba c07b | aa61 d371 | 0000 488d | 92a0 0100 | 0048 85c0 | 750a f602 | 0175 05f0 | 4883 0a01 
  0x000071d3c1342f94: 488b 9424 | 0802 0000 

  0x000071d3c1342f9c: ;   {metadata(method data for {method} {0x000071d361a6b490} 'get' '(II)I' in 'boofcv/struct/image/GrayI')}
  0x000071d3c1342f9c: 48be c07b | aa61 d371 | 0000 4883 | 86b0 0100 | 0001 488b | d048 8bb4 | 2408 0200 | 0066 0f1f 
  0x000071d3c1342fbc: ;   {optimized virtual_call}
  0x000071d3c1342fbc: 4400 00e8 

  0x000071d3c1342fc0: ; ImmutableOopMap {[216]=Oop [336]=Oop [344]=Oop [352]=Oop [360]=Oop [376]=Oop [384]=Oop [400]=Oop [408]=Oop [520]=Oop }
                      ;*invokespecial <init> {reexecute=0 rethrow=0 return_oop=0}
                      ; - boofcv.struct.image.GrayI::get@20 (line 57)
                      ; - com.devhub.ocr.CP.CPA0_0101.mod.CPA0_0101Service::process@200 (line 78)
  0x000071d3c1342fc0: bc33 a406 

  0x000071d3c1342fc4: ;   {other}
  0x000071d3c1342fc4: 0f1f 8400 | 3425 001e | 488b 8424 

  0x000071d3c1342fd0: ; ImmutableOopMap {rax=Oop [216]=Oop [336]=Oop [344]=Oop [352]=Oop [360]=Oop [376]=Oop [384]=Oop [400]=Oop [408]=Oop }
                      ;*athrow {reexecute=1 rethrow=0 return_oop=0}
                      ; - (reexecute) boofcv.struct.image.GrayI::get@23 (line 57)
                      ; - com.devhub.ocr.CP.CPA0_0101.mod.CPA0_0101Service::process@200 (line 78)
  0x000071d3c1342fd0: 0802 0000 

  0x000071d3c1342fd4: ;   {section_word}
  0x000071d3c1342fd4: 48ba d42f | 34c1 d371 

  0x000071d3c1342fdc: ;   {runtime_call handle_exception Runtime1 stub}
  0x000071d3c1342fdc: 0000 e89d | 5aa8 0690 | 4889 8424 | 1802 0000 | 89bc 2414 | 0200 0089 | b424 2002 | 0000 4889 
  0x000071d3c1342ffc: 9c24 3002 | 0000 4889 | 8c24 4001 | 0000 4c89 | 8424 3801 | 0000 660f | 1f44 0000 

  0x000071d3c1343018: ;   {no_reloc}
  0x000071d3c1343018: e954 0900 | 0000 0000 | 0000 80ba | 3101 0000 | 040f 8551 | 0900 0049 | 8b87 b801 | 0000 488d 
  0x000071d3c1343038: 7828 493b | bfc8 0100 | 000f 8739 | 0900 0049 | 89bf b801 | 0000 48c7 | 0001 0000 | 0048 8bca 
  0x000071d3c1343058: 49ba 0000 | 0063 d371 | 0000 492b | ca89 4808 | 4833 c989 | 480c 4833 | c948 8948 | 1048 8948 
  0x000071d3c1343078: 1848 8948 | 2066 6690 

  0x000071d3c1343080: ;   {no_reloc}
  0x000071d3c1343080: e917 0900 | 0090 9090 | 9090 498b | f549 8bd3 | 4489 ac24 | 3802 0000 | 4489 9c24 | 2402 0000 
  0x000071d3c13430a0: 4889 8424 | 2802 0000 | 0f1f 8000 

  0x000071d3c13430ac: ;   {static_call}
  0x000071d3c13430ac: 0000 00e8 

  0x000071d3c13430b0: ; ImmutableOopMap {[296]=Oop [304]=Oop [312]=Oop [320]=Oop [536]=Oop [552]=Oop [560]=Oop }
                      ;*invokedynamic {reexecute=0 rethrow=0 return_oop=0}
                      ; - boofcv.struct.image.GrayI::get@15 (line 57)
                      ; - com.devhub.ocr.CP.CPA0_0101.mod.CPA0_0101Service::process@75 (line 60)
  0x000071d3c13430b0: cc38 a406 

  0x000071d3c13430b4: ;   {other}
  0x000071d3c13430b4: 0f1f 8400 | 2426 0020 

  0x000071d3c13430bc: ;   {metadata(method data for {method} {0x000071d361a6b490} 'get' '(II)I' in 'boofcv/struct/image/GrayI')}
  0x000071d3c13430bc: 48ba c07b | aa61 d371 | 0000 488d | 92a0 0100 | 0048 85c0 | 750a f602 | 0175 05f0 | 4883 0a01 
  0x000071d3c13430dc: 488b 9424 | 2802 0000 

  0x000071d3c13430e4: ;   {metadata(method data for {method} {0x000071d361a6b490} 'get' '(II)I' in 'boofcv/struct/image/GrayI')}
  0x000071d3c13430e4: 48be c07b | aa61 d371 | 0000 4883 | 86b0 0100 | 0001 488b | d048 8bb4 | 2428 0200 | 0066 0f1f 
  0x000071d3c1343104: ;   {optimized virtual_call}
  0x000071d3c1343104: 4400 00e8 

  0x000071d3c1343108: ; ImmutableOopMap {[296]=Oop [304]=Oop [312]=Oop [320]=Oop [536]=Oop [552]=Oop [560]=Oop }
                      ;*invokespecial <init> {reexecute=0 rethrow=0 return_oop=0}
                      ; - boofcv.struct.image.GrayI::get@20 (line 57)
                      ; - com.devhub.ocr.CP.CPA0_0101.mod.CPA0_0101Service::process@75 (line 60)
  0x000071d3c1343108: 7432 a406 

  0x000071d3c134310c: ;   {other}
  0x000071d3c134310c: 0f1f 8400 | 7c26 0021 | 488b 8424 

  0x000071d3c1343118: ; ImmutableOopMap {rax=Oop [296]=Oop [304]=Oop [312]=Oop [320]=Oop [536]=Oop [560]=Oop }
                      ;*athrow {reexecute=1 rethrow=0 return_oop=0}
                      ; - (reexecute) boofcv.struct.image.GrayI::get@23 (line 57)
                      ; - com.devhub.ocr.CP.CPA0_0101.mod.CPA0_0101Service::process@75 (line 60)
  0x000071d3c1343118: 2802 0000 

  0x000071d3c134311c: ;   {section_word}
  0x000071d3c134311c: 48ba 1c31 | 34c1 d371 

  0x000071d3c1343124: ;   {runtime_call handle_exception Runtime1 stub}
  0x000071d3c1343124: 0000 e855 | 59a8 0690 | 488b 9424 | b000 0000 | 488b da90 

  0x000071d3c1343138: ;   {no_reloc}
  0x000071d3c1343138: e978 0800 | 0000 0000 | 0000 498b | 87b8 0100 | 0048 8d78 | 2849 3bbf | c801 0000 | 0f87 6508 
  0x000071d3c1343158: 0000 4989 | bfb8 0100 | 0048 c700 | 0100 0000 | 488b ca49 | ba00 0000 | 63d3 7100 | 0049 2bca 
  0x000071d3c1343178: 8948 0848 | 33c9 8948 | 0c48 33c9 | 4889 4810 | 4889 4818 | 4889 4820 

  0x000071d3c1343190: ; implicit exception: dispatches to 0x000071d3c13439cc
  0x000071d3c1343190: 483b 0348 

  0x000071d3c1343194: ;   {metadata(method data for {method} {0x000071d3618fcef8} 'process' '(Ljava/io/File;Ljava/lang/String;)Lcom/devhub/ocr/CP/CPA0_0101/mod/CPA0_0101Service$PreprocessResult;' in 'com/devhub/ocr/CP/CPA0_0101/mod/CPA0_0101Service')}
  0x000071d3c1343194: 8bd3 48be | e0e2 8f61 | d371 0000 

  0x000071d3c13431a0: ;   {metadata('java/io/File')}
  0x000071d3c13431a0: 49ba 381c | 0563 d371 | 0000 4c89 | 9678 0100 | 0048 8386 | 8001 0000 

  0x000071d3c13431b8: ;   {metadata(method data for {method} {0x000071d3630539d8} 'getAbsolutePath' '()Ljava/lang/String;' in 'java/io/File')}
  0x000071d3c13431b8: 0148 ba88 | 4c1c 5fd3 | 7100 008b | b2f4 0000 | 0083 c602 | 89b2 f400 | 0000 81e6 | feff 1f00 
  0x000071d3c13431d8: 85f6 0f84 | f107 0000 

  0x000071d3c13431e0: ;   {oop(a 'java/io/UnixFileSystem'{0x00000000841f4058})}
  0x000071d3c13431e0: 48be 5840 | 1f84 0000 | 0000 488b 

  0x000071d3c13431ec: ;   {metadata(method data for {method} {0x000071d3630539d8} 'getAbsolutePath' '()Ljava/lang/String;' in 'java/io/File')}
  0x000071d3c13431ec: d648 bf88 | 4c1c 5fd3 | 7100 0048 | 8387 3801 | 0000 0148 | 8bd3 4889 | 8424 4002 | 0000 0f1f 
  0x000071d3c134320c: ;   {optimized virtual_call}
  0x000071d3c134320c: 4400 00e8 

  0x000071d3c1343210: ; ImmutableOopMap {[168]=Oop [176]=Oop [184]=Oop [192]=Oop [576]=Oop }
                      ;*invokevirtual resolve {reexecute=0 rethrow=0 return_oop=0}
                      ; - java.io.File::getAbsolutePath@4 (line 561)
                      ; - com.devhub.ocr.CP.CPA0_0101.mod.CPA0_0101Service::process@14 (line 49)
  0x000071d3c1343210: 6c31 a406 

  0x000071d3c1343214: ;   {other}
  0x000071d3c1343214: 0f1f 8400 | 8427 0023 | 0f1f 4000 

  0x000071d3c1343220: ;   {no_reloc}
  0x000071d3c1343220: e9dc 0700 | 0090 9090 | 9090 488b 

  0x000071d3c134322c: ;   {static_call}
  0x000071d3c134322c: f066 90e8 

  0x000071d3c1343230: ; ImmutableOopMap {[168]=Oop [176]=Oop [184]=Oop [192]=Oop [576]=Oop }
                      ;*invokedynamic {reexecute=0 rethrow=0 return_oop=0}
                      ; - com.devhub.ocr.CP.CPA0_0101.mod.CPA0_0101Service::process@17 (line 49)
  0x000071d3c1343230: 4c37 a406 

  0x000071d3c1343234: ;   {other}
  0x000071d3c1343234: 0f1f 8400 | a427 0024 

  0x000071d3c134323c: ;   {metadata(method data for {method} {0x000071d3618fcef8} 'process' '(Ljava/io/File;Ljava/lang/String;)Lcom/devhub/ocr/CP/CPA0_0101/mod/CPA0_0101Service$PreprocessResult;' in 'com/devhub/ocr/CP/CPA0_0101/mod/CPA0_0101Service')}
  0x000071d3c134323c: 48ba e0e2 | 8f61 d371 | 0000 488d | 92c0 0100 | 0048 85c0 | 750a f602 | 0175 05f0 | 4883 0a01 
  0x000071d3c134325c: 488b 9424 | 4002 0000 

  0x000071d3c1343264: ;   {metadata(method data for {method} {0x000071d3618fcef8} 'process' '(Ljava/io/File;Ljava/lang/String;)Lcom/devhub/ocr/CP/CPA0_0101/mod/CPA0_0101Service$PreprocessResult;' in 'com/devhub/ocr/CP/CPA0_0101/mod/CPA0_0101Service')}
  0x000071d3c1343264: 48be e0e2 | 8f61 d371 | 0000 4883 | 86d0 0100 | 0001 488b | d048 8bb4 | 2440 0200 | 0066 0f1f 
  0x000071d3c1343284: ;   {optimized virtual_call}
  0x000071d3c1343284: 4400 00e8 

  0x000071d3c1343288: ; ImmutableOopMap {[168]=Oop [176]=Oop [184]=Oop [192]=Oop [576]=Oop }
                      ;*invokespecial <init> {reexecute=0 rethrow=0 return_oop=0}
                      ; - com.devhub.ocr.CP.CPA0_0101.mod.CPA0_0101Service::process@22 (line 49)
  0x000071d3c1343288: f430 a406 

  0x000071d3c134328c: ;   {other}
  0x000071d3c134328c: 0f1f 8400 | fc27 0025 | 488b 8424 

  0x000071d3c1343298: ; ImmutableOopMap {rax=Oop [168]=Oop [176]=Oop [184]=Oop [192]=Oop }
                      ;*athrow {reexecute=1 rethrow=0 return_oop=0}
                      ; - (reexecute) com.devhub.ocr.CP.CPA0_0101.mod.CPA0_0101Service::process@25 (line 49)
  0x000071d3c1343298: 4002 0000 

  0x000071d3c134329c: ;   {section_word}
  0x000071d3c134329c: 48ba 9c32 | 34c1 d371 

  0x000071d3c13432a4: ;   {runtime_call handle_exception Runtime1 stub}
  0x000071d3c13432a4: 0000 e8d5 | 57a8 0690 | 8984 2400 | c0fe ff55 | 4881 ec60 | 0200 0090 | 4181 7f20 | 0000 0000 
  0x000071d3c13432c4: ;   {runtime_call StubRoutines (final stubs)}
  0x000071d3c13432c4: 7405 e8b5 | 91a2 06bf | 0001 0000 | 4863 ff48 | 8b1c 3ebf | f800 0000 | 4863 ff48 | 8b04 3ebf 
  0x000071d3c13432e4: f000 0000 | 4863 ff48 | 8b14 3ebf | e800 0000 | 4863 ff48 | 8b0c 3ebf | e000 0000 | 4863 ff4c 
  0x000071d3c1343304: 8b04 3ebf | d800 0000 | 4863 ff44 | 8b0c 3ebf | d000 0000 | 4863 ff44 | 8b1c 3ebf | c800 0000 
  0x000071d3c1343324: 4863 ff4c | 8b2c 3ebf | c000 0000 | 4863 ff44 | 8b34 3ebf | b800 0000 | 4863 ff8b | 3c3e 89bc 
  0x000071d3c1343344: 24e8 0000 | 0048 8bfe | 4889 9c24 | 2001 0000 | 4889 8424 | 1801 0000 | 4889 9424 | 1001 0000 
  0x000071d3c1343364: 4889 8c24 | 0801 0000 | 4c89 8424 | 0001 0000 | 4489 8c24 | fc00 0000 | 4489 9c24 | f800 0000 
  0x000071d3c1343384: 4c89 ac24 | f000 0000 | 4489 b424 | ec00 0000 

  0x000071d3c1343394: ;   {runtime_call SharedRuntime::OSR_migration_end(long*)}
  0x000071d3c1343394: e887 4da1 

  0x000071d3c1343398: ;   {other}
  0x000071d3c1343398: 1e0f 1f84 | 0000 0000 | 008b bc24 | e800 0000 | 4c8b ef44 | 8bb4 24ec | 0000 004d | 8bde 488b 
  0x000071d3c13433b8: 9424 f000 | 0000 488b | c28b 9424 | f800 0000 | 488b fa44 | 8b8c 24fc | 0000 0049 | 8bf1 4c8b 
  0x000071d3c13433d8: 8424 0001 | 0000 498b | d848 8b8c | 2408 0100 | 0048 8b94 | 2410 0100 | 004c 8bc2 | 488b 9424 
  0x000071d3c13433f8: 1801 0000 | 4c8b 8c24 | 2001 0000 | e9ec deff 

  0x000071d3c1343408: ;   {metadata({method} {0x000071d3618fcef8} 'process' '(Ljava/io/File;Ljava/lang/String;)Lcom/devhub/ocr/CP/CPA0_0101/mod/CPA0_0101Service$PreprocessResult;' in 'com/devhub/ocr/CP/CPA0_0101/mod/CPA0_0101Service')}
  0x000071d3c1343408: ff49 baf8 | ce8f 61d3 | 7100 004c | 8954 2408 | 48c7 0424 | ffff ffff 

  0x000071d3c1343420: ;   {runtime_call counter_overflow Runtime1 stub}
  0x000071d3c1343420: e85b 76b1 

  0x000071d3c1343424: ; ImmutableOopMap {rsi=Oop rdx=Oop rcx=Oop [168]=Oop [176]=Oop [184]=Oop }
                      ;*synchronization entry
                      ; - com.devhub.ocr.CP.CPA0_0101.mod.CPA0_0101Service::process@-1 (line 48)
  0x000071d3c1343424: 06e9 74dc 

  0x000071d3c1343428: ;   {runtime_call throw_null_pointer_exception Runtime1 stub}
  0x000071d3c1343428: ffff e851 

  0x000071d3c134342c: ; ImmutableOopMap {rax=Oop [168]=Oop [176]=Oop [184]=Oop [192]=Oop }
                      ;*getfield width {reexecute=1 rethrow=0 return_oop=0}
                      ; - (reexecute) com.devhub.ocr.CP.CPA0_0101.mod.CPA0_0101Service::process@35 (line 55)
                      ;   {metadata({method} {0x000071d3618fcef8} 'process' '(Ljava/io/File;Ljava/lang/String;)Lcom/devhub/ocr/CP/CPA0_0101/mod/CPA0_0101Service$PreprocessResult;' in 'com/devhub/ocr/CP/CPA0_0101/mod/CPA0_0101Service')}
  0x000071d3c134342c: 71a8 0649 | baf8 ce8f | 61d3 7100 | 004c 8954 | 2408 48c7 | 0424 7a00 

  0x000071d3c1343444: ;   {runtime_call counter_overflow Runtime1 stub}
  0x000071d3c1343444: 0000 e835 

  0x000071d3c1343448: ; ImmutableOopMap {rax=Oop rbx=Oop rcx=Oop r8=Oop rdx=Oop [216]=Oop }
                      ;*if_icmplt {reexecute=1 rethrow=0 return_oop=0}
                      ; - (reexecute) com.devhub.ocr.CP.CPA0_0101.mod.CPA0_0101Service::process@122 (line 58)
  0x000071d3c1343448: 76b1 06e9 | bfdd ffff 

  0x000071d3c1343450: ;   {metadata({method} {0x000071d3618fcef8} 'process' '(Ljava/io/File;Ljava/lang/String;)Lcom/devhub/ocr/CP/CPA0_0101/mod/CPA0_0101Service$PreprocessResult;' in 'com/devhub/ocr/CP/CPA0_0101/mod/CPA0_0101Service')}
  0x000071d3c1343450: 49ba f8ce | 8f61 d371 | 0000 4c89 | 5424 0848 | c704 2470 

  0x000071d3c1343464: ;   {runtime_call counter_overflow Runtime1 stub}
  0x000071d3c1343464: 0000 00e8 

  0x000071d3c1343468: ; ImmutableOopMap {rax=Oop rbx=Oop rcx=Oop r8=Oop [216]=Oop [224]=Oop }
                      ;*if_icmplt {reexecute=1 rethrow=0 return_oop=0}
                      ; - (reexecute) com.devhub.ocr.CP.CPA0_0101.mod.CPA0_0101Service::process@112 (line 59)
  0x000071d3c1343468: 1476 b106 | e93b deff 

  0x000071d3c1343470: ;   {runtime_call throw_null_pointer_exception Runtime1 stub}
  0x000071d3c1343470: ffe8 0a71 

  0x000071d3c1343474: ; ImmutableOopMap {rax=Oop rbx=Oop rcx=Oop r8=Oop [296]=Oop [304]=Oop }
                      ;*invokevirtual get {reexecute=0 rethrow=0 return_oop=0}
                      ; - com.devhub.ocr.CP.CPA0_0101.mod.CPA0_0101Service::process@75 (line 60)
                      ;   {metadata({method} {0x000071d361a6b490} 'get' '(II)I' in 'boofcv/struct/image/GrayI')}
  0x000071d3c1343474: a806 49ba | 90b4 a661 | d371 0000 | 4c89 5424 | 0848 c704 | 24ff ffff 

  0x000071d3c134348c: ;   {runtime_call counter_overflow Runtime1 stub}
  0x000071d3c134348c: ffe8 ee75 

  0x000071d3c1343490: ; ImmutableOopMap {rax=Oop rbx=Oop rcx=Oop r8=Oop [296]=Oop [304]=Oop }
                      ;*synchronization entry
                      ; - boofcv.struct.image.GrayI::get@-1 (line 56)
                      ; - com.devhub.ocr.CP.CPA0_0101.mod.CPA0_0101Service::process@75 (line 60)
  0x000071d3c1343490: b106 e931 

  0x000071d3c1343494: ;   {metadata({method} {0x000071d361a5e280} 'isInBounds' '(II)Z' in 'boofcv/struct/image/ImageBase')}
  0x000071d3c1343494: dfff ff49 | ba80 e2a5 | 61d3 7100 | 004c 8954 | 2408 48c7 | 0424 ffff 

  0x000071d3c13434ac: ;   {runtime_call counter_overflow Runtime1 stub}
  0x000071d3c13434ac: ffff e8cd 

  0x000071d3c13434b0: ; ImmutableOopMap {rax=Oop rbx=Oop rcx=Oop r8=Oop [296]=Oop [304]=Oop }
                      ;*synchronization entry
                      ; - boofcv.struct.image.ImageBase::isInBounds@-1 (line 132)
                      ; - boofcv.struct.image.GrayI::get@3 (line 56)
                      ; - com.devhub.ocr.CP.CPA0_0101.mod.CPA0_0101Service::process@75 (line 60)
  0x000071d3c13434b0: 75b1 06e9 | 51df ffff 

  0x000071d3c13434b8: ;   {metadata({method} {0x000071d361a6db38} 'unsafe_get' '(II)I' in 'boofcv/struct/image/GrayU8')}
  0x000071d3c13434b8: 49ba 38db | a661 d371 | 0000 4c89 | 5424 0848 | c704 24ff 

  0x000071d3c13434cc: ;   {runtime_call counter_overflow Runtime1 stub}
  0x000071d3c13434cc: ffff ffe8 

  0x000071d3c13434d0: ; ImmutableOopMap {rax=Oop rbx=Oop rcx=Oop [296]=Oop [304]=Oop [312]=Oop }
                      ;*synchronization entry
                      ; - boofcv.struct.image.GrayU8::unsafe_get@-1 (line 48)
                      ; - boofcv.struct.image.GrayI::get@27 (line 59)
                      ; - com.devhub.ocr.CP.CPA0_0101.mod.CPA0_0101Service::process@75 (line 60)
  0x000071d3c13434d0: ac75 b106 | e98b e0ff 

  0x000071d3c13434d8: ;   {metadata({method} {0x000071d361a5e360} 'getIndex' '(II)I' in 'boofcv/struct/image/ImageBase')}
  0x000071d3c13434d8: ff49 ba60 | e3a5 61d3 | 7100 004c | 8954 2408 | 48c7 0424 | ffff ffff 

  0x000071d3c13434f0: ;   {runtime_call counter_overflow Runtime1 stub}
  0x000071d3c13434f0: e88b 75b1 

  0x000071d3c13434f4: ; ImmutableOopMap {rax=Oop rbx=Oop rcx=Oop rdx=Oop [296]=Oop [304]=Oop [312]=Oop }
                      ;*synchronization entry
                      ; - boofcv.struct.image.ImageBase::getIndex@-1 (line 136)
                      ; - boofcv.struct.image.GrayU8::unsafe_get@7 (line 48)
                      ; - boofcv.struct.image.GrayI::get@27 (line 59)
                      ; - com.devhub.ocr.CP.CPA0_0101.mod.CPA0_0101Service::process@75 (line 60)
  0x000071d3c13434f4: 06e9 2de1 

  0x000071d3c13434f8: ;   {runtime_call throw_null_pointer_exception Runtime1 stub}
  0x000071d3c13434f8: ffff e881 

  0x000071d3c13434fc: ; ImmutableOopMap {rax=Oop rbx=Oop rcx=Oop rdx=Oop [296]=Oop [304]=Oop [312]=Oop }
                      ;*baload {reexecute=0 rethrow=0 return_oop=0}
                      ; - boofcv.struct.image.GrayU8::unsafe_get@10 (line 48)
                      ; - boofcv.struct.image.GrayI::get@27 (line 59)
                      ; - com.devhub.ocr.CP.CPA0_0101.mod.CPA0_0101Service::process@75 (line 60)
                      ;   {runtime_call throw_null_pointer_exception Runtime1 stub}
  0x000071d3c13434fc: 70a8 06e8 

  0x000071d3c1343500: ; ImmutableOopMap {rax=Oop rbx=Oop rcx=Oop rdx=Oop [296]=Oop [304]=Oop [312]=Oop }
                      ;*baload {reexecute=0 rethrow=0 return_oop=0}
                      ; - boofcv.struct.image.GrayU8::unsafe_get@10 (line 48)
                      ; - boofcv.struct.image.GrayI::get@27 (line 59)
                      ; - com.devhub.ocr.CP.CPA0_0101.mod.CPA0_0101Service::process@75 (line 60)
  0x000071d3c1343500: 7c70 a806 | 4c89 0424 | 4889 5424 

  0x000071d3c134350c: ;   {runtime_call throw_range_check_failed Runtime1 stub}
  0x000071d3c134350c: 08e8 6e79 

  0x000071d3c1343510: ; ImmutableOopMap {rax=Oop rbx=Oop rcx=Oop rdx=Oop [296]=Oop [304]=Oop [312]=Oop }
                      ;*baload {reexecute=0 rethrow=0 return_oop=0}
                      ; - boofcv.struct.image.GrayU8::unsafe_get@10 (line 48)
                      ; - boofcv.struct.image.GrayI::get@27 (line 59)
                      ; - com.devhub.ocr.CP.CPA0_0101.mod.CPA0_0101Service::process@75 (line 60)
                      ;   {runtime_call throw_null_pointer_exception Runtime1 stub}
  0x000071d3c1343510: a806 e869 

  0x000071d3c1343514: ; ImmutableOopMap {rax=Oop rbx=Oop [296]=Oop [304]=Oop [312]=Oop [320]=Oop }
                      ;*aaload {reexecute=0 rethrow=0 return_oop=0}
                      ; - com.devhub.ocr.CP.CPA0_0101.mod.CPA0_0101Service::process@88 (line 61)
                      ;   {runtime_call throw_null_pointer_exception Runtime1 stub}
  0x000071d3c1343514: 70a8 06e8 

  0x000071d3c1343518: ; ImmutableOopMap {rax=Oop rbx=Oop [296]=Oop [304]=Oop [312]=Oop [320]=Oop }
                      ;*aaload {reexecute=0 rethrow=0 return_oop=0}
                      ; - com.devhub.ocr.CP.CPA0_0101.mod.CPA0_0101Service::process@88 (line 61)
  0x000071d3c1343518: 6470 a806 | 4c89 1c24 | 4889 4424 

  0x000071d3c1343524: ;   {runtime_call throw_range_check_failed Runtime1 stub}
  0x000071d3c1343524: 08e8 5679 

  0x000071d3c1343528: ; ImmutableOopMap {rax=Oop rbx=Oop [296]=Oop [304]=Oop [312]=Oop [320]=Oop }
                      ;*aaload {reexecute=0 rethrow=0 return_oop=0}
                      ; - com.devhub.ocr.CP.CPA0_0101.mod.CPA0_0101Service::process@88 (line 61)
                      ;   {runtime_call throw_null_pointer_exception Runtime1 stub}
  0x000071d3c1343528: a806 e851 

  0x000071d3c134352c: ; ImmutableOopMap {rax=Oop rbx=Oop r8=Oop [296]=Oop [304]=Oop [312]=Oop [320]=Oop }
                      ;*bastore {reexecute=0 rethrow=0 return_oop=0}
                      ; - com.devhub.ocr.CP.CPA0_0101.mod.CPA0_0101Service::process@104 (line 61)
                      ;   {runtime_call throw_null_pointer_exception Runtime1 stub}
  0x000071d3c134352c: 70a8 06e8 

  0x000071d3c1343530: ; ImmutableOopMap {rax=Oop rbx=Oop r8=Oop [296]=Oop [304]=Oop [312]=Oop [320]=Oop }
                      ;*bastore {reexecute=0 rethrow=0 return_oop=0}
                      ; - com.devhub.ocr.CP.CPA0_0101.mod.CPA0_0101Service::process@104 (line 61)
  0x000071d3c1343530: 4c70 a806 | 4c89 2c24 | 4c89 4424 

  0x000071d3c134353c: ;   {runtime_call throw_range_check_failed Runtime1 stub}
  0x000071d3c134353c: 08e8 3e79 

  0x000071d3c1343540: ; ImmutableOopMap {rax=Oop rbx=Oop r8=Oop [296]=Oop [304]=Oop [312]=Oop [320]=Oop }
                      ;*bastore {reexecute=0 rethrow=0 return_oop=0}
                      ; - com.devhub.ocr.CP.CPA0_0101.mod.CPA0_0101Service::process@104 (line 61)
                      ;   {runtime_call throw_null_pointer_exception Runtime1 stub}
  0x000071d3c1343540: a806 e839 

  0x000071d3c1343544: ; ImmutableOopMap {rax=Oop r9=Oop [336]=Oop [344]=Oop [352]=Oop [360]=Oop }
                      ;*invokevirtual estimateSkewAngleRad {reexecute=0 rethrow=0 return_oop=0}
                      ; - com.devhub.ocr.CP.CPA0_0101.mod.CPA0_0101Service::process@128 (line 66)
                      ;   {metadata({method} {0x000071d363426c30} 'toDegrees' '(D)D' in 'java/lang/Math')}
  0x000071d3c1343544: 70a8 0649 | ba30 6c42 | 63d3 7100 | 004c 8954 | 2408 48c7 | 0424 ffff 

  0x000071d3c134355c: ;   {runtime_call counter_overflow Runtime1 stub}
  0x000071d3c134355c: ffff e81d 

  0x000071d3c1343560: ; ImmutableOopMap {[216]=Oop [336]=Oop [344]=Oop [352]=Oop [360]=Oop [376]=Oop }
                      ;*synchronization entry
                      ; - java.lang.Math::toDegrees@-1 (line 309)
                      ; - com.devhub.ocr.CP.CPA0_0101.mod.CPA0_0101Service::process@135 (line 67)
  0x000071d3c1343560: 75b1 06e9 | 96e2 ffff 

  0x000071d3c1343568: ;   {runtime_call throw_null_pointer_exception Runtime1 stub}
  0x000071d3c1343568: e813 70a8 

  0x000071d3c134356c: ; ImmutableOopMap {rax=Oop [216]=Oop [336]=Oop [344]=Oop [352]=Oop [360]=Oop [376]=Oop [384]=Oop [400]=Oop }
                      ;*getfield width {reexecute=1 rethrow=0 return_oop=0}
                      ; - (reexecute) com.devhub.ocr.CP.CPA0_0101.mod.CPA0_0101Service::process@160 (line 74)
                      ;   {metadata({method} {0x000071d3618fcef8} 'process' '(Ljava/io/File;Ljava/lang/String;)Lcom/devhub/ocr/CP/CPA0_0101/mod/CPA0_0101Service$PreprocessResult;' in 'com/devhub/ocr/CP/CPA0_0101/mod/CPA0_0101Service')}
  0x000071d3c134356c: 0649 baf8 | ce8f 61d3 | 7100 004c | 8954 2408 | 48c7 0424 | f700 0000 

  0x000071d3c1343584: ;   {runtime_call counter_overflow Runtime1 stub}
  0x000071d3c1343584: e8f7 74b1 

  0x000071d3c1343588: ; ImmutableOopMap {rax=Oop rcx=Oop [216]=Oop [336]=Oop [344]=Oop [352]=Oop [360]=Oop [376]=Oop [384]=Oop [400]=Oop [408]=Oop }
                      ;*if_icmplt {reexecute=1 rethrow=0 return_oop=0}
                      ; - (reexecute) com.devhub.ocr.CP.CPA0_0101.mod.CPA0_0101Service::process@247 (line 76)
  0x000071d3c1343588: 06e9 c5e3 

  0x000071d3c134358c: ;   {metadata({method} {0x000071d3618fcef8} 'process' '(Ljava/io/File;Ljava/lang/String;)Lcom/devhub/ocr/CP/CPA0_0101/mod/CPA0_0101Service$PreprocessResult;' in 'com/devhub/ocr/CP/CPA0_0101/mod/CPA0_0101Service')}
  0x000071d3c134358c: ffff 49ba | f8ce 8f61 | d371 0000 | 4c89 5424 | 0848 c704 | 24ed 0000 

  0x000071d3c13435a4: ;   {runtime_call counter_overflow Runtime1 stub}
  0x000071d3c13435a4: 00e8 d674 

  0x000071d3c13435a8: ; ImmutableOopMap {rax=Oop rcx=Oop [216]=Oop [336]=Oop [344]=Oop [352]=Oop [360]=Oop [376]=Oop [384]=Oop [400]=Oop [408]=Oop }
                      ;*if_icmplt {reexecute=1 rethrow=0 return_oop=0}
                      ; - (reexecute) com.devhub.ocr.CP.CPA0_0101.mod.CPA0_0101Service::process@237 (line 77)
  0x000071d3c13435a8: b106 e93d 

  0x000071d3c13435ac: ;   {metadata({method} {0x000071d361a6b490} 'get' '(II)I' in 'boofcv/struct/image/GrayI')}
  0x000071d3c13435ac: e4ff ff49 | ba90 b4a6 | 61d3 7100 | 004c 8954 | 2408 48c7 | 0424 ffff 

  0x000071d3c13435c4: ;   {runtime_call counter_overflow Runtime1 stub}
  0x000071d3c13435c4: ffff e8b5 

  0x000071d3c13435c8: ; ImmutableOopMap {rax=Oop rcx=Oop [216]=Oop [336]=Oop [344]=Oop [352]=Oop [360]=Oop [376]=Oop [384]=Oop [400]=Oop [408]=Oop }
                      ;*synchronization entry
                      ; - boofcv.struct.image.GrayI::get@-1 (line 56)
                      ; - com.devhub.ocr.CP.CPA0_0101.mod.CPA0_0101Service::process@200 (line 78)
  0x000071d3c13435c8: 74b1 06e9 | 14e5 ffff 

  0x000071d3c13435d0: ;   {metadata({method} {0x000071d361a5e280} 'isInBounds' '(II)Z' in 'boofcv/struct/image/ImageBase')}
  0x000071d3c13435d0: 49ba 80e2 | a561 d371 | 0000 4c89 | 5424 0848 | c704 24ff 

  0x000071d3c13435e4: ;   {runtime_call counter_overflow Runtime1 stub}
  0x000071d3c13435e4: ffff ffe8 

  0x000071d3c13435e8: ; ImmutableOopMap {rax=Oop rcx=Oop [216]=Oop [336]=Oop [344]=Oop [352]=Oop [360]=Oop [376]=Oop [384]=Oop [400]=Oop [408]=Oop }
                      ;*synchronization entry
                      ; - boofcv.struct.image.ImageBase::isInBounds@-1 (line 132)
                      ; - boofcv.struct.image.GrayI::get@3 (line 56)
                      ; - com.devhub.ocr.CP.CPA0_0101.mod.CPA0_0101Service::process@200 (line 78)
  0x000071d3c13435e8: 9474 b106 | e934 e5ff 

  0x000071d3c13435f0: ;   {metadata({method} {0x000071d361a6db38} 'unsafe_get' '(II)I' in 'boofcv/struct/image/GrayU8')}
  0x000071d3c13435f0: ff49 ba38 | dba6 61d3 | 7100 004c | 8954 2408 | 48c7 0424 | ffff ffff 

  0x000071d3c1343608: ;   {runtime_call counter_overflow Runtime1 stub}
  0x000071d3c1343608: e873 74b1 

  0x000071d3c134360c: ; ImmutableOopMap {rax=Oop rcx=Oop [216]=Oop [336]=Oop [344]=Oop [352]=Oop [360]=Oop [376]=Oop [384]=Oop [400]=Oop [408]=Oop }
                      ;*synchronization entry
                      ; - boofcv.struct.image.GrayU8::unsafe_get@-1 (line 48)
                      ; - boofcv.struct.image.GrayI::get@27 (line 59)
                      ; - com.devhub.ocr.CP.CPA0_0101.mod.CPA0_0101Service::process@200 (line 78)
  0x000071d3c134360c: 06e9 64e6 

  0x000071d3c1343610: ;   {metadata({method} {0x000071d361a5e360} 'getIndex' '(II)I' in 'boofcv/struct/image/ImageBase')}
  0x000071d3c1343610: ffff 49ba | 60e3 a561 | d371 0000 | 4c89 5424 | 0848 c704 | 24ff ffff 

  0x000071d3c1343628: ;   {runtime_call counter_overflow Runtime1 stub}
  0x000071d3c1343628: ffe8 5274 

  0x000071d3c134362c: ; ImmutableOopMap {rax=Oop rcx=Oop rdx=Oop [216]=Oop [336]=Oop [344]=Oop [352]=Oop [360]=Oop [376]=Oop [384]=Oop [400]=Oop [408]=Oop }
                      ;*synchronization entry
                      ; - boofcv.struct.image.ImageBase::getIndex@-1 (line 136)
                      ; - boofcv.struct.image.GrayU8::unsafe_get@7 (line 48)
                      ; - boofcv.struct.image.GrayI::get@27 (line 59)
                      ; - com.devhub.ocr.CP.CPA0_0101.mod.CPA0_0101Service::process@200 (line 78)
  0x000071d3c134362c: b106 e906 

  0x000071d3c1343630: ;   {runtime_call throw_null_pointer_exception Runtime1 stub}
  0x000071d3c1343630: e7ff ffe8 

  0x000071d3c1343634: ; ImmutableOopMap {rax=Oop rcx=Oop rdx=Oop [216]=Oop [336]=Oop [344]=Oop [352]=Oop [360]=Oop [376]=Oop [384]=Oop [400]=Oop [408]=Oop }
                      ;*baload {reexecute=0 rethrow=0 return_oop=0}
                      ; - boofcv.struct.image.GrayU8::unsafe_get@10 (line 48)
                      ; - boofcv.struct.image.GrayI::get@27 (line 59)
                      ; - com.devhub.ocr.CP.CPA0_0101.mod.CPA0_0101Service::process@200 (line 78)
  0x000071d3c1343634: 486f a806 

  0x000071d3c1343638: ;   {runtime_call throw_null_pointer_exception Runtime1 stub}
  0x000071d3c1343638: e843 6fa8 

  0x000071d3c134363c: ; ImmutableOopMap {rax=Oop rcx=Oop rdx=Oop [216]=Oop [336]=Oop [344]=Oop [352]=Oop [360]=Oop [376]=Oop [384]=Oop [400]=Oop [408]=Oop }
                      ;*baload {reexecute=0 rethrow=0 return_oop=0}
                      ; - boofcv.struct.image.GrayU8::unsafe_get@10 (line 48)
                      ; - boofcv.struct.image.GrayI::get@27 (line 59)
                      ; - com.devhub.ocr.CP.CPA0_0101.mod.CPA0_0101Service::process@200 (line 78)
  0x000071d3c134363c: 064c 890c | 2448 8954 

  0x000071d3c1343644: ;   {runtime_call throw_range_check_failed Runtime1 stub}
  0x000071d3c1343644: 2408 e835 

  0x000071d3c1343648: ; ImmutableOopMap {rax=Oop rcx=Oop rdx=Oop [216]=Oop [336]=Oop [344]=Oop [352]=Oop [360]=Oop [376]=Oop [384]=Oop [400]=Oop [408]=Oop }
                      ;*baload {reexecute=0 rethrow=0 return_oop=0}
                      ; - boofcv.struct.image.GrayU8::unsafe_get@10 (line 48)
                      ; - boofcv.struct.image.GrayI::get@27 (line 59)
                      ; - com.devhub.ocr.CP.CPA0_0101.mod.CPA0_0101Service::process@200 (line 78)
  0x000071d3c1343648: 78a8 0648 | 893c 2448 | 8944 2408 

  0x000071d3c1343654: ;   {runtime_call throw_range_check_failed Runtime1 stub}
  0x000071d3c1343654: e827 78a8 

  0x000071d3c1343658: ; ImmutableOopMap {rax=Oop rcx=Oop [216]=Oop [336]=Oop [344]=Oop [352]=Oop [360]=Oop [376]=Oop [384]=Oop [400]=Oop [408]=Oop }
                      ;*aaload {reexecute=0 rethrow=0 return_oop=0}
                      ; - com.devhub.ocr.CP.CPA0_0101.mod.CPA0_0101Service::process@213 (line 79)
                      ;   {runtime_call throw_null_pointer_exception Runtime1 stub}
  0x000071d3c1343658: 06e8 226f 

  0x000071d3c134365c: ; ImmutableOopMap {rax=Oop rcx=Oop r9=Oop [216]=Oop [336]=Oop [344]=Oop [352]=Oop [360]=Oop [376]=Oop [384]=Oop [400]=Oop [408]=Oop }
                      ;*bastore {reexecute=0 rethrow=0 return_oop=0}
                      ; - com.devhub.ocr.CP.CPA0_0101.mod.CPA0_0101Service::process@229 (line 79)
                      ;   {runtime_call throw_null_pointer_exception Runtime1 stub}
  0x000071d3c134365c: a806 e81d 

  0x000071d3c1343660: ; ImmutableOopMap {rax=Oop rcx=Oop r9=Oop [216]=Oop [336]=Oop [344]=Oop [352]=Oop [360]=Oop [376]=Oop [384]=Oop [400]=Oop [408]=Oop }
                      ;*bastore {reexecute=0 rethrow=0 return_oop=0}
                      ; - com.devhub.ocr.CP.CPA0_0101.mod.CPA0_0101Service::process@229 (line 79)
  0x000071d3c1343660: 6fa8 064c | 8904 244c | 894c 2408 

  0x000071d3c134366c: ;   {runtime_call throw_range_check_failed Runtime1 stub}
  0x000071d3c134366c: e80f 78a8 

  0x000071d3c1343670: ; ImmutableOopMap {rax=Oop rcx=Oop r9=Oop [216]=Oop [336]=Oop [344]=Oop [352]=Oop [360]=Oop [376]=Oop [384]=Oop [400]=Oop [408]=Oop }
                      ;*bastore {reexecute=0 rethrow=0 return_oop=0}
                      ; - com.devhub.ocr.CP.CPA0_0101.mod.CPA0_0101Service::process@229 (line 79)
                      ;   {metadata('com/devhub/ocr/CP/CPA0_0101/mod/CPA0_0101Service$PreprocessResult')}
  0x000071d3c1343670: 0648 bae8 | dc5d 64d3 | 7100 00b8 | 000f 050a 

  0x000071d3c1343680: ;   {runtime_call load_klass_patching Runtime1 stub}
  0x000071d3c1343680: e8fb afb1 

  0x000071d3c1343684: ; ImmutableOopMap {rax=Oop [216]=Oop [336]=Oop [344]=Oop [352]=Oop [360]=Oop [376]=Oop [384]=Oop [400]=Oop [408]=Oop [424]=Oop }
                      ;*new {reexecute=1 rethrow=0 return_oop=0}
                      ; - (reexecute) com.devhub.ocr.CP.CPA0_0101.mod.CPA0_0101Service::process@258 (line 87)
  0x000071d3c1343684: 06e9 d6e7 | ffff 488b 

  0x000071d3c134368c: ;   {runtime_call new_instance Runtime1 stub}
  0x000071d3c134368c: d2e8 ee68 

  0x000071d3c1343690: ; ImmutableOopMap {[216]=Oop [336]=Oop [344]=Oop [352]=Oop [360]=Oop [376]=Oop [384]=Oop [400]=Oop [408]=Oop [424]=Oop }
                      ;*new {reexecute=0 rethrow=0 return_oop=0}
                      ; - com.devhub.ocr.CP.CPA0_0101.mod.CPA0_0101Service::process@258 (line 87)
  0x000071d3c1343690: a806 e9d8 

  0x000071d3c1343694: ;   {runtime_call throw_null_pointer_exception Runtime1 stub}
  0x000071d3c1343694: e7ff ffe8 

  0x000071d3c1343698: ; ImmutableOopMap {rax=Oop [216]=Oop [336]=Oop [344]=Oop [352]=Oop [360]=Oop [376]=Oop [384]=Oop [400]=Oop [408]=Oop [416]=Oop [424]=Oop }
                      ;*putfield deskewAngleDegrees {reexecute=1 rethrow=0 return_oop=0}
                      ; - (reexecute) com.devhub.ocr.CP.CPA0_0101.mod.CPA0_0101Service::process@271 (line 88)
  0x000071d3c1343698: e46e a806 | c5fb 1188 | 1000 0000 | b800 0d05 

  0x000071d3c13436a8: ;   {runtime_call access_field_patching Runtime1 stub}
  0x000071d3c13436a8: 08e8 d2ab 

  0x000071d3c13436ac: ; ImmutableOopMap {rax=Oop [216]=Oop [336]=Oop [344]=Oop [352]=Oop [360]=Oop [376]=Oop [384]=Oop [400]=Oop [408]=Oop [416]=Oop [424]=Oop }
                      ;*putfield deskewAngleDegrees {reexecute=1 rethrow=0 return_oop=0}
                      ; - (reexecute) com.devhub.ocr.CP.CPA0_0101.mod.CPA0_0101Service::process@271 (line 88)
  0x000071d3c13436ac: b106 e9fd 

  0x000071d3c13436b0: ;   {metadata('net/sourceforge/tess4j/Tesseract')}
  0x000071d3c13436b0: e7ff ff48 | bac0 ae5f | 64d3 7100 | 00b8 000f 

  0x000071d3c13436c0: ;   {runtime_call load_klass_patching Runtime1 stub}
  0x000071d3c13436c0: 050a e8b9 

  0x000071d3c13436c4: ; ImmutableOopMap {rax=Oop [216]=Oop [336]=Oop [344]=Oop [352]=Oop [360]=Oop [376]=Oop [384]=Oop [400]=Oop [408]=Oop [416]=Oop [424]=Oop }
                      ;*new {reexecute=1 rethrow=0 return_oop=0}
                      ; - (reexecute) com.devhub.ocr.CP.CPA0_0101.mod.CPA0_0101Service::process@274 (line 90)
  0x000071d3c13436c4: afb1 06e9 | ece7 ffff 

  0x000071d3c13436cc: ;   {runtime_call new_instance Runtime1 stub}
  0x000071d3c13436cc: 488b d2e8 

  0x000071d3c13436d0: ; ImmutableOopMap {[216]=Oop [336]=Oop [344]=Oop [352]=Oop [360]=Oop [376]=Oop [384]=Oop [400]=Oop [408]=Oop [416]=Oop [424]=Oop }
                      ;*new {reexecute=0 rethrow=0 return_oop=0}
                      ; - com.devhub.ocr.CP.CPA0_0101.mod.CPA0_0101Service::process@274 (line 90)
  0x000071d3c13436d0: ac68 a806 | e9ee e7ff 

  0x000071d3c13436d8: ;   {runtime_call throw_null_pointer_exception Runtime1 stub}
  0x000071d3c13436d8: ffe8 a26e 

  0x000071d3c13436dc: ; ImmutableOopMap {r8=Oop [216]=Oop [336]=Oop [352]=Oop [360]=Oop [376]=Oop [384]=Oop [400]=Oop [408]=Oop [416]=Oop [424]=Oop [432]=Oop }
                      ;*invokevirtual isEmpty {reexecute=0 rethrow=0 return_oop=0}
                      ; - com.devhub.ocr.CP.CPA0_0101.mod.CPA0_0101Service::process@288 (line 91)
                      ;   {metadata({method} {0x000071d36300ef38} 'isEmpty' '()Z' in 'java/lang/String')}
  0x000071d3c13436dc: a806 49ba | 38ef 0063 | d371 0000 | 4c89 5424 | 0848 c704 | 24ff ffff 

  0x000071d3c13436f4: ;   {runtime_call counter_overflow Runtime1 stub}
  0x000071d3c13436f4: ffe8 8673 

  0x000071d3c13436f8: ; ImmutableOopMap {r8=Oop [216]=Oop [336]=Oop [352]=Oop [360]=Oop [376]=Oop [384]=Oop [400]=Oop [408]=Oop [416]=Oop [424]=Oop [432]=Oop }
                      ;*synchronization entry
                      ; - java.lang.String::isEmpty@-1 (line 1532)
                      ; - com.devhub.ocr.CP.CPA0_0101.mod.CPA0_0101Service::process@288 (line 91)
  0x000071d3c13436f8: b106 e980 

  0x000071d3c13436fc: ;   {runtime_call throw_null_pointer_exception Runtime1 stub}
  0x000071d3c13436fc: e8ff ffe8 

  0x000071d3c1343700: ; ImmutableOopMap {r8=Oop [216]=Oop [336]=Oop [352]=Oop [360]=Oop [376]=Oop [384]=Oop [400]=Oop [408]=Oop [416]=Oop [424]=Oop [432]=Oop }
                      ;*arraylength {reexecute=0 rethrow=0 return_oop=0}
                      ; - java.lang.String::isEmpty@4 (line 1532)
                      ; - com.devhub.ocr.CP.CPA0_0101.mod.CPA0_0101Service::process@288 (line 91)
  0x000071d3c1343700: 7c6e a806 

  0x000071d3c1343704: ;   {runtime_call throw_null_pointer_exception Runtime1 stub}
  0x000071d3c1343704: e877 6ea8 

  0x000071d3c1343708: ; ImmutableOopMap {rax=Oop [216]=Oop [336]=Oop [344]=Oop [352]=Oop [360]=Oop [376]=Oop [384]=Oop [400]=Oop [408]=Oop [416]=Oop [424]=Oop [432]=Oop }
                      ;*invokeinterface iterator {reexecute=0 rethrow=0 return_oop=0}
                      ; - com.devhub.ocr.CP.CPA0_0101.mod.CPA0_0101Service::process@304 (line 93)
                      ;   {runtime_call throw_null_pointer_exception Runtime1 stub}
  0x000071d3c1343708: 06e8 726e 

  0x000071d3c134370c: ; ImmutableOopMap {rax=Oop [216]=Oop [336]=Oop [344]=Oop [352]=Oop [360]=Oop [376]=Oop [384]=Oop [400]=Oop [408]=Oop [416]=Oop [424]=Oop [432]=Oop [440]=Oop }
                      ;*invokeinterface hasNext {reexecute=0 rethrow=0 return_oop=0}
                      ; - com.devhub.ocr.CP.CPA0_0101.mod.CPA0_0101Service::process@539 (line 93)
                      ;   {metadata({method} {0x000071d3618fcef8} 'process' '(Ljava/io/File;Ljava/lang/String;)Lcom/devhub/ocr/CP/CPA0_0101/mod/CPA0_0101Service$PreprocessResult;' in 'com/devhub/ocr/CP/CPA0_0101/mod/CPA0_0101Service')}
  0x000071d3c134370c: a806 49ba | f8ce 8f61 | d371 0000 | 4c89 5424 | 0848 c704 | 2420 0200 

  0x000071d3c1343724: ;   {runtime_call counter_overflow Runtime1 stub}
  0x000071d3c1343724: 00e8 5673 

  0x000071d3c1343728: ; ImmutableOopMap {[216]=Oop [336]=Oop [344]=Oop [352]=Oop [360]=Oop [376]=Oop [384]=Oop [400]=Oop [408]=Oop [416]=Oop [424]=Oop [432]=Oop [440]=Oop }
                      ;*ifne {reexecute=1 rethrow=0 return_oop=0}
                      ; - (reexecute) com.devhub.ocr.CP.CPA0_0101.mod.CPA0_0101Service::process@544 (line 93)
  0x000071d3c1343728: b106 e972 | ebff ff48 

  0x000071d3c1343730: ;   {runtime_call throw_class_cast_exception Runtime1 stub}
  0x000071d3c1343730: 8904 24e8 

  0x000071d3c1343734: ; ImmutableOopMap {[216]=Oop [336]=Oop [344]=Oop [352]=Oop [360]=Oop [376]=Oop [384]=Oop [400]=Oop [408]=Oop [416]=Oop [424]=Oop [432]=Oop [440]=Oop }
                      ;*checkcast {reexecute=0 rethrow=0 return_oop=0}
                      ; - com.devhub.ocr.CP.CPA0_0101.mod.CPA0_0101Service::process@321 (line 93)
  0x000071d3c1343734: c858 b106 

  0x000071d3c1343738: ;   {runtime_call throw_null_pointer_exception Runtime1 stub}
  0x000071d3c1343738: e843 6ea8 

  0x000071d3c134373c: ; ImmutableOopMap {rdi=Oop [216]=Oop [336]=Oop [344]=Oop [352]=Oop [360]=Oop [376]=Oop [384]=Oop [400]=Oop [408]=Oop [416]=Oop [424]=Oop [432]=Oop [440]=Oop [472]=Oop }
                      ;*iaload {reexecute=0 rethrow=0 return_oop=0}
                      ; - com.devhub.ocr.CP.CPA0_0101.mod.CPA0_0101Service::process@329 (line 94)
                      ;   {runtime_call throw_null_pointer_exception Runtime1 stub}
  0x000071d3c134373c: 06e8 3e6e 

  0x000071d3c1343740: ; ImmutableOopMap {rdi=Oop [216]=Oop [336]=Oop [344]=Oop [352]=Oop [360]=Oop [376]=Oop [384]=Oop [400]=Oop [408]=Oop [416]=Oop [424]=Oop [432]=Oop [440]=Oop [472]=Oop }
                      ;*iaload {reexecute=0 rethrow=0 return_oop=0}
                      ; - com.devhub.ocr.CP.CPA0_0101.mod.CPA0_0101Service::process@329 (line 94)
  0x000071d3c1343740: a806 48c7 | 0424 0000 | 0000 4889 

  0x000071d3c134374c: ;   {runtime_call throw_range_check_failed Runtime1 stub}
  0x000071d3c134374c: 7c24 08e8 

  0x000071d3c1343750: ; ImmutableOopMap {rdi=Oop [216]=Oop [336]=Oop [344]=Oop [352]=Oop [360]=Oop [376]=Oop [384]=Oop [400]=Oop [408]=Oop [416]=Oop [424]=Oop [432]=Oop [440]=Oop [472]=Oop }
                      ;*iaload {reexecute=0 rethrow=0 return_oop=0}
                      ; - com.devhub.ocr.CP.CPA0_0101.mod.CPA0_0101Service::process@329 (line 94)
  0x000071d3c1343750: 2c77 a806 | 48c7 0424 | 0100 0000 | 4889 7c24 

  0x000071d3c1343760: ;   {runtime_call throw_range_check_failed Runtime1 stub}
  0x000071d3c1343760: 08e8 1a77 

  0x000071d3c1343764: ; ImmutableOopMap {rdi=Oop [216]=Oop [336]=Oop [344]=Oop [352]=Oop [360]=Oop [376]=Oop [384]=Oop [400]=Oop [408]=Oop [416]=Oop [424]=Oop [432]=Oop [440]=Oop [472]=Oop }
                      ;*iaload {reexecute=0 rethrow=0 return_oop=0}
                      ; - com.devhub.ocr.CP.CPA0_0101.mod.CPA0_0101Service::process@335 (line 94)
  0x000071d3c1343764: a806 48c7 | 0424 0200 | 0000 4889 

  0x000071d3c1343770: ;   {runtime_call throw_range_check_failed Runtime1 stub}
  0x000071d3c1343770: 7c24 08e8 

  0x000071d3c1343774: ; ImmutableOopMap {rdi=Oop [216]=Oop [336]=Oop [344]=Oop [352]=Oop [360]=Oop [376]=Oop [384]=Oop [400]=Oop [408]=Oop [416]=Oop [424]=Oop [432]=Oop [440]=Oop [472]=Oop }
                      ;*iaload {reexecute=0 rethrow=0 return_oop=0}
                      ; - com.devhub.ocr.CP.CPA0_0101.mod.CPA0_0101Service::process@341 (line 94)
  0x000071d3c1343774: 0877 a806 | 48c7 0424 | 0300 0000 | 4889 7c24 

  0x000071d3c1343784: ;   {runtime_call throw_range_check_failed Runtime1 stub}
  0x000071d3c1343784: 08e8 f676 

  0x000071d3c1343788: ; ImmutableOopMap {rdi=Oop [216]=Oop [336]=Oop [344]=Oop [352]=Oop [360]=Oop [376]=Oop [384]=Oop [400]=Oop [408]=Oop [416]=Oop [424]=Oop [432]=Oop [440]=Oop [472]=Oop }
                      ;*iaload {reexecute=0 rethrow=0 return_oop=0}
                      ; - com.devhub.ocr.CP.CPA0_0101.mod.CPA0_0101Service::process@347 (line 94)
                      ;   {metadata({method} {0x000071d363428128} 'max' '(II)I' in 'java/lang/Math')}
  0x000071d3c1343788: a806 49ba | 2881 4263 | d371 0000 | 4c89 5424 | 0848 c704 | 24ff ffff 

  0x000071d3c13437a0: ;   {runtime_call counter_overflow Runtime1 stub}
  0x000071d3c13437a0: ffe8 da72 

  0x000071d3c13437a4: ; ImmutableOopMap {rdi=Oop [216]=Oop [336]=Oop [344]=Oop [352]=Oop [360]=Oop [376]=Oop [384]=Oop [400]=Oop [408]=Oop [416]=Oop [424]=Oop [432]=Oop [440]=Oop [472]=Oop }
                      ;*synchronization entry
                      ; - java.lang.Math::max@-1 (line 2020)
                      ; - com.devhub.ocr.CP.CPA0_0101.mod.CPA0_0101Service::process@384 (line 100)
  0x000071d3c13437a4: b106 e900 

  0x000071d3c13437a8: ;   {metadata({method} {0x000071d363428128} 'max' '(II)I' in 'java/lang/Math')}
  0x000071d3c13437a8: eeff ff49 | ba28 8142 | 63d3 7100 | 004c 8954 | 2408 48c7 | 0424 ffff 

  0x000071d3c13437c0: ;   {runtime_call counter_overflow Runtime1 stub}
  0x000071d3c13437c0: ffff e8b9 

  0x000071d3c13437c4: ; ImmutableOopMap {rdi=Oop [216]=Oop [336]=Oop [344]=Oop [352]=Oop [360]=Oop [376]=Oop [384]=Oop [400]=Oop [408]=Oop [416]=Oop [424]=Oop [432]=Oop [440]=Oop [472]=Oop }
                      ;*synchronization entry
                      ; - java.lang.Math::max@-1 (line 2020)
                      ; - com.devhub.ocr.CP.CPA0_0101.mod.CPA0_0101Service::process@392 (line 101)
  0x000071d3c13437c4: 72b1 06e9 | 69ee ffff 

  0x000071d3c13437cc: ;   {metadata({method} {0x000071d363428288} 'min' '(II)I' in 'java/lang/Math')}
  0x000071d3c13437cc: 49ba 8882 | 4263 d371 | 0000 4c89 | 5424 0848 | c704 24ff 

  0x000071d3c13437e0: ;   {runtime_call counter_overflow Runtime1 stub}
  0x000071d3c13437e0: ffff ffe8 

  0x000071d3c13437e4: ; ImmutableOopMap {[216]=Oop [336]=Oop [344]=Oop [352]=Oop [360]=Oop [376]=Oop [384]=Oop [400]=Oop [408]=Oop [416]=Oop [424]=Oop [432]=Oop [440]=Oop [472]=Oop }
                      ;*synchronization entry
                      ; - java.lang.Math::min@-1 (line 2115)
                      ; - com.devhub.ocr.CP.CPA0_0101.mod.CPA0_0101Service::process@407 (line 102)
  0x000071d3c13437e4: 9872 b106 | e907 efff 

  0x000071d3c13437ec: ;   {metadata({method} {0x000071d363428288} 'min' '(II)I' in 'java/lang/Math')}
  0x000071d3c13437ec: ff49 ba88 | 8242 63d3 | 7100 004c | 8954 2408 | 48c7 0424 | ffff ffff 

  0x000071d3c1343804: ;   {runtime_call counter_overflow Runtime1 stub}
  0x000071d3c1343804: e877 72b1 

  0x000071d3c1343808: ; ImmutableOopMap {[216]=Oop [336]=Oop [344]=Oop [352]=Oop [360]=Oop [376]=Oop [384]=Oop [400]=Oop [408]=Oop [416]=Oop [424]=Oop [432]=Oop [440]=Oop [472]=Oop }
                      ;*synchronization entry
                      ; - java.lang.Math::min@-1 (line 2115)
                      ; - com.devhub.ocr.CP.CPA0_0101.mod.CPA0_0101Service::process@422 (line 103)
  0x000071d3c1343808: 06e9 9eef | ffff 48ba | 0000 0000 | 0000 0000 | b800 0f05 

  0x000071d3c134381c: ;   {runtime_call load_appendix_patching Runtime1 stub}
  0x000071d3c134381c: 0ae8 5eb6 

  0x000071d3c1343820: ; ImmutableOopMap {rax=Oop [216]=Oop [336]=Oop [344]=Oop [352]=Oop [360]=Oop [376]=Oop [384]=Oop [400]=Oop [408]=Oop [416]=Oop [424]=Oop [432]=Oop [440]=Oop [472]=Oop [488]=Oop [496]=Oop }
                      ;*invokedynamic {reexecute=1 rethrow=0 return_oop=0}
                      ; - (reexecute) com.devhub.ocr.CP.CPA0_0101.mod.CPA0_0101Service::process@480 (line 111)
  0x000071d3c1343820: b106 e931 

  0x000071d3c1343824: ;   {metadata(nullptr)}
  0x000071d3c1343824: f2ff ff48 | ba00 0000 | 0000 0000 | 00b8 000f 

  0x000071d3c1343834: ;   {runtime_call load_klass_patching Runtime1 stub}
  0x000071d3c1343834: 050a e845 

  0x000071d3c1343838: ; ImmutableOopMap {[216]=Oop [336]=Oop [344]=Oop [352]=Oop [360]=Oop [376]=Oop [384]=Oop [400]=Oop [408]=Oop [416]=Oop [424]=Oop [432]=Oop [440]=Oop [472]=Oop [488]=Oop [504]=Oop }
                      ;*new {reexecute=1 rethrow=0 return_oop=0}
                      ; - (reexecute) com.devhub.ocr.CP.CPA0_0101.mod.CPA0_0101Service::process@487 (line 114)
  0x000071d3c1343838: aeb1 06e9 | 60f2 ffff 

  0x000071d3c1343840: ;   {runtime_call new_instance Runtime1 stub}
  0x000071d3c1343840: 488b d2e8 

  0x000071d3c1343844: ; ImmutableOopMap {[216]=Oop [336]=Oop [344]=Oop [352]=Oop [360]=Oop [376]=Oop [384]=Oop [400]=Oop [408]=Oop [416]=Oop [424]=Oop [432]=Oop [440]=Oop [472]=Oop [488]=Oop [504]=Oop }
                      ;*new {reexecute=0 rethrow=0 return_oop=0}
                      ; - com.devhub.ocr.CP.CPA0_0101.mod.CPA0_0101Service::process@487 (line 114)
  0x000071d3c1343844: 3867 a806 | e962 f2ff 

  0x000071d3c134384c: ;   {runtime_call throw_null_pointer_exception Runtime1 stub}
  0x000071d3c134384c: ffe8 2e6d 

  0x000071d3c1343850: ; ImmutableOopMap {rax=Oop [216]=Oop [336]=Oop [344]=Oop [352]=Oop [360]=Oop [376]=Oop [384]=Oop [400]=Oop [408]=Oop [416]=Oop [424]=Oop [432]=Oop [440]=Oop [472]=Oop [488]=Oop [512]=Oop }
                      ;*invokevirtual trim {reexecute=0 rethrow=0 return_oop=0}
                      ; - com.devhub.ocr.CP.CPA0_0101.mod.CPA0_0101Service::process@518 (line 115)
                      ;   {metadata({method} {0x000071d363454b90} 'trim' '()Ljava/lang/String;' in 'java/lang/String')}
  0x000071d3c1343850: a806 49ba | 904b 4563 | d371 0000 | 4c89 5424 | 0848 c704 | 24ff ffff 

  0x000071d3c1343868: ;   {runtime_call counter_overflow Runtime1 stub}
  0x000071d3c1343868: ffe8 1272 

  0x000071d3c134386c: ; ImmutableOopMap {rax=Oop [216]=Oop [336]=Oop [344]=Oop [352]=Oop [360]=Oop [376]=Oop [384]=Oop [400]=Oop [408]=Oop [416]=Oop [424]=Oop [432]=Oop [440]=Oop [472]=Oop [488]=Oop [512]=Oop }
                      ;*synchronization entry
                      ; - java.lang.String::trim@-1 (line 3779)
                      ; - com.devhub.ocr.CP.CPA0_0101.mod.CPA0_0101Service::process@518 (line 115)
  0x000071d3c134386c: b106 e936 

  0x000071d3c1343870: ;   {metadata({method} {0x000071d363455a58} 'isLatin1' '()Z' in 'java/lang/String')}
  0x000071d3c1343870: f3ff ff49 | ba58 5a45 | 63d3 7100 | 004c 8954 | 2408 48c7 | 0424 ffff 

  0x000071d3c1343888: ;   {runtime_call counter_overflow Runtime1 stub}
  0x000071d3c1343888: ffff e8f1 

  0x000071d3c134388c: ; ImmutableOopMap {rax=Oop [216]=Oop [336]=Oop [344]=Oop [352]=Oop [360]=Oop [376]=Oop [384]=Oop [400]=Oop [408]=Oop [416]=Oop [424]=Oop [432]=Oop [440]=Oop [472]=Oop [488]=Oop [512]=Oop }
                      ;*synchronization entry
                      ; - java.lang.String::isLatin1@-1 (line 4821)
                      ; - java.lang.String::trim@1 (line 3779)
                      ; - com.devhub.ocr.CP.CPA0_0101.mod.CPA0_0101Service::process@518 (line 115)
  0x000071d3c134388c: 71b1 06e9 | 51f3 ffff | 0f1f 4000 

  0x000071d3c1343898: ; implicit exception: dispatches to 0x000071d3c1343a0b
  0x000071d3c1343898: e97e 0100 | 0090 4883 | fb00 0f84 | c2f4 ffff | 4889 1c24 

  0x000071d3c13438ac: ;   {runtime_call g1_pre_barrier_slow}
  0x000071d3c13438ac: e8cf 6bb1 | 06e9 b4f4 

  0x000071d3c13438b4: ;   {runtime_call throw_null_pointer_exception Runtime1 stub}
  0x000071d3c13438b4: ffff e8c5 

  0x000071d3c13438b8: ; ImmutableOopMap {rax=Oop rdi=Oop rsi=Oop r10=NarrowOop [216]=Oop [336]=Oop [344]=Oop [352]=Oop [360]=Oop [376]=Oop [384]=Oop [400]=Oop [408]=Oop [416]=Oop [424]=Oop [432]=Oop [440]=Oop [472]=Oop [488]=Oop [504]=Oop [512]=Oop }
                      ;*putfield text {reexecute=1 rethrow=0 return_oop=0}
                      ; - (reexecute) com.devhub.ocr.CP.CPA0_0101.mod.CPA0_0101Service::process@521 (line 115)
  0x000071d3c13438b8: 6ca8 0644 | 8990 0000 | 0000 b800 

  0x000071d3c13438c4: ;   {runtime_call access_field_patching Runtime1 stub}
  0x000071d3c13438c4: 0c05 07e8 

  0x000071d3c13438c8: ; ImmutableOopMap {rax=Oop rdi=Oop rsi=Oop r10=NarrowOop [216]=Oop [336]=Oop [344]=Oop [352]=Oop [360]=Oop [376]=Oop [384]=Oop [400]=Oop [408]=Oop [416]=Oop [424]=Oop [432]=Oop [440]=Oop [472]=Oop [488]=Oop [504]=Oop [512]=Oop }
                      ;*putfield text {reexecute=1 rethrow=0 return_oop=0}
                      ; - (reexecute) com.devhub.ocr.CP.CPA0_0101.mod.CPA0_0101Service::process@521 (line 115)
  0x000071d3c13438c8: b4a9 b106 | e99f f4ff | ff48 83fe | 000f 84b0 | f4ff ff48 

  0x000071d3c13438dc: ;   {runtime_call g1_post_barrier_slow}
  0x000071d3c13438dc: 8904 24e8 | 9c68 b106 | e9a2 f4ff 

  0x000071d3c13438e8: ;   {runtime_call throw_null_pointer_exception Runtime1 stub}
  0x000071d3c13438e8: ffe8 926c 

  0x000071d3c13438ec: ; ImmutableOopMap {rax=Oop rdi=Oop [216]=Oop [336]=Oop [344]=Oop [352]=Oop [360]=Oop [376]=Oop [384]=Oop [400]=Oop [408]=Oop [416]=Oop [424]=Oop [432]=Oop [440]=Oop [472]=Oop [488]=Oop [504]=Oop [512]=Oop }
                      ;*getfield regions {reexecute=1 rethrow=0 return_oop=0}
                      ; - (reexecute) com.devhub.ocr.CP.CPA0_0101.mod.CPA0_0101Service::process@526 (line 116)
  0x000071d3c13438ec: a806 8bb7 | 0000 0000 | b800 0b05 

  0x000071d3c13438f8: ;   {runtime_call access_field_patching Runtime1 stub}
  0x000071d3c13438f8: 06e8 82a9 

  0x000071d3c13438fc: ; ImmutableOopMap {rax=Oop rdi=Oop [216]=Oop [336]=Oop [344]=Oop [352]=Oop [360]=Oop [376]=Oop [384]=Oop [400]=Oop [408]=Oop [416]=Oop [424]=Oop [432]=Oop [440]=Oop [472]=Oop [488]=Oop [504]=Oop [512]=Oop }
                      ;*getfield regions {reexecute=1 rethrow=0 return_oop=0}
                      ; - (reexecute) com.devhub.ocr.CP.CPA0_0101.mod.CPA0_0101Service::process@526 (line 116)
  0x000071d3c13438fc: b106 e98d 

  0x000071d3c1343900: ;   {runtime_call throw_null_pointer_exception Runtime1 stub}
  0x000071d3c1343900: f4ff ffe8 

  0x000071d3c1343904: ; ImmutableOopMap {rax=Oop rdi=Oop rsi=Oop [216]=Oop [336]=Oop [344]=Oop [352]=Oop [360]=Oop [376]=Oop [384]=Oop [400]=Oop [408]=Oop [416]=Oop [424]=Oop [432]=Oop [440]=Oop [472]=Oop [488]=Oop [504]=Oop [512]=Oop }
                      ;*invokeinterface add {reexecute=0 rethrow=0 return_oop=0}
                      ; - com.devhub.ocr.CP.CPA0_0101.mod.CPA0_0101Service::process@531 (line 116)
  0x000071d3c1343904: 786c a806 

  0x000071d3c1343908: ;   {internal_word}
  0x000071d3c1343908: 49ba c02e | 34c1 d371 | 0000 4d89 | 9760 0400 

  0x000071d3c1343918: ;   {runtime_call SafepointBlob}
  0x000071d3c1343918: 00e9 e296 

  0x000071d3c134391c: ;   {metadata(nullptr)}
  0x000071d3c134391c: a406 48ba | 0000 0000 | 0000 0000 | b800 0f05 

  0x000071d3c134392c: ;   {runtime_call load_klass_patching Runtime1 stub}
  0x000071d3c134392c: 0ae8 4ead 

  0x000071d3c1343930: ; ImmutableOopMap {[216]=Oop [336]=Oop [344]=Oop [352]=Oop [360]=Oop [376]=Oop [384]=Oop [400]=Oop [408]=Oop }
                      ;*new {reexecute=1 rethrow=0 return_oop=0}
                      ; - (reexecute) boofcv.struct.image.GrayI::get@9 (line 57)
                      ; - com.devhub.ocr.CP.CPA0_0101.mod.CPA0_0101Service::process@200 (line 78)
  0x000071d3c1343930: b106 e9a1 

  0x000071d3c1343934: ;   {runtime_call throw_null_pointer_exception Runtime1 stub}
  0x000071d3c1343934: f5ff ffe8 

  0x000071d3c1343938: ; ImmutableOopMap {[216]=Oop [336]=Oop [344]=Oop [352]=Oop [360]=Oop [376]=Oop [384]=Oop [400]=Oop [408]=Oop }
                      ;*new {reexecute=0 rethrow=0 return_oop=0}
                      ; - boofcv.struct.image.GrayI::get@9 (line 57)
                      ; - com.devhub.ocr.CP.CPA0_0101.mod.CPA0_0101Service::process@200 (line 78)
  0x000071d3c1343938: 446c a806 

  0x000071d3c134393c: ;   {runtime_call fast_new_instance_init_check Runtime1 stub}
  0x000071d3c134393c: 488b d2e8 

  0x000071d3c1343940: ; ImmutableOopMap {[216]=Oop [336]=Oop [344]=Oop [352]=Oop [360]=Oop [376]=Oop [384]=Oop [400]=Oop [408]=Oop }
                      ;*new {reexecute=0 rethrow=0 return_oop=0}
                      ; - boofcv.struct.image.GrayI::get@9 (line 57)
                      ; - com.devhub.ocr.CP.CPA0_0101.mod.CPA0_0101Service::process@200 (line 78)
  0x000071d3c1343940: 3c60 a806 | e9f4 f5ff | ff48 b900 | 0000 0000 | 0000 00b8 | 000f 050a 

  0x000071d3c1343958: ;   {runtime_call load_appendix_patching Runtime1 stub}
  0x000071d3c1343958: e823 b5b1 

  0x000071d3c134395c: ; ImmutableOopMap {rax=Oop [216]=Oop [336]=Oop [344]=Oop [352]=Oop [360]=Oop [376]=Oop [384]=Oop [400]=Oop [408]=Oop }
                      ;*invokedynamic {reexecute=1 rethrow=0 return_oop=0}
                      ; - (reexecute) boofcv.struct.image.GrayI::get@15 (line 57)
                      ; - com.devhub.ocr.CP.CPA0_0101.mod.CPA0_0101Service::process@200 (line 78)
  0x000071d3c134395c: 06e9 def5 

  0x000071d3c1343960: ;   {metadata(nullptr)}
  0x000071d3c1343960: ffff 48ba | 0000 0000 | 0000 0000 | b800 0f05 

  0x000071d3c1343970: ;   {runtime_call load_klass_patching Runtime1 stub}
  0x000071d3c1343970: 0ae8 0aad 

  0x000071d3c1343974: ; ImmutableOopMap {[296]=Oop [304]=Oop [312]=Oop [320]=Oop [536]=Oop [560]=Oop }
                      ;*new {reexecute=1 rethrow=0 return_oop=0}
                      ; - (reexecute) boofcv.struct.image.GrayI::get@9 (line 57)
                      ; - com.devhub.ocr.CP.CPA0_0101.mod.CPA0_0101Service::process@75 (line 60)
  0x000071d3c1343974: b106 e99d 

  0x000071d3c1343978: ;   {runtime_call throw_null_pointer_exception Runtime1 stub}
  0x000071d3c1343978: f6ff ffe8 

  0x000071d3c134397c: ; ImmutableOopMap {[296]=Oop [304]=Oop [312]=Oop [320]=Oop [536]=Oop [560]=Oop }
                      ;*new {reexecute=0 rethrow=0 return_oop=0}
                      ; - boofcv.struct.image.GrayI::get@9 (line 57)
                      ; - com.devhub.ocr.CP.CPA0_0101.mod.CPA0_0101Service::process@75 (line 60)
  0x000071d3c134397c: 006c a806 

  0x000071d3c1343980: ;   {runtime_call fast_new_instance_init_check Runtime1 stub}
  0x000071d3c1343980: 488b d2e8 

  0x000071d3c1343984: ; ImmutableOopMap {[296]=Oop [304]=Oop [312]=Oop [320]=Oop [536]=Oop [560]=Oop }
                      ;*new {reexecute=0 rethrow=0 return_oop=0}
                      ; - boofcv.struct.image.GrayI::get@9 (line 57)
                      ; - com.devhub.ocr.CP.CPA0_0101.mod.CPA0_0101Service::process@75 (line 60)
  0x000071d3c1343984: f85f a806 | e9f0 f6ff | ff48 b900 | 0000 0000 | 0000 00b8 | 000f 050a 

  0x000071d3c134399c: ;   {runtime_call load_appendix_patching Runtime1 stub}
  0x000071d3c134399c: e8df b4b1 

  0x000071d3c13439a0: ; ImmutableOopMap {rax=Oop [296]=Oop [304]=Oop [312]=Oop [320]=Oop [536]=Oop [560]=Oop }
                      ;*invokedynamic {reexecute=1 rethrow=0 return_oop=0}
                      ; - (reexecute) boofcv.struct.image.GrayI::get@15 (line 57)
                      ; - com.devhub.ocr.CP.CPA0_0101.mod.CPA0_0101Service::process@75 (line 60)
  0x000071d3c13439a0: 06e9 daf6 

  0x000071d3c13439a4: ;   {metadata(nullptr)}
  0x000071d3c13439a4: ffff 48ba | 0000 0000 | 0000 0000 | b800 0f05 

  0x000071d3c13439b4: ;   {runtime_call load_klass_patching Runtime1 stub}
  0x000071d3c13439b4: 0ae8 c6ac 

  0x000071d3c13439b8: ; ImmutableOopMap {rbx=Oop [168]=Oop [176]=Oop [184]=Oop [192]=Oop }
                      ;*new {reexecute=1 rethrow=0 return_oop=0}
                      ; - (reexecute) com.devhub.ocr.CP.CPA0_0101.mod.CPA0_0101Service::process@9 (line 49)
  0x000071d3c13439b8: b106 e979 | f7ff ff48 

  0x000071d3c13439c0: ;   {runtime_call fast_new_instance Runtime1 stub}
  0x000071d3c13439c0: 8bd2 e8b9 

  0x000071d3c13439c4: ; ImmutableOopMap {rbx=Oop [168]=Oop [176]=Oop [184]=Oop [192]=Oop }
                      ;*new {reexecute=0 rethrow=0 return_oop=0}
                      ; - com.devhub.ocr.CP.CPA0_0101.mod.CPA0_0101Service::process@9 (line 49)
  0x000071d3c13439c4: 62a8 06e9 | c4f7 ffff 

  0x000071d3c13439cc: ;   {runtime_call throw_null_pointer_exception Runtime1 stub}
  0x000071d3c13439cc: e8af 6ba8 

  0x000071d3c13439d0: ; ImmutableOopMap {rbx=Oop rax=Oop [168]=Oop [176]=Oop [184]=Oop [192]=Oop }
                      ;*invokevirtual getAbsolutePath {reexecute=0 rethrow=0 return_oop=0}
                      ; - com.devhub.ocr.CP.CPA0_0101.mod.CPA0_0101Service::process@14 (line 49)
                      ;   {metadata({method} {0x000071d3630539d8} 'getAbsolutePath' '()Ljava/lang/String;' in 'java/io/File')}
  0x000071d3c13439d0: 0649 bad8 | 3905 63d3 | 7100 004c | 8954 2408 | 48c7 0424 | ffff ffff 

  0x000071d3c13439e8: ;   {runtime_call counter_overflow Runtime1 stub}
  0x000071d3c13439e8: e893 70b1 

  0x000071d3c13439ec: ; ImmutableOopMap {rbx=Oop rax=Oop [168]=Oop [176]=Oop [184]=Oop [192]=Oop }
                      ;*synchronization entry
                      ; - java.io.File::getAbsolutePath@-1 (line 561)
                      ; - com.devhub.ocr.CP.CPA0_0101.mod.CPA0_0101Service::process@14 (line 49)
  0x000071d3c13439ec: 06e9 eef7 | ffff 48ba | 0000 0000 | 0000 0000 | b800 0f05 

  0x000071d3c1343a00: ;   {runtime_call load_appendix_patching Runtime1 stub}
  0x000071d3c1343a00: 0ae8 7ab4 

  0x000071d3c1343a04: ; ImmutableOopMap {rax=Oop [168]=Oop [176]=Oop [184]=Oop [192]=Oop [576]=Oop }
                      ;*invokedynamic {reexecute=1 rethrow=0 return_oop=0}
                      ; - (reexecute) com.devhub.ocr.CP.CPA0_0101.mod.CPA0_0101Service::process@17 (line 49)
  0x000071d3c1343a04: b106 e915 

  0x000071d3c1343a08: ;   {runtime_call throw_null_pointer_exception Runtime1 stub}
  0x000071d3c1343a08: f8ff ffe8 

  0x000071d3c1343a0c: ; ImmutableOopMap {rax=Oop rdi=Oop rsi=Oop [216]=Oop [336]=Oop [344]=Oop [352]=Oop [360]=Oop [376]=Oop [384]=Oop [400]=Oop [408]=Oop [416]=Oop [424]=Oop [432]=Oop [440]=Oop [472]=Oop [488]=Oop [504]=Oop [512]=Oop }
                      ;*putfield text {reexecute=1 rethrow=0 return_oop=0}
                      ; - (reexecute) com.devhub.ocr.CP.CPA0_0101.mod.CPA0_0101Service::process@521 (line 115)
  0x000071d3c1343a0c: 706b a806 | 8b98 0000 | 0000 b800 

  0x000071d3c1343a18: ;   {runtime_call access_field_patching Runtime1 stub}
  0x000071d3c1343a18: 0b05 06e8 

  0x000071d3c1343a1c: ; ImmutableOopMap {rax=Oop rdi=Oop rsi=Oop [216]=Oop [336]=Oop [344]=Oop [352]=Oop [360]=Oop [376]=Oop [384]=Oop [400]=Oop [408]=Oop [416]=Oop [424]=Oop [432]=Oop [440]=Oop [472]=Oop [488]=Oop [504]=Oop [512]=Oop }
                      ;*putfield text {reexecute=1 rethrow=0 return_oop=0}
                      ; - (reexecute) com.devhub.ocr.CP.CPA0_0101.mod.CPA0_0101Service::process@521 (line 115)
  0x000071d3c1343a1c: 60a8 b106 | e973 feff | ff49 8b87 | f804 0000 | 49c7 87f8 | 0400 0000 | 0000 0049 | c787 0005 
  0x000071d3c1343a3c: 0000 0000 | 0000 4881 | c460 0200 

  0x000071d3c1343a48: ;   {runtime_call unwind_exception Runtime1 stub}
  0x000071d3c1343a48: 005d e931 | 7aa8 06f4 
[Stub Code]
  0x000071d3c1343a50: ;   {no_reloc}
  0x000071d3c1343a50: 0f1f 4400 

  0x000071d3c1343a54: ;   {static_stub}
  0x000071d3c1343a54: 0048 bb60 | 01ab 61d3 

  0x000071d3c1343a5c: ;   {runtime_call I2C/C2I adapters}
  0x000071d3c1343a5c: 7100 00e9 | ff72 a406 

  0x000071d3c1343a64: ;   {static_stub}
  0x000071d3c1343a64: 9048 bb88 | ebaa 61d3 

  0x000071d3c1343a6c: ;   {runtime_call I2C/C2I adapters}
  0x000071d3c1343a6c: 7100 00e9 | ef72 a406 

  0x000071d3c1343a74: ;   {static_stub}
  0x000071d3c1343a74: 9048 bb00 | 0000 0000 

  0x000071d3c1343a7c: ;   {runtime_call nmethod}
  0x000071d3c1343a7c: 0000 00e9 | fbff ffff 

  0x000071d3c1343a84: ;   {static_stub}
  0x000071d3c1343a84: 9048 bb00 | 0000 0000 

  0x000071d3c1343a8c: ;   {runtime_call nmethod}
  0x000071d3c1343a8c: 0000 00e9 | fbff ffff 

  0x000071d3c1343a94: ;   {static_stub}
  0x000071d3c1343a94: 9048 bb00 | 0000 0000 

  0x000071d3c1343a9c: ;   {runtime_call nmethod}
  0x000071d3c1343a9c: 0000 00e9 | fbff ffff 

  0x000071d3c1343aa4: ;   {static_stub}
  0x000071d3c1343aa4: 9048 bb00 | 0000 0000 

  0x000071d3c1343aac: ;   {runtime_call nmethod}
  0x000071d3c1343aac: 0000 00e9 | fbff ffff 

  0x000071d3c1343ab4: ;   {static_stub}
  0x000071d3c1343ab4: 9048 bb00 | 0000 0000 

  0x000071d3c1343abc: ;   {runtime_call nmethod}
  0x000071d3c1343abc: 0000 00e9 | fbff ffff 

  0x000071d3c1343ac4: ;   {static_stub}
  0x000071d3c1343ac4: 9048 bb00 | 0000 0000 

  0x000071d3c1343acc: ;   {runtime_call nmethod}
  0x000071d3c1343acc: 0000 00e9 | fbff ffff 

  0x000071d3c1343ad4: ;   {static_stub}
  0x000071d3c1343ad4: 9048 bb00 | 0000 0000 

  0x000071d3c1343adc: ;   {runtime_call nmethod}
  0x000071d3c1343adc: 0000 00e9 | fbff ffff 

  0x000071d3c1343ae4: ;   {static_stub}
  0x000071d3c1343ae4: 9048 bb00 | 0000 0000 

  0x000071d3c1343aec: ;   {runtime_call nmethod}
  0x000071d3c1343aec: 0000 00e9 | fbff ffff 

  0x000071d3c1343af4: ;   {static_stub}
  0x000071d3c1343af4: 9048 bb00 | 0000 0000 

  0x000071d3c1343afc: ;   {runtime_call nmethod}
  0x000071d3c1343afc: 0000 00e9 | fbff ffff 

  0x000071d3c1343b04: ;   {static_stub}
  0x000071d3c1343b04: 9048 bb00 | 0000 0000 

  0x000071d3c1343b0c: ;   {runtime_call nmethod}
  0x000071d3c1343b0c: 0000 00e9 | fbff ffff 

  0x000071d3c1343b14: ;   {static_stub}
  0x000071d3c1343b14: 9048 bb00 | 0000 0000 

  0x000071d3c1343b1c: ;   {runtime_call nmethod}
  0x000071d3c1343b1c: 0000 00e9 | fbff ffff 

  0x000071d3c1343b24: ;   {static_stub}
  0x000071d3c1343b24: 9048 bb00 | 0000 0000 

  0x000071d3c1343b2c: ;   {runtime_call nmethod}
  0x000071d3c1343b2c: 0000 00e9 | fbff ffff 

  0x000071d3c1343b34: ;   {static_stub}
  0x000071d3c1343b34: 9048 bb00 | 0000 0000 

  0x000071d3c1343b3c: ;   {runtime_call nmethod}
  0x000071d3c1343b3c: 0000 00e9 | fbff ffff 

  0x000071d3c1343b44: ;   {static_stub}
  0x000071d3c1343b44: 9048 bb00 | 0000 0000 

  0x000071d3c1343b4c: ;   {runtime_call nmethod}
  0x000071d3c1343b4c: 0000 00e9 | fbff ffff 

  0x000071d3c1343b54: ;   {static_stub}
  0x000071d3c1343b54: 9048 bb00 | 0000 0000 

  0x000071d3c1343b5c: ;   {runtime_call nmethod}
  0x000071d3c1343b5c: 0000 00e9 | fbff ffff 

  0x000071d3c1343b64: ;   {static_stub}
  0x000071d3c1343b64: 9048 bb00 | 0000 0000 

  0x000071d3c1343b6c: ;   {runtime_call nmethod}
  0x000071d3c1343b6c: 0000 00e9 | fbff ffff 

  0x000071d3c1343b74: ;   {static_stub}
  0x000071d3c1343b74: 9048 bb00 | 0000 0000 

  0x000071d3c1343b7c: ;   {runtime_call nmethod}
  0x000071d3c1343b7c: 0000 00e9 | fbff ffff 

  0x000071d3c1343b84: ;   {static_stub}
  0x000071d3c1343b84: 48bb 0000 | 0000 0000 

  0x000071d3c1343b8c: ;   {runtime_call nmethod}
  0x000071d3c1343b8c: 0000 e9fb 

  0x000071d3c1343b90: ;   {static_stub}
  0x000071d3c1343b90: ffff ff48 | bb00 0000 | 0000 0000 

  0x000071d3c1343b9c: ;   {runtime_call nmethod}
  0x000071d3c1343b9c: 00e9 fbff 

  0x000071d3c1343ba0: ;   {static_stub}
  0x000071d3c1343ba0: ffff 48bb | 0000 0000 | 0000 0000 

  0x000071d3c1343bac: ;   {runtime_call nmethod}
  0x000071d3c1343bac: e9fb ffff 

  0x000071d3c1343bb0: ;   {static_stub}
  0x000071d3c1343bb0: ff48 bb70 | bca5 61d3 

  0x000071d3c1343bb8: ;   {runtime_call I2C/C2I adapters}
  0x000071d3c1343bb8: 7100 00e9 | 277f a406 

  0x000071d3c1343bc0: ;   {static_stub}
  0x000071d3c1343bc0: 48bb 50cf | 8f61 d371 

  0x000071d3c1343bc8: ;   {runtime_call I2C/C2I adapters}
  0x000071d3c1343bc8: 0000 e918 

  0x000071d3c1343bcc: ;   {static_stub}
  0x000071d3c1343bcc: 7fa4 0648 | bba0 7f89 | 61d3 7100 

  0x000071d3c1343bd8: ;   {runtime_call I2C/C2I adapters}
  0x000071d3c1343bd8: 00e9 0eae 

  0x000071d3c1343bdc: ;   {static_stub}
  0x000071d3c1343bdc: b206 48bb | 88d4 8f61 | d371 0000 

  0x000071d3c1343be8: ;   {runtime_call I2C/C2I adapters}
  0x000071d3c1343be8: e9fa 7ea4 

  0x000071d3c1343bec: ;   {static_stub}
  0x000071d3c1343bec: 0648 bb00 | 0000 0000 

  0x000071d3c1343bf4: ;   {runtime_call nmethod}
  0x000071d3c1343bf4: 0000 00e9 | fbff ffff 

  0x000071d3c1343bfc: ;   {static_stub}
  0x000071d3c1343bfc: 48bb 0000 | 0000 0000 

  0x000071d3c1343c04: ;   {runtime_call nmethod}
  0x000071d3c1343c04: 0000 e9fb 

  0x000071d3c1343c08: ;   {runtime_call handle_exception_from_callee Runtime1 stub}
  0x000071d3c1343c08: ffff ffe8 | 704b a806 

  0x000071d3c1343c10: ;   {external_word}
  0x000071d3c1343c10: 48bf 84e8 | 0ae0 d371 | 0000 4883 

  0x000071d3c1343c1c: ;   {runtime_call MacroAssembler::debug64(char*, long, long*)}
  0x000071d3c1343c1c: e4f0 e86d | 7d84 1ef4 
[Deopt Handler Code]
  0x000071d3c1343c24: ;   {section_word}
  0x000071d3c1343c24: 49ba 243c | 34c1 d371 | 0000 4152 

  0x000071d3c1343c30: ;   {runtime_call DeoptimizationBlob}
  0x000071d3c1343c30: e96b 86a4 | 06f4 f4f4 
[/MachCode]


Compiled method (c1) 96324 3124   !   2       jdk.internal.reflect.DirectMethodHandleAccessor::invoke (92 bytes)
 total in heap  [0x000071d3c0dead90,0x000071d3c0decd38] = 8104
 relocation     [0x000071d3c0deaee8,0x000071d3c0deb108] = 544
 main code      [0x000071d3c0deb120,0x000071d3c0debc50] = 2864
 stub code      [0x000071d3c0debc50,0x000071d3c0debd88] = 312
 oops           [0x000071d3c0debd88,0x000071d3c0debd98] = 16
 metadata       [0x000071d3c0debd98,0x000071d3c0debe08] = 112
 scopes data    [0x000071d3c0debe08,0x000071d3c0dec170] = 872
 scopes pcs     [0x000071d3c0dec170,0x000071d3c0dec5e0] = 1136
 dependencies   [0x000071d3c0dec5e0,0x000071d3c0dec600] = 32
 handler table  [0x000071d3c0dec600,0x000071d3c0decc90] = 1680
 nul chk table  [0x000071d3c0decc90,0x000071d3c0decd38] = 168

[Constant Pool (empty)]

[MachCode]
[Entry Point]
  # {method} {0x000071d36319dad8} 'invoke' '(Ljava/lang/Object;[Ljava/lang/Object;)Ljava/lang/Object;' in 'jdk/internal/reflect/DirectMethodHandleAccessor'
  # this:     rsi:rsi   = 'jdk/internal/reflect/DirectMethodHandleAccessor'
  # parm0:    rdx:rdx   = 'java/lang/Object'
  # parm1:    rcx:rcx   = '[Ljava/lang/Object;'
  #           [sp+0x140]  (sp of caller)
  0x000071d3c0deb120: 448b 5608 | 49bb 0000 | 0063 d371 | 0000 4d03 | d34c 3bd0 

  0x000071d3c0deb134: ;   {runtime_call ic_miss_stub}
  0x000071d3c0deb134: 0f85 46af | f906 660f | 1f44 0000 
[Verified Entry Point]
  0x000071d3c0deb140: 8984 2400 | c0fe ff55 | 4881 ec30 | 0100 0090 | 4181 7f20 | 0600 0000 

  0x000071d3c0deb158: ;   {runtime_call StubRoutines (final stubs)}
  0x000071d3c0deb158: 7405 e821 | 13f8 0648 | 89b4 24a0 | 0000 0048 | 8994 24b0 | 0000 0048 | 898c 24a8 | 0000 0048 
  0x000071d3c0deb178: bf70 e505 | 5fd3 7100 | 008b 5f08 | 83c3 0289 | 5f08 81e3 | fe0f 0000 | 85db 0f84 | fc07 0000 
  0x000071d3c0deb198: 8b7e 1081 | e700 0200 | 0081 ff00 | 0200 00bf | 0000 0000 | 7505 bf01 | 0000 0083 | e701 85ff 
  0x000071d3c0deb1b8: 0f85 4600 | 0000 8b7e | 148b 5a08 | 49ba 0000 | 0063 d371 | 0000 4903 | da48 8b5b | 7048 8b1b 
  0x000071d3c0deb1d8: ; implicit exception: dispatches to 0x000071d3c0deb9ba
  0x000071d3c0deb1d8: 483b 0748 | 8bd3 488b | f766 0f1f 

  0x000071d3c0deb1e4: ;   {optimized virtual_call}
  0x000071d3c0deb1e4: 4400 00e8 

  0x000071d3c0deb1e8: ; ImmutableOopMap {[160]=Oop [168]=Oop [176]=Oop }
                      ;*invokevirtual isAssignableFrom {reexecute=0 rethrow=0 return_oop=0}
                      ; - jdk.internal.reflect.DirectMethodHandleAccessor::checkReceiver@8 (line 196)
                      ; - jdk.internal.reflect.DirectMethodHandleAccessor::invoke@9 (line 99)
  0x000071d3c0deb1e8: d499 5007 

  0x000071d3c0deb1ec: ;   {other}
  0x000071d3c0deb1ec: 0f1f 8400 | 5c04 0000 | 85c0 0f84 | 4006 0000 | 488b b424 | a000 0000 | 8b56 0c48 | 8bf2 488b 
  0x000071d3c0deb20c: 9424 a800 | 0000 0f1f 

  0x000071d3c0deb214: ;   {static_call}
  0x000071d3c0deb214: 4400 00e8 

  0x000071d3c0deb218: ; ImmutableOopMap {[160]=Oop [168]=Oop [176]=Oop }
                      ;*invokestatic checkArgumentCount {reexecute=0 rethrow=0 return_oop=0}
                      ; - jdk.internal.reflect.DirectMethodHandleAccessor::invoke@17 (line 101)
  0x000071d3c0deb218: 84b8 1c00 

  0x000071d3c0deb21c: ;   {other}
  0x000071d3c0deb21c: 0f1f 8400 | 8c04 0001 | 488b b424 | a000 0000 | 8b7e 0c85 | ff0f 8482 | 0000 0083 | ff01 0f84 
  0x000071d3c0deb23c: 1700 0000 | 83ff 020f | 84f9 0100 | 0083 ff03 | 0f84 7001 | 0000 e91b | 0100 0048 | 8b8c 24a8 
  0x000071d3c0deb25c: 0000 008b | 7e18 4889 | bc24 c000 | 0000 8379 | 0c00 0f86 | 5507 0000 | 8b59 1048 | 899c 24b8 
  0x000071d3c0deb27c: 0000 008b 

  0x000071d3c0deb280: ;   {oop(a 'java/lang/invoke/MethodType'{0x0000000083e74ab8} = (Ljava/lang/Object;Ljava/lang/Object;)Ljava/lang/Object;)}
  0x000071d3c0deb280: 4710 48ba | b84a e783 | 0000 0000 | 483b c20f | 855a 0200 | 008b 4714 

  0x000071d3c0deb298: ; implicit exception: dispatches to 0x000071d3c0deb9e0
  0x000071d3c0deb298: 8b40 1c48 | 85c0 0f85 | 8e00 0000 

  0x000071d3c0deb2a4: ;   {static_call}
  0x000071d3c0deb2a4: 488b f7e8 

  0x000071d3c0deb2a8: ; ImmutableOopMap {[160]=Oop [168]=Oop [176]=Oop [184]=Oop [192]=Oop }
                      ;*invokestatic maybeCustomize {reexecute=0 rethrow=0 return_oop=0}
                      ; - java.lang.invoke.Invokers::checkCustomized@19 (line 627)
                      ; - java.lang.invoke.Invokers$Holder::invokeExact_MT@14
                      ; - jdk.internal.reflect.DirectMethodHandleAccessor::invokeImpl@55 (line 154)
                      ; - jdk.internal.reflect.DirectMethodHandleAccessor::invoke@23 (line 103)
  0x000071d3c0deb2a8: 1458 c7ff 

  0x000071d3c0deb2ac: ;   {other}
  0x000071d3c0deb2ac: 0f1f 8400 | 1c05 0002 | e979 0000 | 008b 7e18 | 4889 bc24 | c800 0000 

  0x000071d3c0deb2c4: ; implicit exception: dispatches to 0x000071d3c0deb9e5
                      ;   {oop(a 'java/lang/invoke/MethodType'{0x0000000083e748c0} = (Ljava/lang/Object;)Ljava/lang/Object;)}
  0x000071d3c0deb2c4: 8b5f 1048 | b8c0 48e7 | 8300 0000 | 0048 3bd8 | 0f85 e001 | 0000 8b5f | 148b 5b1c | 4885 db0f 
  0x000071d3c0deb2e4: 8513 0000 | 0048 8bf7 

  0x000071d3c0deb2ec: ;   {static_call}
  0x000071d3c0deb2ec: 6666 90e8 

  0x000071d3c0deb2f0: ; ImmutableOopMap {[160]=Oop [168]=Oop [176]=Oop [200]=Oop }
                      ;*invokestatic maybeCustomize {reexecute=0 rethrow=0 return_oop=0}
                      ; - java.lang.invoke.Invokers::checkCustomized@19 (line 627)
                      ; - java.lang.invoke.Invokers$Holder::invokeExact_MT@14
                      ; - jdk.internal.reflect.DirectMethodHandleAccessor::invokeImpl@41 (line 153)
                      ; - jdk.internal.reflect.DirectMethodHandleAccessor::invoke@23 (line 103)
  0x000071d3c0deb2f0: cc57 c7ff 

  0x000071d3c0deb2f4: ;   {other}
  0x000071d3c0deb2f4: 0f1f 8400 | 6405 0003 | 488b 9424 | b000 0000 | 488b b424 | c800 0000 

  0x000071d3c0deb30c: ;   {optimized virtual_call}
  0x000071d3c0deb30c: 6666 90e8 

  0x000071d3c0deb310: ; ImmutableOopMap {[160]=Oop [168]=Oop [176]=Oop [200]=Oop }
                      ;*invokevirtual invokeBasic {reexecute=0 rethrow=0 return_oop=0}
                      ; - java.lang.invoke.Invokers$Holder::invokeExact_MT@19
                      ; - jdk.internal.reflect.DirectMethodHandleAccessor::invokeImpl@41 (line 153)
                      ; - jdk.internal.reflect.DirectMethodHandleAccessor::invoke@23 (line 103)
  0x000071d3c0deb310: ec5b 4f07 

  0x000071d3c0deb314: ;   {other}
  0x000071d3c0deb314: 0f1f 8400 | 8405 0004 | 4881 c430 | 0100 005d 

  0x000071d3c0deb324: ;   {poll_return}
  0x000071d3c0deb324: 493b a748 | 0400 000f | 87be 0600 | 00c3 488b | 9424 b000 | 0000 488b | 8c24 b800 | 0000 488b 
  0x000071d3c0deb344: b424 c000 | 0000 0f1f 

  0x000071d3c0deb34c: ;   {optimized virtual_call}
  0x000071d3c0deb34c: 4400 00e8 

  0x000071d3c0deb350: ; ImmutableOopMap {[160]=Oop [168]=Oop [176]=Oop [184]=Oop [192]=Oop }
                      ;*invokevirtual invokeBasic {reexecute=0 rethrow=0 return_oop=0}
                      ; - java.lang.invoke.Invokers$Holder::invokeExact_MT@20
                      ; - jdk.internal.reflect.DirectMethodHandleAccessor::invokeImpl@55 (line 154)
                      ; - jdk.internal.reflect.DirectMethodHandleAccessor::invoke@23 (line 103)
  0x000071d3c0deb350: ac22 5007 

  0x000071d3c0deb354: ;   {other}
  0x000071d3c0deb354: 0f1f 8400 | c405 0005 | 4881 c430 | 0100 005d 

  0x000071d3c0deb364: ;   {poll_return}
  0x000071d3c0deb364: 493b a748 | 0400 000f | 8794 0600 | 00c3 8b7e | 1866 6690 

  0x000071d3c0deb378: ;   {oop(a 'java/lang/invoke/MethodType'{0x0000000084a02778} = (Ljava/lang/Object;[Ljava/lang/Object;)Ljava/lang/Object;)}
  0x000071d3c0deb378: 49b8 7827 | a084 0000 | 0000 483b | 0748 8b94 | 24b0 0000 | 0048 8b8c | 24a8 0000 | 0048 8bf7 
  0x000071d3c0deb398: 0f1f 8000 

  0x000071d3c0deb39c: ;   {optimized virtual_call}
  0x000071d3c0deb39c: 0000 00e8 

  0x000071d3c0deb3a0: ; ImmutableOopMap {[160]=Oop [168]=Oop [176]=Oop }
                      ;*invokevirtual invokeExact {reexecute=0 rethrow=0 return_oop=0}
                      ; - jdk.internal.reflect.DirectMethodHandleAccessor::invokeImpl@104 (line 157)
                      ; - jdk.internal.reflect.DirectMethodHandleAccessor::invoke@23 (line 103)
  0x000071d3c0deb3a0: b108 0000 

  0x000071d3c0deb3a4: ;   {other}
  0x000071d3c0deb3a4: 0f1f 8400 | 1406 0006 | 4881 c430 | 0100 005d 

  0x000071d3c0deb3b4: ;   {poll_return}
  0x000071d3c0deb3b4: 493b a748 | 0400 000f | 8778 0600 | 00c3 488b | 8c24 a800 | 0000 8b5e | 1883 790c | 000f 8682 
  0x000071d3c0deb3d4: 0600 0044 | 8b41 1083 | 790c 010f | 8686 0600 | 0044 8b49 | 1483 790c | 020f 868a | 0600 008b 
  0x000071d3c0deb3f4: 7918 6690 

  0x000071d3c0deb3f8: ;   {oop(a 'java/lang/invoke/MethodType'{0x0000000083e75010} = (Ljava/lang/Object;Ljava/lang/Object;Ljava/lang/Object;Ljava/lang/Object;)Ljava/lang/Object;)}
  0x000071d3c0deb3f8: 48b8 1050 | e783 0000 | 0000 483b | 0348 8b94 | 24b0 0000 | 0049 8bc8 | 4d8b c14c | 8bcf 488b 
  0x000071d3c0deb418: f848 8bf3 

  0x000071d3c0deb41c: ;   {optimized virtual_call}
  0x000071d3c0deb41c: 6666 90e8 

  0x000071d3c0deb420: ; ImmutableOopMap {[160]=Oop [168]=Oop [176]=Oop }
                      ;*invokevirtual invokeExact {reexecute=0 rethrow=0 return_oop=0}
                      ; - jdk.internal.reflect.DirectMethodHandleAccessor::invokeImpl@92 (line 156)
                      ; - jdk.internal.reflect.DirectMethodHandleAccessor::invoke@23 (line 103)
  0x000071d3c0deb420: 4108 0000 

  0x000071d3c0deb424: ;   {other}
  0x000071d3c0deb424: 0f1f 8400 | 9406 0007 | 4881 c430 | 0100 005d 

  0x000071d3c0deb434: ;   {poll_return}
  0x000071d3c0deb434: 493b a748 | 0400 000f | 876c 0600 | 00c3 488b | 8c24 a800 | 0000 8b7e | 1883 790c | 000f 8676 
  0x000071d3c0deb454: 0600 0044 | 8b41 1083 | 790c 010f | 867a 0600 | 0044 8b49 | 140f 1f80 | 0000 0000 

  0x000071d3c0deb470: ;   {oop(a 'java/lang/invoke/MethodType'{0x0000000083e74de0} = (Ljava/lang/Object;Ljava/lang/Object;Ljava/lang/Object;)Ljava/lang/Object;)}
  0x000071d3c0deb470: 48bb e04d | e783 0000 | 0000 483b | 0748 8b94 | 24b0 0000 | 0049 8bc8 | 4d8b c14c | 8bcb 488b 
  0x000071d3c0deb490: f766 0f1f 

  0x000071d3c0deb494: ;   {optimized virtual_call}
  0x000071d3c0deb494: 4400 00e8 

  0x000071d3c0deb498: ; ImmutableOopMap {[160]=Oop [168]=Oop [176]=Oop }
                      ;*invokevirtual invokeExact {reexecute=0 rethrow=0 return_oop=0}
                      ; - jdk.internal.reflect.DirectMethodHandleAccessor::invokeImpl@72 (line 155)
                      ; - jdk.internal.reflect.DirectMethodHandleAccessor::invoke@23 (line 103)
  0x000071d3c0deb498: d907 0000 

  0x000071d3c0deb49c: ;   {other}
  0x000071d3c0deb49c: 0f1f 8400 | 0c07 0008 | 4881 c430 | 0100 005d 

  0x000071d3c0deb4ac: ;   {poll_return}
  0x000071d3c0deb4ac: 493b a748 | 0400 000f | 8756 0600 

  0x000071d3c0deb4b8: ;   {oop(a 'java/lang/invoke/MethodType'{0x0000000083e748c0} = (Ljava/lang/Object;)Ljava/lang/Object;)}
  0x000071d3c0deb4b8: 00c3 48ba | c048 e783 | 0000 0000 | 488b f348 | 899c 24d0 

  0x000071d3c0deb4cc: ;   {static_call}
  0x000071d3c0deb4cc: 0000 00e8 

  0x000071d3c0deb4d0: ; ImmutableOopMap {[160]=Oop [168]=Oop [176]=Oop [200]=Oop [208]=Oop }
                      ;*invokestatic newWrongMethodTypeException {reexecute=0 rethrow=0 return_oop=0}
                      ; - java.lang.invoke.Invokers::checkExactType@12 (line 531)
                      ; - java.lang.invoke.Invokers$Holder::invokeExact_MT@10
                      ; - jdk.internal.reflect.DirectMethodHandleAccessor::invokeImpl@41 (line 153)
                      ; - jdk.internal.reflect.DirectMethodHandleAccessor::invoke@23 (line 103)
  0x000071d3c0deb4d0: acb4 f906 

  0x000071d3c0deb4d4: ;   {other}
  0x000071d3c0deb4d4: 0f1f 8400 | 4407 0009 

  0x000071d3c0deb4dc: ; implicit exception: dispatches to 0x000071d3c0debb25
                      ; ImmutableOopMap {rax=Oop [160]=Oop [168]=Oop [176]=Oop [200]=Oop [208]=Oop }
                      ;*athrow {reexecute=1 rethrow=0 return_oop=0}
                      ; - (reexecute) java.lang.invoke.Invokers::checkExactType@15 (line 531)
                      ; - java.lang.invoke.Invokers$Holder::invokeExact_MT@10
                      ; - jdk.internal.reflect.DirectMethodHandleAccessor::invokeImpl@41 (line 153)
                      ; - jdk.internal.reflect.DirectMethodHandleAccessor::invoke@23 (line 103)
                      ;   {section_word}
  0x000071d3c0deb4dc: 483b 0048 | badf b4de | c0d3 7100 

  0x000071d3c0deb4e8: ;   {runtime_call handle_exception_nofpu Runtime1 stub}
  0x000071d3c0deb4e8: 00e8 92d8 

  0x000071d3c0deb4ec: ;   {oop(a 'java/lang/invoke/MethodType'{0x0000000083e74ab8} = (Ljava/lang/Object;Ljava/lang/Object;)Ljava/lang/Object;)}
  0x000071d3c0deb4ec: fd06 9048 | bab8 4ae7 | 8300 0000 | 0048 8bf0 | 4889 8424 | d800 0000 

  0x000071d3c0deb504: ;   {static_call}
  0x000071d3c0deb504: 6666 90e8 

  0x000071d3c0deb508: ; ImmutableOopMap {[160]=Oop [168]=Oop [176]=Oop [184]=Oop [192]=Oop [216]=Oop }
                      ;*invokestatic newWrongMethodTypeException {reexecute=0 rethrow=0 return_oop=0}
                      ; - java.lang.invoke.Invokers::checkExactType@12 (line 531)
                      ; - java.lang.invoke.Invokers$Holder::invokeExact_MT@10
                      ; - jdk.internal.reflect.DirectMethodHandleAccessor::invokeImpl@55 (line 154)
                      ; - jdk.internal.reflect.DirectMethodHandleAccessor::invoke@23 (line 103)
  0x000071d3c0deb508: 74b4 f906 

  0x000071d3c0deb50c: ;   {other}
  0x000071d3c0deb50c: 0f1f 8400 | 7c07 000b 

  0x000071d3c0deb514: ; implicit exception: dispatches to 0x000071d3c0debb2a
                      ; ImmutableOopMap {rax=Oop [160]=Oop [168]=Oop [176]=Oop [184]=Oop [192]=Oop [216]=Oop }
                      ;*athrow {reexecute=1 rethrow=0 return_oop=0}
                      ; - (reexecute) java.lang.invoke.Invokers::checkExactType@15 (line 531)
                      ; - java.lang.invoke.Invokers$Holder::invokeExact_MT@10
                      ; - jdk.internal.reflect.DirectMethodHandleAccessor::invokeImpl@55 (line 154)
                      ; - jdk.internal.reflect.DirectMethodHandleAccessor::invoke@23 (line 103)
                      ;   {section_word}
  0x000071d3c0deb514: 483b 0048 | ba17 b5de | c0d3 7100 

  0x000071d3c0deb520: ;   {runtime_call handle_exception_nofpu Runtime1 stub}
  0x000071d3c0deb520: 00e8 5ad8 | fd06 9049 | 8b87 f804 | 0000 4d33 | d24d 8997 | f804 0000 | 4d33 d24d | 8997 0005 
  0x000071d3c0deb540: 0000 4889 | 8424 e000 

  0x000071d3c0deb548: ;   {oop(a 'java/lang/Class'{0x00000000ffebb510} = 'jdk/internal/reflect/DirectMethodHandleAccessor')}
  0x000071d3c0deb548: 0000 48be | 10b5 ebff | 0000 0000 

  0x000071d3c0deb554: ;   {static_call}
  0x000071d3c0deb554: 488b d0e8 

  0x000071d3c0deb558: ; ImmutableOopMap {[160]=Oop [168]=Oop [176]=Oop [224]=Oop }
                      ;*invokestatic isIllegalArgument {reexecute=0 rethrow=0 return_oop=0}
                      ; - jdk.internal.reflect.DirectMethodHandleAccessor::isIllegalArgument@3 (line 191)
                      ; - jdk.internal.reflect.DirectMethodHandleAccessor::invoke@58 (line 112)
  0x000071d3c0deb558: 24b4 f906 

  0x000071d3c0deb55c: ;   {other}
  0x000071d3c0deb55c: 0f1f 8400 | cc07 000d | 83e0 0185 | c00f 8425 | 0200 00e9 | 8801 0000 | 498b 87f8 | 0400 004d 
  0x000071d3c0deb57c: 33d2 4d89 | 97f8 0400 | 004d 33d2 | 4d89 9700 | 0500 0048 | 8984 24e8 

  0x000071d3c0deb594: ;   {oop(a 'java/lang/Class'{0x00000000ffebb510} = 'jdk/internal/reflect/DirectMethodHandleAccessor')}
  0x000071d3c0deb594: 0000 0048 | be10 b5eb | ff00 0000 | 0048 8bd0 

  0x000071d3c0deb5a4: ;   {static_call}
  0x000071d3c0deb5a4: 6666 90e8 

  0x000071d3c0deb5a8: ; ImmutableOopMap {[160]=Oop [168]=Oop [176]=Oop [232]=Oop }
                      ;*invokestatic isIllegalArgument {reexecute=0 rethrow=0 return_oop=0}
                      ; - jdk.internal.reflect.DirectMethodHandleAccessor::isIllegalArgument@3 (line 191)
                      ; - jdk.internal.reflect.DirectMethodHandleAccessor::invoke@30 (line 105)
  0x000071d3c0deb5a8: d4b3 f906 

  0x000071d3c0deb5ac: ;   {other}
  0x000071d3c0deb5ac: 0f1f 8400 | 1c08 000e | 83e0 0185 | c00f 8495 | 0000 0090 

  0x000071d3c0deb5c0: ;   {no_reloc}
  0x000071d3c0deb5c0: e979 0500 | 0000 0000 | 0000 498b | 87b8 0100 | 0048 8d78 | 2849 3bbf | c801 0000 | 0f87 6605 
  0x000071d3c0deb5e0: 0000 4989 | bfb8 0100 | 0048 c700 | 0100 0000 | 488b ca49 | ba00 0000 | 63d3 7100 | 0049 2bca 
  0x000071d3c0deb600: 8948 0848 | 33c9 8948 | 0c48 33c9 | 4889 4810 | 4889 4818 | 4889 4820 

  0x000071d3c0deb618: ;   {oop("argument type mismatch"{0x00000000ffe08850})}
  0x000071d3c0deb618: 48ba 5088 | e0ff 0000 | 0000 488b | f048 8984 | 24f0 0000 

  0x000071d3c0deb62c: ;   {optimized virtual_call}
  0x000071d3c0deb62c: 0066 90e8 

  0x000071d3c0deb630: ; ImmutableOopMap {[160]=Oop [168]=Oop [176]=Oop [232]=Oop [240]=Oop }
                      ;*invokespecial <init> {reexecute=0 rethrow=0 return_oop=0}
                      ; - jdk.internal.reflect.DirectMethodHandleAccessor::invoke@42 (line 107)
  0x000071d3c0deb630: 4cad f906 

  0x000071d3c0deb634: ;   {other}
  0x000071d3c0deb634: 0f1f 8400 | a408 000f | 488b 8424 

  0x000071d3c0deb640: ; ImmutableOopMap {rax=Oop [160]=Oop [168]=Oop [176]=Oop [232]=Oop }
                      ;*athrow {reexecute=1 rethrow=0 return_oop=0}
                      ; - (reexecute) jdk.internal.reflect.DirectMethodHandleAccessor::invoke@45 (line 107)
  0x000071d3c0deb640: f000 0000 

  0x000071d3c0deb644: ;   {section_word}
  0x000071d3c0deb644: 48ba 44b6 | dec0 d371 

  0x000071d3c0deb64c: ;   {runtime_call handle_exception_nofpu Runtime1 stub}
  0x000071d3c0deb64c: 0000 e82d | d7fd 0690 | 488b 8424 | e800 0000 | 0f1f 4000 

  0x000071d3c0deb660: ;   {no_reloc}
  0x000071d3c0deb660: e9ff 0400 | 0000 0000 | 0000 488b | d880 ba31 | 0100 0004 | 0f85 f904 | 0000 498b | 87b8 0100 
  0x000071d3c0deb680: 0048 8d78 | 2849 3bbf | c801 0000 | 0f87 e104 | 0000 4989 | bfb8 0100 | 0048 c700 | 0100 0000 
  0x000071d3c0deb6a0: 488b ca49 | ba00 0000 | 63d3 7100 | 0049 2bca | 8948 0848 | 33c9 8948 | 0c48 33c9 | 4889 4810 
  0x000071d3c0deb6c0: 4889 4818 | 4889 4820 | 488b d348 | 8bf0 4889 | 8424 f800 

  0x000071d3c0deb6d4: ;   {optimized virtual_call}
  0x000071d3c0deb6d4: 0000 90e8 

  0x000071d3c0deb6d8: ; ImmutableOopMap {[160]=Oop [168]=Oop [176]=Oop [232]=Oop [248]=Oop }
                      ;*invokespecial <init> {reexecute=0 rethrow=0 return_oop=0}
                      ; - jdk.internal.reflect.DirectMethodHandleAccessor::invoke@51 (line 109)
  0x000071d3c0deb6d8: a4ac f906 

  0x000071d3c0deb6dc: ;   {other}
  0x000071d3c0deb6dc: 0f1f 8400 | 4c09 0011 | 488b 8424 

  0x000071d3c0deb6e8: ; ImmutableOopMap {rax=Oop [160]=Oop [168]=Oop [176]=Oop [232]=Oop }
                      ;*athrow {reexecute=1 rethrow=0 return_oop=0}
                      ; - (reexecute) jdk.internal.reflect.DirectMethodHandleAccessor::invoke@54 (line 109)
  0x000071d3c0deb6e8: f800 0000 

  0x000071d3c0deb6ec: ;   {section_word}
  0x000071d3c0deb6ec: 48ba ecb6 | dec0 d371 

  0x000071d3c0deb6f4: ;   {runtime_call handle_exception_nofpu Runtime1 stub}
  0x000071d3c0deb6f4: 0000 e885 | d6fd 0690 | 0f1f 4000 

  0x000071d3c0deb700: ;   {no_reloc}
  0x000071d3c0deb700: e98a 0400 | 0000 0000 | 0000 498b | 87b8 0100 | 0048 8d78 | 2849 3bbf | c801 0000 | 0f87 7704 
  0x000071d3c0deb720: 0000 4989 | bfb8 0100 | 0048 c700 | 0100 0000 | 488b ca49 | ba00 0000 | 63d3 7100 | 0049 2bca 
  0x000071d3c0deb740: 8948 0848 | 33c9 8948 | 0c48 33c9 | 4889 4810 | 4889 4818 | 4889 4820 | 488b 9424 | e000 0000 
  0x000071d3c0deb760: 488b f048 | 8984 2400 | 0100 000f 

  0x000071d3c0deb76c: ;   {optimized virtual_call}
  0x000071d3c0deb76c: 1f40 00e8 

  0x000071d3c0deb770: ; ImmutableOopMap {[160]=Oop [168]=Oop [176]=Oop [224]=Oop [256]=Oop }
                      ;*invokespecial <init> {reexecute=0 rethrow=0 return_oop=0}
                      ; - jdk.internal.reflect.DirectMethodHandleAccessor::invoke@69 (line 113)
  0x000071d3c0deb770: 0cac f906 

  0x000071d3c0deb774: ;   {other}
  0x000071d3c0deb774: 0f1f 8400 | e409 0013 | 488b 8424 

  0x000071d3c0deb780: ; ImmutableOopMap {rax=Oop [160]=Oop [168]=Oop [176]=Oop [224]=Oop }
                      ;*athrow {reexecute=1 rethrow=0 return_oop=0}
                      ; - (reexecute) jdk.internal.reflect.DirectMethodHandleAccessor::invoke@72 (line 113)
  0x000071d3c0deb780: 0001 0000 

  0x000071d3c0deb784: ;   {section_word}
  0x000071d3c0deb784: 48ba 84b7 | dec0 d371 

  0x000071d3c0deb78c: ;   {runtime_call handle_exception_nofpu Runtime1 stub}
  0x000071d3c0deb78c: 0000 e8ed | d5fd 0690 | 488b 8424 | e000 0000 | 0f1f 4000 

  0x000071d3c0deb7a0: ;   {no_reloc}
  0x000071d3c0deb7a0: e910 0400 | 0000 0000 | 0000 488b | d880 ba31 | 0100 0004 | 0f85 0a04 | 0000 498b | 87b8 0100 
  0x000071d3c0deb7c0: 0048 8d78 | 2849 3bbf | c801 0000 | 0f87 f203 | 0000 4989 | bfb8 0100 | 0048 c700 | 0100 0000 
  0x000071d3c0deb7e0: 488b ca49 | ba00 0000 | 63d3 7100 | 0049 2bca | 8948 0848 | 33c9 8948 | 0c48 33c9 | 4889 4810 
  0x000071d3c0deb800: 4889 4818 | 4889 4820 | 488b d348 | 8bf0 4889 | 8424 0801 

  0x000071d3c0deb814: ;   {optimized virtual_call}
  0x000071d3c0deb814: 0000 90e8 

  0x000071d3c0deb818: ; ImmutableOopMap {[160]=Oop [168]=Oop [176]=Oop [224]=Oop [264]=Oop }
                      ;*invokespecial <init> {reexecute=0 rethrow=0 return_oop=0}
                      ; - jdk.internal.reflect.DirectMethodHandleAccessor::invoke@78 (line 115)
  0x000071d3c0deb818: 64ab f906 

  0x000071d3c0deb81c: ;   {other}
  0x000071d3c0deb81c: 0f1f 8400 | 8c0a 0015 | 488b 8424 

  0x000071d3c0deb828: ; ImmutableOopMap {rax=Oop [160]=Oop [168]=Oop [176]=Oop [224]=Oop }
                      ;*athrow {reexecute=1 rethrow=0 return_oop=0}
                      ; - (reexecute) jdk.internal.reflect.DirectMethodHandleAccessor::invoke@81 (line 115)
  0x000071d3c0deb828: 0801 0000 

  0x000071d3c0deb82c: ;   {section_word}
  0x000071d3c0deb82c: 48ba 2cb8 | dec0 d371 

  0x000071d3c0deb834: ;   {runtime_call handle_exception_nofpu Runtime1 stub}
  0x000071d3c0deb834: 0000 e845 | d5fd 0690 | 0f1f 4000 

  0x000071d3c0deb840: ;   {no_reloc}
  0x000071d3c0deb840: e99b 0300 | 0000 0000 | 0000 498b | 87b8 0100 | 0048 8d78 | 2849 3bbf | c801 0000 | 0f87 8803 
  0x000071d3c0deb860: 0000 4989 | bfb8 0100 | 0048 c700 | 0100 0000 | 488b ca49 | ba00 0000 | 63d3 7100 | 0049 2bca 
  0x000071d3c0deb880: 8948 0848 | 33c9 8948 | 0c48 33c9 | 4889 4810 | 4889 4818 | 4889 4820 

  0x000071d3c0deb898: ;   {oop("object is not an instance of declaring class"{0x00000000ffe46b10})}
  0x000071d3c0deb898: 48ba 106b | e4ff 0000 | 0000 488b | f048 8984 | 2410 0100 

  0x000071d3c0deb8ac: ;   {optimized virtual_call}
  0x000071d3c0deb8ac: 0066 90e8 

  0x000071d3c0deb8b0: ; ImmutableOopMap {[160]=Oop [168]=Oop [176]=Oop [272]=Oop }
                      ;*invokespecial <init> {reexecute=0 rethrow=0 return_oop=0}
                      ; - jdk.internal.reflect.DirectMethodHandleAccessor::checkReceiver@20 (line 197)
                      ; - jdk.internal.reflect.DirectMethodHandleAccessor::invoke@9 (line 99)
  0x000071d3c0deb8b0: ccaa f906 

  0x000071d3c0deb8b4: ;   {other}
  0x000071d3c0deb8b4: 0f1f 8400 | 240b 0017 | 488b 8424 

  0x000071d3c0deb8c0: ; ImmutableOopMap {rax=Oop [160]=Oop [168]=Oop [176]=Oop }
                      ;*athrow {reexecute=1 rethrow=0 return_oop=0}
                      ; - (reexecute) jdk.internal.reflect.DirectMethodHandleAccessor::checkReceiver@23 (line 197)
                      ; - jdk.internal.reflect.DirectMethodHandleAccessor::invoke@9 (line 99)
  0x000071d3c0deb8c0: 1001 0000 

  0x000071d3c0deb8c4: ;   {section_word}
  0x000071d3c0deb8c4: 48ba c4b8 | dec0 d371 

  0x000071d3c0deb8cc: ;   {runtime_call handle_exception_nofpu Runtime1 stub}
  0x000071d3c0deb8cc: 0000 e8ad | d4fd 0690 | 498b 87f8 | 0400 004d | 33d2 4d89 | 97f8 0400 | 004d 33d2 | 4d89 9700 
  0x000071d3c0deb8ec: 0500 0090 

  0x000071d3c0deb8f0: ;   {no_reloc}
  0x000071d3c0deb8f0: e911 0300 | 0000 0000 | 0000 4c8b | c080 ba31 | 0100 0004 | 0f85 0b03 | 0000 498b | 87b8 0100 
  0x000071d3c0deb910: 0048 8d78 | 2849 3bbf | c801 0000 | 0f87 f302 | 0000 4989 | bfb8 0100 | 0048 c700 | 0100 0000 
  0x000071d3c0deb930: 488b ca49 | ba00 0000 | 63d3 7100 | 0049 2bca | 8948 0848 | 33c9 8948 | 0c48 33c9 | 4889 4810 
  0x000071d3c0deb950: 4889 4818 | 4889 4820 | 498b d048 | 8bf0 4c89 | 8424 2001 | 0000 4889 | 8424 1801 

  0x000071d3c0deb96c: ;   {optimized virtual_call}
  0x000071d3c0deb96c: 0000 90e8 

  0x000071d3c0deb970: ; ImmutableOopMap {[160]=Oop [168]=Oop [176]=Oop [280]=Oop [288]=Oop }
                      ;*invokespecial <init> {reexecute=0 rethrow=0 return_oop=0}
                      ; - jdk.internal.reflect.DirectMethodHandleAccessor::invoke@88 (line 118)
  0x000071d3c0deb970: 0caa f906 

  0x000071d3c0deb974: ;   {other}
  0x000071d3c0deb974: 0f1f 8400 | e40b 0019 | 488b 8424 

  0x000071d3c0deb980: ; ImmutableOopMap {rax=Oop [160]=Oop [168]=Oop [176]=Oop [288]=Oop }
                      ;*athrow {reexecute=1 rethrow=0 return_oop=0}
                      ; - (reexecute) jdk.internal.reflect.DirectMethodHandleAccessor::invoke@91 (line 118)
  0x000071d3c0deb980: 1801 0000 

  0x000071d3c0deb984: ;   {section_word}
  0x000071d3c0deb984: 48ba 84b9 | dec0 d371 

  0x000071d3c0deb98c: ;   {runtime_call handle_exception_nofpu Runtime1 stub}
  0x000071d3c0deb98c: 0000 e8ed | d3fd 0690 

  0x000071d3c0deb994: ;   {metadata({method} {0x000071d36319dad8} 'invoke' '(Ljava/lang/Object;[Ljava/lang/Object;)Ljava/lang/Object;' in 'jdk/internal/reflect/DirectMethodHandleAccessor')}
  0x000071d3c0deb994: 49ba d8da | 1963 d371 | 0000 4c89 | 5424 0848 | c704 24ff 

  0x000071d3c0deb9a8: ;   {runtime_call counter_overflow Runtime1 stub}
  0x000071d3c0deb9a8: ffff ffe8 

  0x000071d3c0deb9ac: ; ImmutableOopMap {rsi=Oop rdx=Oop rcx=Oop [160]=Oop [168]=Oop [176]=Oop }
                      ;*synchronization entry
                      ; - jdk.internal.reflect.DirectMethodHandleAccessor::invoke@-1 (line 98)
  0x000071d3c0deb9ac: d0f0 0607 | e9e3 f7ff 

  0x000071d3c0deb9b4: ;   {runtime_call throw_null_pointer_exception Runtime1 stub}
  0x000071d3c0deb9b4: ffe8 c6eb 

  0x000071d3c0deb9b8: ; ImmutableOopMap {rsi=Oop rdx=Oop rdi=Oop [160]=Oop [168]=Oop [176]=Oop }
                      ;*invokevirtual getClass {reexecute=0 rethrow=0 return_oop=0}
                      ; - jdk.internal.reflect.DirectMethodHandleAccessor::checkReceiver@5 (line 196)
                      ; - jdk.internal.reflect.DirectMethodHandleAccessor::invoke@9 (line 99)
                      ;   {runtime_call throw_null_pointer_exception Runtime1 stub}
  0x000071d3c0deb9b8: fd06 e8c1 

  0x000071d3c0deb9bc: ; ImmutableOopMap {rsi=Oop rdx=Oop rdi=Oop rbx=Oop [160]=Oop [168]=Oop [176]=Oop }
                      ;*invokevirtual isAssignableFrom {reexecute=0 rethrow=0 return_oop=0}
                      ; - jdk.internal.reflect.DirectMethodHandleAccessor::checkReceiver@8 (line 196)
                      ; - jdk.internal.reflect.DirectMethodHandleAccessor::invoke@9 (line 99)
                      ;   {runtime_call throw_null_pointer_exception Runtime1 stub}
  0x000071d3c0deb9bc: ebfd 06e8 

  0x000071d3c0deb9c0: ; ImmutableOopMap {rsi=Oop rcx=Oop rdi=Oop [160]=Oop [168]=Oop [176]=Oop [192]=Oop }
                      ;*aaload {reexecute=0 rethrow=0 return_oop=0}
                      ; - jdk.internal.reflect.DirectMethodHandleAccessor::invokeImpl@54 (line 154)
                      ; - jdk.internal.reflect.DirectMethodHandleAccessor::invoke@23 (line 103)
  0x000071d3c0deb9c0: bceb fd06 

  0x000071d3c0deb9c4: ;   {runtime_call throw_null_pointer_exception Runtime1 stub}
  0x000071d3c0deb9c4: e8b7 ebfd 

  0x000071d3c0deb9c8: ; ImmutableOopMap {rsi=Oop rcx=Oop rdi=Oop [160]=Oop [168]=Oop [176]=Oop [192]=Oop }
                      ;*aaload {reexecute=0 rethrow=0 return_oop=0}
                      ; - jdk.internal.reflect.DirectMethodHandleAccessor::invokeImpl@54 (line 154)
                      ; - jdk.internal.reflect.DirectMethodHandleAccessor::invoke@23 (line 103)
  0x000071d3c0deb9c8: 0648 c704 | 2400 0000 | 0048 894c 

  0x000071d3c0deb9d4: ;   {runtime_call throw_range_check_failed Runtime1 stub}
  0x000071d3c0deb9d4: 2408 e8a5 

  0x000071d3c0deb9d8: ; ImmutableOopMap {rsi=Oop rcx=Oop rdi=Oop [160]=Oop [168]=Oop [176]=Oop [192]=Oop }
                      ;*aaload {reexecute=0 rethrow=0 return_oop=0}
                      ; - jdk.internal.reflect.DirectMethodHandleAccessor::invokeImpl@54 (line 154)
                      ; - jdk.internal.reflect.DirectMethodHandleAccessor::invoke@23 (line 103)
                      ;   {runtime_call throw_null_pointer_exception Runtime1 stub}
  0x000071d3c0deb9d8: f4fd 06e8 

  0x000071d3c0deb9dc: ; ImmutableOopMap {rsi=Oop rcx=Oop rdi=Oop rbx=Oop [160]=Oop [168]=Oop [176]=Oop [184]=Oop [192]=Oop }
                      ;*invokevirtual type {reexecute=0 rethrow=0 return_oop=0}
                      ; - java.lang.invoke.Invokers::checkExactType@1 (line 529)
                      ; - java.lang.invoke.Invokers$Holder::invokeExact_MT@10
                      ; - jdk.internal.reflect.DirectMethodHandleAccessor::invokeImpl@55 (line 154)
                      ; - jdk.internal.reflect.DirectMethodHandleAccessor::invoke@23 (line 103)
  0x000071d3c0deb9dc: a0eb fd06 

  0x000071d3c0deb9e0: ;   {runtime_call throw_null_pointer_exception Runtime1 stub}
  0x000071d3c0deb9e0: e89b ebfd 

  0x000071d3c0deb9e4: ; ImmutableOopMap {rsi=Oop rcx=Oop rdi=Oop rbx=Oop [160]=Oop [168]=Oop [176]=Oop [184]=Oop [192]=Oop }
                      ;*getfield customized {reexecute=1 rethrow=0 return_oop=0}
                      ; - (reexecute) java.lang.invoke.Invokers::checkCustomized@12 (line 626)
                      ; - java.lang.invoke.Invokers$Holder::invokeExact_MT@14
                      ; - jdk.internal.reflect.DirectMethodHandleAccessor::invokeImpl@55 (line 154)
                      ; - jdk.internal.reflect.DirectMethodHandleAccessor::invoke@23 (line 103)
                      ;   {runtime_call throw_null_pointer_exception Runtime1 stub}
  0x000071d3c0deb9e4: 06e8 96eb 

  0x000071d3c0deb9e8: ; ImmutableOopMap {rsi=Oop rdi=Oop [160]=Oop [168]=Oop [176]=Oop [200]=Oop }
                      ;*invokevirtual type {reexecute=0 rethrow=0 return_oop=0}
                      ; - java.lang.invoke.Invokers::checkExactType@1 (line 529)
                      ; - java.lang.invoke.Invokers$Holder::invokeExact_MT@10
                      ; - jdk.internal.reflect.DirectMethodHandleAccessor::invokeImpl@41 (line 153)
                      ; - jdk.internal.reflect.DirectMethodHandleAccessor::invoke@23 (line 103)
                      ;   {runtime_call throw_null_pointer_exception Runtime1 stub}
  0x000071d3c0deb9e8: fd06 e891 

  0x000071d3c0deb9ec: ; ImmutableOopMap {rsi=Oop rdi=Oop [160]=Oop [168]=Oop [176]=Oop [200]=Oop }
                      ;*getfield customized {reexecute=1 rethrow=0 return_oop=0}
                      ; - (reexecute) java.lang.invoke.Invokers::checkCustomized@12 (line 626)
                      ; - java.lang.invoke.Invokers$Holder::invokeExact_MT@14
                      ; - jdk.internal.reflect.DirectMethodHandleAccessor::invokeImpl@41 (line 153)
                      ; - jdk.internal.reflect.DirectMethodHandleAccessor::invoke@23 (line 103)
                      ;   {internal_word}
  0x000071d3c0deb9ec: ebfd 0649 | ba24 b3de | c0d3 7100 | 004d 8997 | 6004 0000 

  0x000071d3c0deba00: ;   {runtime_call SafepointBlob}
  0x000071d3c0deba00: e9fb 15fa 

  0x000071d3c0deba04: ;   {internal_word}
  0x000071d3c0deba04: 0649 ba64 | b3de c0d3 | 7100 004d | 8997 6004 

  0x000071d3c0deba14: ;   {runtime_call SafepointBlob}
  0x000071d3c0deba14: 0000 e9e5 | 15fa 0649 | b820 e927 | 8600 0000 | 00b8 000f 

  0x000071d3c0deba28: ;   {runtime_call load_appendix_patching Runtime1 stub}
  0x000071d3c0deba28: 050a e851 

  0x000071d3c0deba2c: ; ImmutableOopMap {rsi=Oop rdi=Oop [160]=Oop [168]=Oop [176]=Oop }
                      ;*invokevirtual invokeExact {reexecute=1 rethrow=0 return_oop=0}
                      ; - (reexecute) jdk.internal.reflect.DirectMethodHandleAccessor::invokeImpl@104 (line 157)
                      ; - jdk.internal.reflect.DirectMethodHandleAccessor::invoke@23 (line 103)
  0x000071d3c0deba2c: 3407 07e9 | 44f9 ffff 

  0x000071d3c0deba34: ;   {runtime_call throw_null_pointer_exception Runtime1 stub}
  0x000071d3c0deba34: e847 ebfd 

  0x000071d3c0deba38: ; ImmutableOopMap {rsi=Oop rdi=Oop r8=Oop [160]=Oop [168]=Oop [176]=Oop }
                      ;*invokevirtual invokeExact {reexecute=0 rethrow=0 return_oop=0}
                      ; - jdk.internal.reflect.DirectMethodHandleAccessor::invokeImpl@104 (line 157)
                      ; - jdk.internal.reflect.DirectMethodHandleAccessor::invoke@23 (line 103)
                      ;   {internal_word}
  0x000071d3c0deba38: 0649 bab4 | b3de c0d3 | 7100 004d | 8997 6004 

  0x000071d3c0deba48: ;   {runtime_call SafepointBlob}
  0x000071d3c0deba48: 0000 e9b1 

  0x000071d3c0deba4c: ;   {runtime_call throw_null_pointer_exception Runtime1 stub}
  0x000071d3c0deba4c: 15fa 06e8 

  0x000071d3c0deba50: ; ImmutableOopMap {rsi=Oop rcx=Oop rbx=Oop [160]=Oop [168]=Oop [176]=Oop }
                      ;*aaload {reexecute=0 rethrow=0 return_oop=0}
                      ; - jdk.internal.reflect.DirectMethodHandleAccessor::invokeImpl@85 (line 156)
                      ; - jdk.internal.reflect.DirectMethodHandleAccessor::invoke@23 (line 103)
  0x000071d3c0deba50: 2ceb fd06 

  0x000071d3c0deba54: ;   {runtime_call throw_null_pointer_exception Runtime1 stub}
  0x000071d3c0deba54: e827 ebfd 

  0x000071d3c0deba58: ; ImmutableOopMap {rsi=Oop rcx=Oop rbx=Oop [160]=Oop [168]=Oop [176]=Oop }
                      ;*aaload {reexecute=0 rethrow=0 return_oop=0}
                      ; - jdk.internal.reflect.DirectMethodHandleAccessor::invokeImpl@85 (line 156)
                      ; - jdk.internal.reflect.DirectMethodHandleAccessor::invoke@23 (line 103)
  0x000071d3c0deba58: 0648 c704 | 2400 0000 | 0048 894c 

  0x000071d3c0deba64: ;   {runtime_call throw_range_check_failed Runtime1 stub}
  0x000071d3c0deba64: 2408 e815 

  0x000071d3c0deba68: ; ImmutableOopMap {rsi=Oop rcx=Oop rbx=Oop [160]=Oop [168]=Oop [176]=Oop }
                      ;*aaload {reexecute=0 rethrow=0 return_oop=0}
                      ; - jdk.internal.reflect.DirectMethodHandleAccessor::invokeImpl@85 (line 156)
                      ; - jdk.internal.reflect.DirectMethodHandleAccessor::invoke@23 (line 103)
  0x000071d3c0deba68: f4fd 0648 | c704 2401 | 0000 0048 | 894c 2408 

  0x000071d3c0deba78: ;   {runtime_call throw_range_check_failed Runtime1 stub}
  0x000071d3c0deba78: e803 f4fd 

  0x000071d3c0deba7c: ; ImmutableOopMap {rsi=Oop rcx=Oop rbx=Oop r8=Oop [160]=Oop [168]=Oop [176]=Oop }
                      ;*aaload {reexecute=0 rethrow=0 return_oop=0}
                      ; - jdk.internal.reflect.DirectMethodHandleAccessor::invokeImpl@88 (line 156)
                      ; - jdk.internal.reflect.DirectMethodHandleAccessor::invoke@23 (line 103)
  0x000071d3c0deba7c: 0648 c704 | 2402 0000 | 0048 894c 

  0x000071d3c0deba88: ;   {runtime_call throw_range_check_failed Runtime1 stub}
  0x000071d3c0deba88: 2408 e8f1 

  0x000071d3c0deba8c: ; ImmutableOopMap {rsi=Oop rcx=Oop rbx=Oop r8=Oop r9=Oop [160]=Oop [168]=Oop [176]=Oop }
                      ;*aaload {reexecute=0 rethrow=0 return_oop=0}
                      ; - jdk.internal.reflect.DirectMethodHandleAccessor::invokeImpl@91 (line 156)
                      ; - jdk.internal.reflect.DirectMethodHandleAccessor::invoke@23 (line 103)
  0x000071d3c0deba8c: f3fd 0648 | b810 50e7 | 8300 0000 | 00b8 000f 

  0x000071d3c0deba9c: ;   {runtime_call load_appendix_patching Runtime1 stub}
  0x000071d3c0deba9c: 050a e8dd 

  0x000071d3c0debaa0: ; ImmutableOopMap {rsi=Oop rcx=Oop rbx=Oop r8=Oop r9=Oop rdi=Oop [160]=Oop [168]=Oop [176]=Oop }
                      ;*invokevirtual invokeExact {reexecute=1 rethrow=0 return_oop=0}
                      ; - (reexecute) jdk.internal.reflect.DirectMethodHandleAccessor::invokeImpl@92 (line 156)
                      ; - jdk.internal.reflect.DirectMethodHandleAccessor::invoke@23 (line 103)
  0x000071d3c0debaa0: 3307 07e9 | 50f9 ffff 

  0x000071d3c0debaa8: ;   {runtime_call throw_null_pointer_exception Runtime1 stub}
  0x000071d3c0debaa8: e8d3 eafd 

  0x000071d3c0debaac: ; ImmutableOopMap {rsi=Oop rcx=Oop rbx=Oop r8=Oop r9=Oop rdi=Oop rax=Oop [160]=Oop [168]=Oop [176]=Oop }
                      ;*invokevirtual invokeExact {reexecute=0 rethrow=0 return_oop=0}
                      ; - jdk.internal.reflect.DirectMethodHandleAccessor::invokeImpl@92 (line 156)
                      ; - jdk.internal.reflect.DirectMethodHandleAccessor::invoke@23 (line 103)
                      ;   {internal_word}
  0x000071d3c0debaac: 0649 ba34 | b4de c0d3 | 7100 004d | 8997 6004 

  0x000071d3c0debabc: ;   {runtime_call SafepointBlob}
  0x000071d3c0debabc: 0000 e93d 

  0x000071d3c0debac0: ;   {runtime_call throw_null_pointer_exception Runtime1 stub}
  0x000071d3c0debac0: 15fa 06e8 

  0x000071d3c0debac4: ; ImmutableOopMap {rcx=Oop rsi=Oop rdi=Oop [160]=Oop [168]=Oop [176]=Oop }
                      ;*aaload {reexecute=0 rethrow=0 return_oop=0}
                      ; - jdk.internal.reflect.DirectMethodHandleAccessor::invokeImpl@68 (line 155)
                      ; - jdk.internal.reflect.DirectMethodHandleAccessor::invoke@23 (line 103)
  0x000071d3c0debac4: b8ea fd06 

  0x000071d3c0debac8: ;   {runtime_call throw_null_pointer_exception Runtime1 stub}
  0x000071d3c0debac8: e8b3 eafd 

  0x000071d3c0debacc: ; ImmutableOopMap {rcx=Oop rsi=Oop rdi=Oop [160]=Oop [168]=Oop [176]=Oop }
                      ;*aaload {reexecute=0 rethrow=0 return_oop=0}
                      ; - jdk.internal.reflect.DirectMethodHandleAccessor::invokeImpl@68 (line 155)
                      ; - jdk.internal.reflect.DirectMethodHandleAccessor::invoke@23 (line 103)
  0x000071d3c0debacc: 0648 c704 | 2400 0000 | 0048 894c 

  0x000071d3c0debad8: ;   {runtime_call throw_range_check_failed Runtime1 stub}
  0x000071d3c0debad8: 2408 e8a1 

  0x000071d3c0debadc: ; ImmutableOopMap {rcx=Oop rsi=Oop rdi=Oop [160]=Oop [168]=Oop [176]=Oop }
                      ;*aaload {reexecute=0 rethrow=0 return_oop=0}
                      ; - jdk.internal.reflect.DirectMethodHandleAccessor::invokeImpl@68 (line 155)
                      ; - jdk.internal.reflect.DirectMethodHandleAccessor::invoke@23 (line 103)
  0x000071d3c0debadc: f3fd 0648 | c704 2401 | 0000 0048 | 894c 2408 

  0x000071d3c0debaec: ;   {runtime_call throw_range_check_failed Runtime1 stub}
  0x000071d3c0debaec: e88f f3fd 

  0x000071d3c0debaf0: ; ImmutableOopMap {rcx=Oop rsi=Oop rdi=Oop r8=Oop [160]=Oop [168]=Oop [176]=Oop }
                      ;*aaload {reexecute=0 rethrow=0 return_oop=0}
                      ; - jdk.internal.reflect.DirectMethodHandleAccessor::invokeImpl@71 (line 155)
                      ; - jdk.internal.reflect.DirectMethodHandleAccessor::invoke@23 (line 103)
  0x000071d3c0debaf0: 0648 bbe0 | 4de7 8300 | 0000 00b8 | 000f 050a 

  0x000071d3c0debb00: ;   {runtime_call load_appendix_patching Runtime1 stub}
  0x000071d3c0debb00: e87b 3307 

  0x000071d3c0debb04: ; ImmutableOopMap {rcx=Oop rsi=Oop rdi=Oop r8=Oop r9=Oop [160]=Oop [168]=Oop [176]=Oop }
                      ;*invokevirtual invokeExact {reexecute=1 rethrow=0 return_oop=0}
                      ; - (reexecute) jdk.internal.reflect.DirectMethodHandleAccessor::invokeImpl@72 (line 155)
                      ; - jdk.internal.reflect.DirectMethodHandleAccessor::invoke@23 (line 103)
  0x000071d3c0debb04: 07e9 66f9 

  0x000071d3c0debb08: ;   {runtime_call throw_null_pointer_exception Runtime1 stub}
  0x000071d3c0debb08: ffff e871 

  0x000071d3c0debb0c: ; ImmutableOopMap {rcx=Oop rsi=Oop rdi=Oop r8=Oop r9=Oop rbx=Oop [160]=Oop [168]=Oop [176]=Oop }
                      ;*invokevirtual invokeExact {reexecute=0 rethrow=0 return_oop=0}
                      ; - jdk.internal.reflect.DirectMethodHandleAccessor::invokeImpl@72 (line 155)
                      ; - jdk.internal.reflect.DirectMethodHandleAccessor::invoke@23 (line 103)
                      ;   {internal_word}
  0x000071d3c0debb0c: eafd 0649 | baac b4de | c0d3 7100 | 004d 8997 | 6004 0000 

  0x000071d3c0debb20: ;   {runtime_call SafepointBlob}
  0x000071d3c0debb20: e9db 14fa 

  0x000071d3c0debb24: ;   {runtime_call throw_null_pointer_exception Runtime1 stub}
  0x000071d3c0debb24: 06e8 56ea 

  0x000071d3c0debb28: ; ImmutableOopMap {rax=Oop [160]=Oop [168]=Oop [176]=Oop [200]=Oop [208]=Oop }
                      ;*athrow {reexecute=1 rethrow=0 return_oop=0}
                      ; - (reexecute) java.lang.invoke.Invokers::checkExactType@15 (line 531)
                      ; - java.lang.invoke.Invokers$Holder::invokeExact_MT@10
                      ; - jdk.internal.reflect.DirectMethodHandleAccessor::invokeImpl@41 (line 153)
                      ; - jdk.internal.reflect.DirectMethodHandleAccessor::invoke@23 (line 103)
                      ;   {runtime_call throw_null_pointer_exception Runtime1 stub}
  0x000071d3c0debb28: fd06 e851 

  0x000071d3c0debb2c: ; ImmutableOopMap {rax=Oop [160]=Oop [168]=Oop [176]=Oop [184]=Oop [192]=Oop [216]=Oop }
                      ;*athrow {reexecute=1 rethrow=0 return_oop=0}
                      ; - (reexecute) java.lang.invoke.Invokers::checkExactType@15 (line 531)
                      ; - java.lang.invoke.Invokers$Holder::invokeExact_MT@10
                      ; - jdk.internal.reflect.DirectMethodHandleAccessor::invokeImpl@55 (line 154)
                      ; - jdk.internal.reflect.DirectMethodHandleAccessor::invoke@23 (line 103)
                      ;   {metadata(nullptr)}
  0x000071d3c0debb2c: eafd 0648 | ba00 0000 | 0000 0000 | 00b8 000f 

  0x000071d3c0debb3c: ;   {runtime_call load_klass_patching Runtime1 stub}
  0x000071d3c0debb3c: 050a e83d 

  0x000071d3c0debb40: ; ImmutableOopMap {[160]=Oop [168]=Oop [176]=Oop [232]=Oop }
                      ;*new {reexecute=1 rethrow=0 return_oop=0}
                      ; - (reexecute) jdk.internal.reflect.DirectMethodHandleAccessor::invoke@36 (line 107)
  0x000071d3c0debb40: 2b07 07e9 | 78fa ffff 

  0x000071d3c0debb48: ;   {runtime_call fast_new_instance Runtime1 stub}
  0x000071d3c0debb48: 488b d2e8 

  0x000071d3c0debb4c: ; ImmutableOopMap {[160]=Oop [168]=Oop [176]=Oop [232]=Oop }
                      ;*new {reexecute=0 rethrow=0 return_oop=0}
                      ; - jdk.internal.reflect.DirectMethodHandleAccessor::invoke@36 (line 107)
  0x000071d3c0debb4c: 30e1 fd06 | e9c3 faff 

  0x000071d3c0debb54: ;   {metadata(nullptr)}
  0x000071d3c0debb54: ff48 ba00 | 0000 0000 | 0000 00b8 | 000f 050a 

  0x000071d3c0debb64: ;   {runtime_call load_klass_patching Runtime1 stub}
  0x000071d3c0debb64: e817 2b07 

  0x000071d3c0debb68: ; ImmutableOopMap {rax=Oop [160]=Oop [168]=Oop [176]=Oop [232]=Oop }
                      ;*new {reexecute=1 rethrow=0 return_oop=0}
                      ; - (reexecute) jdk.internal.reflect.DirectMethodHandleAccessor::invoke@46 (line 109)
  0x000071d3c0debb68: 07e9 f2fa 

  0x000071d3c0debb6c: ;   {runtime_call throw_null_pointer_exception Runtime1 stub}
  0x000071d3c0debb6c: ffff e80d 

  0x000071d3c0debb70: ; ImmutableOopMap {rbx=Oop [160]=Oop [168]=Oop [176]=Oop [232]=Oop }
                      ;*new {reexecute=0 rethrow=0 return_oop=0}
                      ; - jdk.internal.reflect.DirectMethodHandleAccessor::invoke@46 (line 109)
  0x000071d3c0debb70: eafd 0648 

  0x000071d3c0debb74: ;   {runtime_call fast_new_instance_init_check Runtime1 stub}
  0x000071d3c0debb74: 8bd2 e805 

  0x000071d3c0debb78: ; ImmutableOopMap {rbx=Oop [160]=Oop [168]=Oop [176]=Oop [232]=Oop }
                      ;*new {reexecute=0 rethrow=0 return_oop=0}
                      ; - jdk.internal.reflect.DirectMethodHandleAccessor::invoke@46 (line 109)
  0x000071d3c0debb78: defd 06e9 | 48fb ffff 

  0x000071d3c0debb80: ;   {metadata(nullptr)}
  0x000071d3c0debb80: 48ba 0000 | 0000 0000 | 0000 b800 

  0x000071d3c0debb8c: ;   {runtime_call load_klass_patching Runtime1 stub}
  0x000071d3c0debb8c: 0f05 0ae8 

  0x000071d3c0debb90: ; ImmutableOopMap {[160]=Oop [168]=Oop [176]=Oop [224]=Oop }
                      ;*new {reexecute=1 rethrow=0 return_oop=0}
                      ; - (reexecute) jdk.internal.reflect.DirectMethodHandleAccessor::invoke@64 (line 113)
  0x000071d3c0debb90: ec2a 0707 | e967 fbff | ff48 8bd2 

  0x000071d3c0debb9c: ;   {runtime_call fast_new_instance Runtime1 stub}
  0x000071d3c0debb9c: e8df e0fd 

  0x000071d3c0debba0: ; ImmutableOopMap {[160]=Oop [168]=Oop [176]=Oop [224]=Oop }
                      ;*new {reexecute=0 rethrow=0 return_oop=0}
                      ; - jdk.internal.reflect.DirectMethodHandleAccessor::invoke@64 (line 113)
  0x000071d3c0debba0: 06e9 b2fb 

  0x000071d3c0debba4: ;   {metadata(nullptr)}
  0x000071d3c0debba4: ffff 48ba | 0000 0000 | 0000 0000 | b800 0f05 

  0x000071d3c0debbb4: ;   {runtime_call load_klass_patching Runtime1 stub}
  0x000071d3c0debbb4: 0ae8 c62a 

  0x000071d3c0debbb8: ; ImmutableOopMap {rax=Oop [160]=Oop [168]=Oop [176]=Oop [224]=Oop }
                      ;*new {reexecute=1 rethrow=0 return_oop=0}
                      ; - (reexecute) jdk.internal.reflect.DirectMethodHandleAccessor::invoke@73 (line 115)
  0x000071d3c0debbb8: 0707 e9e1 

  0x000071d3c0debbbc: ;   {runtime_call throw_null_pointer_exception Runtime1 stub}
  0x000071d3c0debbbc: fbff ffe8 

  0x000071d3c0debbc0: ; ImmutableOopMap {rbx=Oop [160]=Oop [168]=Oop [176]=Oop [224]=Oop }
                      ;*new {reexecute=0 rethrow=0 return_oop=0}
                      ; - jdk.internal.reflect.DirectMethodHandleAccessor::invoke@73 (line 115)
  0x000071d3c0debbc0: bce9 fd06 

  0x000071d3c0debbc4: ;   {runtime_call fast_new_instance_init_check Runtime1 stub}
  0x000071d3c0debbc4: 488b d2e8 

  0x000071d3c0debbc8: ; ImmutableOopMap {rbx=Oop [160]=Oop [168]=Oop [176]=Oop [224]=Oop }
                      ;*new {reexecute=0 rethrow=0 return_oop=0}
                      ; - jdk.internal.reflect.DirectMethodHandleAccessor::invoke@73 (line 115)
  0x000071d3c0debbc8: b4dd fd06 | e937 fcff 

  0x000071d3c0debbd0: ;   {metadata(nullptr)}
  0x000071d3c0debbd0: ff48 ba00 | 0000 0000 | 0000 00b8 | 000f 050a 

  0x000071d3c0debbe0: ;   {runtime_call load_klass_patching Runtime1 stub}
  0x000071d3c0debbe0: e89b 2a07 

  0x000071d3c0debbe4: ; ImmutableOopMap {[160]=Oop [168]=Oop [176]=Oop }
                      ;*new {reexecute=1 rethrow=0 return_oop=0}
                      ; - (reexecute) jdk.internal.reflect.DirectMethodHandleAccessor::checkReceiver@14 (line 197)
                      ; - jdk.internal.reflect.DirectMethodHandleAccessor::invoke@9 (line 99)
  0x000071d3c0debbe4: 07e9 56fc | ffff 488b 

  0x000071d3c0debbec: ;   {runtime_call fast_new_instance Runtime1 stub}
  0x000071d3c0debbec: d2e8 8ee0 

  0x000071d3c0debbf0: ; ImmutableOopMap {[160]=Oop [168]=Oop [176]=Oop }
                      ;*new {reexecute=0 rethrow=0 return_oop=0}
                      ; - jdk.internal.reflect.DirectMethodHandleAccessor::checkReceiver@14 (line 197)
                      ; - jdk.internal.reflect.DirectMethodHandleAccessor::invoke@9 (line 99)
  0x000071d3c0debbf0: fd06 e9a1 

  0x000071d3c0debbf4: ;   {metadata(nullptr)}
  0x000071d3c0debbf4: fcff ff48 | ba00 0000 | 0000 0000 | 00b8 000f 

  0x000071d3c0debc04: ;   {runtime_call load_klass_patching Runtime1 stub}
  0x000071d3c0debc04: 050a e875 

  0x000071d3c0debc08: ; ImmutableOopMap {rax=Oop [160]=Oop [168]=Oop [176]=Oop }
                      ;*new {reexecute=1 rethrow=0 return_oop=0}
                      ; - (reexecute) jdk.internal.reflect.DirectMethodHandleAccessor::invoke@83 (line 118)
  0x000071d3c0debc08: 2a07 07e9 | e0fc ffff 

  0x000071d3c0debc10: ;   {runtime_call throw_null_pointer_exception Runtime1 stub}
  0x000071d3c0debc10: e86b e9fd 

  0x000071d3c0debc14: ; ImmutableOopMap {r8=Oop [160]=Oop [168]=Oop [176]=Oop }
                      ;*new {reexecute=0 rethrow=0 return_oop=0}
                      ; - jdk.internal.reflect.DirectMethodHandleAccessor::invoke@83 (line 118)
  0x000071d3c0debc14: 0648 8bd2 

  0x000071d3c0debc18: ;   {runtime_call fast_new_instance_init_check Runtime1 stub}
  0x000071d3c0debc18: e863 ddfd 

  0x000071d3c0debc1c: ; ImmutableOopMap {r8=Oop [160]=Oop [168]=Oop [176]=Oop }
                      ;*new {reexecute=0 rethrow=0 return_oop=0}
                      ; - jdk.internal.reflect.DirectMethodHandleAccessor::invoke@83 (line 118)
  0x000071d3c0debc1c: 06e9 36fd | ffff 498b | 87f8 0400 | 0049 c787 | f804 0000 | 0000 0000 | 49c7 8700 | 0500 0000 
  0x000071d3c0debc3c: 0000 0048 | 81c4 3001 

  0x000071d3c0debc44: ;   {runtime_call unwind_exception Runtime1 stub}
  0x000071d3c0debc44: 0000 5de9 | 34f8 fd06 | f4f4 f4f4 
[Stub Code]
  0x000071d3c0debc50: ;   {no_reloc}
  0x000071d3c0debc50: 0f1f 4400 

  0x000071d3c0debc54: ;   {static_stub}
  0x000071d3c0debc54: 0048 bb08 | 090b 63d3 

  0x000071d3c0debc5c: ;   {runtime_call I2C/C2I adapters}
  0x000071d3c0debc5c: 7100 00e9 | 0bde f806 

  0x000071d3c0debc64: ;   {static_stub}
  0x000071d3c0debc64: 9048 bbb0 | 826b 5fd3 

  0x000071d3c0debc6c: ;   {runtime_call I2C/C2I adapters}
  0x000071d3c0debc6c: 7100 00e9 | 836e f906 

  0x000071d3c0debc74: ;   {static_stub}
  0x000071d3c0debc74: 9048 bbb0 | 2278 5fd3 

  0x000071d3c0debc7c: ;   {runtime_call I2C/C2I adapters}
  0x000071d3c0debc7c: 7100 00e9 | efe1 fa06 

  0x000071d3c0debc84: ;   {static_stub}
  0x000071d3c0debc84: 9048 bb00 | 0000 0000 

  0x000071d3c0debc8c: ;   {runtime_call nmethod}
  0x000071d3c0debc8c: 0000 00e9 | fbff ffff 

  0x000071d3c0debc94: ;   {static_stub}
  0x000071d3c0debc94: 9048 bb00 | 0000 0000 

  0x000071d3c0debc9c: ;   {runtime_call nmethod}
  0x000071d3c0debc9c: 0000 00e9 | fbff ffff 

  0x000071d3c0debca4: ;   {static_stub}
  0x000071d3c0debca4: 9048 bb00 | 0000 0000 

  0x000071d3c0debcac: ;   {runtime_call nmethod}
  0x000071d3c0debcac: 0000 00e9 | fbff ffff 

  0x000071d3c0debcb4: ;   {static_stub}
  0x000071d3c0debcb4: 9048 bb00 | 0000 0000 

  0x000071d3c0debcbc: ;   {runtime_call nmethod}
  0x000071d3c0debcbc: 0000 00e9 | fbff ffff 

  0x000071d3c0debcc4: ;   {static_stub}
  0x000071d3c0debcc4: 9048 bb00 | 0000 0000 

  0x000071d3c0debccc: ;   {runtime_call nmethod}
  0x000071d3c0debccc: 0000 00e9 | fbff ffff 

  0x000071d3c0debcd4: ;   {static_stub}
  0x000071d3c0debcd4: 48bb 0000 | 0000 0000 

  0x000071d3c0debcdc: ;   {runtime_call nmethod}
  0x000071d3c0debcdc: 0000 e9fb 

  0x000071d3c0debce0: ;   {static_stub}
  0x000071d3c0debce0: ffff ff48 | bb00 0000 | 0000 0000 

  0x000071d3c0debcec: ;   {runtime_call nmethod}
  0x000071d3c0debcec: 00e9 fbff 

  0x000071d3c0debcf0: ;   {static_stub}
  0x000071d3c0debcf0: ffff 48bb | a0aa 3c63 | d371 0000 

  0x000071d3c0debcfc: ;   {runtime_call I2C/C2I adapters}
  0x000071d3c0debcfc: e9e5 d0f7 

  0x000071d3c0debd00: ;   {static_stub}
  0x000071d3c0debd00: 0648 bb00 | 0000 0000 

  0x000071d3c0debd08: ;   {runtime_call nmethod}
  0x000071d3c0debd08: 0000 00e9 | fbff ffff 

  0x000071d3c0debd10: ;   {static_stub}
  0x000071d3c0debd10: 48bb 0000 | 0000 0000 

  0x000071d3c0debd18: ;   {runtime_call nmethod}
  0x000071d3c0debd18: 0000 e9fb 

  0x000071d3c0debd1c: ;   {static_stub}
  0x000071d3c0debd1c: ffff ff48 | bb00 0000 | 0000 0000 

  0x000071d3c0debd28: ;   {runtime_call nmethod}
  0x000071d3c0debd28: 00e9 fbff 

  0x000071d3c0debd2c: ;   {static_stub}
  0x000071d3c0debd2c: ffff 48bb | 0000 0000 | 0000 0000 

  0x000071d3c0debd38: ;   {runtime_call nmethod}
  0x000071d3c0debd38: e9fb ffff 

  0x000071d3c0debd3c: ;   {static_stub}
  0x000071d3c0debd3c: ff48 bb00 | 0000 0000 

  0x000071d3c0debd44: ;   {runtime_call nmethod}
  0x000071d3c0debd44: 0000 00e9 | fbff ffff 
[Exception Handler]
  0x000071d3c0debd4c: ;   {runtime_call handle_exception_from_callee Runtime1 stub}
  0x000071d3c0debd4c: e82f cafd 

  0x000071d3c0debd50: ;   {external_word}
  0x000071d3c0debd50: 0648 bf84 | e80a e0d3 | 7100 0048 

  0x000071d3c0debd5c: ;   {runtime_call MacroAssembler::debug64(char*, long, long*)}
  0x000071d3c0debd5c: 83e4 f0e8 | 2cfc d91e 

  0x000071d3c0debd64: ;   {section_word}
  0x000071d3c0debd64: f449 ba65 | bdde c0d3 | 7100 0041 

  0x000071d3c0debd70: ;   {runtime_call DeoptimizationBlob}
  0x000071d3c0debd70: 52e9 2a05 

  0x000071d3c0debd74: ;   {section_word}
  0x000071d3c0debd74: fa06 49ba | 76bd dec0 | d371 0000 

  0x000071d3c0debd80: ;   {runtime_call DeoptimizationBlob}
  0x000071d3c0debd80: 4152 e919 | 05fa 06f4 
[/MachCode]


Compiled method (c1) 96625 3252       3       java.lang.reflect.Method::invoke (108 bytes)
 total in heap  [0x000071d3c0e21510,0x000071d3c0e21fe0] = 2768
 relocation     [0x000071d3c0e21668,0x000071d3c0e21728] = 192
 main code      [0x000071d3c0e21740,0x000071d3c0e21d38] = 1528
 stub code      [0x000071d3c0e21d38,0x000071d3c0e21dc8] = 144
 metadata       [0x000071d3c0e21dc8,0x000071d3c0e21de0] = 24
 scopes data    [0x000071d3c0e21de0,0x000071d3c0e21ee8] = 264
 scopes pcs     [0x000071d3c0e21ee8,0x000071d3c0e21fb8] = 208
 dependencies   [0x000071d3c0e21fb8,0x000071d3c0e21fc0] = 8
 nul chk table  [0x000071d3c0e21fc0,0x000071d3c0e21fe0] = 32

[Constant Pool (empty)]

[MachCode]
[Entry Point]
  # {method} {0x000071d363045348} 'invoke' '(Ljava/lang/Object;[Ljava/lang/Object;)Ljava/lang/Object;' in 'java/lang/reflect/Method'
  # this:     rsi:rsi   = 'java/lang/reflect/Method'
  # parm0:    rdx:rdx   = 'java/lang/Object'
  # parm1:    rcx:rcx   = '[Ljava/lang/Object;'
  #           [sp+0xa0]  (sp of caller)
  0x000071d3c0e21740: 448b 5608 | 49bb 0000 | 0063 d371 | 0000 4d03 | d34c 3bd0 

  0x000071d3c0e21754: ;   {runtime_call ic_miss_stub}
  0x000071d3c0e21754: 0f85 2649 | f606 660f | 1f44 0000 
[Verified Entry Point]
  0x000071d3c0e21760: 8984 2400 | c0fe ff55 | 4881 ec90 | 0000 0090 | 4181 7f20 | 0600 0000 

  0x000071d3c0e21778: ;   {runtime_call StubRoutines (final stubs)}
  0x000071d3c0e21778: 7405 e801 | adf4 0648 | 8974 2448 | 4889 5424 | 5048 894c 

  0x000071d3c0e2178c: ;   {metadata(method data for {method} {0x000071d363045348} 'invoke' '(Ljava/lang/Object;[Ljava/lang/Object;)Ljava/lang/Object;' in 'java/lang/reflect/Method')}
  0x000071d3c0e2178c: 2458 48bf | 08e3 f95f | d371 0000 | 8b9f f400 | 0000 83c3 | 0289 9ff4 | 0000 0081 | e3fe 0700 
  0x000071d3c0e217ac: 0085 db0f | 84d5 0400 | 0048 8bfe 

  0x000071d3c0e217b8: ;   {metadata(method data for {method} {0x000071d363045348} 'invoke' '(Ljava/lang/Object;[Ljava/lang/Object;)Ljava/lang/Object;' in 'java/lang/reflect/Method')}
  0x000071d3c0e217b8: 48bb 08e3 | f95f d371 | 0000 4883 | 8338 0100 | 0001 488b | fe48 8bf7 | 0f1f 8000 

  0x000071d3c0e217d4: ;   {optimized virtual_call}
  0x000071d3c0e217d4: 0000 00e8 

  0x000071d3c0e217d8: ; ImmutableOopMap {[72]=Oop [80]=Oop [88]=Oop }
                      ;*invokevirtual isCallerSensitive {reexecute=0 rethrow=0 return_oop=0}
                      ; - java.lang.reflect.Method::invoke@1 (line 561)
  0x000071d3c0e217d8: 84f2 fcff 

  0x000071d3c0e217dc: ;   {other}
  0x000071d3c0e217dc: 0f1f 8400 | cc02 0000 | 8944 2460 | 488b 7424 | 480f be7e 

  0x000071d3c0e217f0: ;   {metadata(method data for {method} {0x000071d363045348} 'invoke' '(Ljava/lang/Object;[Ljava/lang/Object;)Ljava/lang/Object;' in 'java/lang/reflect/Method')}
  0x000071d3c0e217f0: 0c85 ff48 | bf08 e3f9 | 5fd3 7100 | 0048 c7c3 | 7001 0000 | 7407 48c7 | c380 0100 | 0048 8b14 
  0x000071d3c0e21810: 1f48 8d52 | 0148 8914 | 1f0f 843d | 0000 0085 

  0x000071d3c0e21820: ;   {metadata(method data for {method} {0x000071d363045348} 'invoke' '(Ljava/lang/Object;[Ljava/lang/Object;)Ljava/lang/Object;' in 'java/lang/reflect/Method')}
  0x000071d3c0e21820: c048 bf08 | e3f9 5fd3 | 7100 0048 | c7c3 a001 | 0000 7507 | 48c7 c390 | 0100 0048 | 8b14 1f48 
  0x000071d3c0e21840: 8d52 0148 | 8914 1f0f | 850f 0000 

  0x000071d3c0e2184c: ;   {oop(nullptr)}
  0x000071d3c0e2184c: 0048 bf00 | 0000 0000 | 0000 00e9 | 2800 0000 

  0x000071d3c0e2185c: ;   {metadata(method data for {method} {0x000071d363045348} 'invoke' '(Ljava/lang/Object;[Ljava/lang/Object;)Ljava/lang/Object;' in 'java/lang/reflect/Method')}
  0x000071d3c0e2185c: 48bf 08e3 | f95f d371 | 0000 4883 | 87b0 0100 

  0x000071d3c0e2186c: ;   {static_call}
  0x000071d3c0e2186c: 0001 90e8 

  0x000071d3c0e21870: ; ImmutableOopMap {[72]=Oop [80]=Oop [88]=Oop }
                      ;*invokestatic getCallerClass {reexecute=0 rethrow=0 return_oop=0}
                      ; - java.lang.reflect.Method::invoke@19 (line 564)
  0x000071d3c0e21870: cc61 4b07 

  0x000071d3c0e21874: ;   {other}
  0x000071d3c0e21874: 0f1f 8400 | 6403 0001 | 488b f848 | 8b74 2448 | 0fbe 560c 

  0x000071d3c0e21888: ;   {metadata(method data for {method} {0x000071d363045348} 'invoke' '(Ljava/lang/Object;[Ljava/lang/Object;)Ljava/lang/Object;' in 'java/lang/reflect/Method')}
  0x000071d3c0e21888: 85d2 48ba | 08e3 f95f | d371 0000 | 48c7 c1d0 | 0100 0074 | 0748 c7c1 | c001 0000 | 4c8b 040a 
  0x000071d3c0e218a8: 4d8d 4001 | 4c89 040a | 0f84 0a00 | 0000 4889 | 7c24 68e9 | 5901 0000 | 8b4e 2444 

  0x000071d3c0e218c4: ;   {metadata(method data for {method} {0x000071d363045348} 'invoke' '(Ljava/lang/Object;[Ljava/lang/Object;)Ljava/lang/Object;' in 'java/lang/reflect/Method')}
  0x000071d3c0e218c4: 8b4e 2048 | ba08 e3f9 | 5fd3 7100 | 0048 8382 | e001 0000 

  0x000071d3c0e218d8: ;   {metadata(method data for {method} {0x000071d3630ed1b0} 'isStatic' '(I)Z' in 'java/lang/reflect/Modifier')}
  0x000071d3c0e218d8: 0148 ba00 | 130c 5fd3 | 7100 0044 | 8b82 f400 | 0000 4183 | c002 4489 | 82f4 0000 | 0041 81e0 
  0x000071d3c0e218f8: feff 1f00 | 4585 c00f | 84a6 0300 | 0049 8bd1 | 83e2 0885 

  0x000071d3c0e2190c: ;   {metadata(method data for {method} {0x000071d3630ed1b0} 'isStatic' '(I)Z' in 'java/lang/reflect/Modifier')}
  0x000071d3c0e2190c: d248 ba00 | 130c 5fd3 | 7100 0049 | c7c0 3801 | 0000 7407 | 49c7 c048 | 0100 004a | 8b1c 0248 
  0x000071d3c0e2192c: 8d5b 014a | 891c 020f | 841a 0000 

  0x000071d3c0e21938: ;   {metadata(method data for {method} {0x000071d3630ed1b0} 'isStatic' '(I)Z' in 'java/lang/reflect/Modifier')}
  0x000071d3c0e21938: 0048 ba00 | 130c 5fd3 | 7100 00ff | 8258 0100 | 00ba 0100 | 0000 e905 | 0000 00ba | 0000 0000 
  0x000071d3c0e21958: 83e2 0185 

  0x000071d3c0e2195c: ;   {metadata(method data for {method} {0x000071d363045348} 'invoke' '(Ljava/lang/Object;[Ljava/lang/Object;)Ljava/lang/Object;' in 'java/lang/reflect/Method')}
  0x000071d3c0e2195c: d248 ba08 | e3f9 5fd3 | 7100 0049 | c7c0 f001 | 0000 7407 | 49c7 c000 | 0200 004a | 8b1c 0248 
  0x000071d3c0e2197c: 8d5b 014a | 891c 020f | 841f 0000 

  0x000071d3c0e21988: ;   {metadata(method data for {method} {0x000071d363045348} 'invoke' '(Ljava/lang/Object;[Ljava/lang/Object;)Ljava/lang/Object;' in 'java/lang/reflect/Method')}
  0x000071d3c0e21988: 0048 ba08 | e3f9 5fd3 | 7100 00ff | 8210 0200 

  0x000071d3c0e21998: ;   {oop(nullptr)}
  0x000071d3c0e21998: 0049 b800 | 0000 0000 | 0000 00e9 | 3500 0000 | 488b 5424 | 5048 3b02 

  0x000071d3c0e219b0: ;   {metadata(method data for {method} {0x000071d363045348} 'invoke' '(Ljava/lang/Object;[Ljava/lang/Object;)Ljava/lang/Object;' in 'java/lang/reflect/Method')}
  0x000071d3c0e219b0: 4c8b c248 | bb08 e3f9 | 5fd3 7100 | 0048 8383 | 2802 0000 | 0144 8b42 | 0849 ba00 | 0000 63d3 
  0x000071d3c0e219d0: 7100 004d | 03c2 4d8b | 4070 4d8b | 0048 8bde 

  0x000071d3c0e219e0: ;   {metadata(method data for {method} {0x000071d363045348} 'invoke' '(Ljava/lang/Object;[Ljava/lang/Object;)Ljava/lang/Object;' in 'java/lang/reflect/Method')}
  0x000071d3c0e219e0: 48b8 08e3 | f95f d371 | 0000 4883 | 8060 0200 | 0001 488b | d748 8bc6 | 488b f048 | 897c 2468 
  0x000071d3c0e21a00: 0f1f 8000 

  0x000071d3c0e21a04: ;   {optimized virtual_call}
  0x000071d3c0e21a04: 0000 00e8 

  0x000071d3c0e21a08: ; ImmutableOopMap {[72]=Oop [80]=Oop [88]=Oop [104]=Oop }
                      ;*invokevirtual checkAccess {reexecute=0 rethrow=0 return_oop=0}
                      ; - java.lang.reflect.Method::invoke@60 (line 571)
  0x000071d3c0e21a08: f4ea fcff 

  0x000071d3c0e21a0c: ;   {other}
  0x000071d3c0e21a0c: 0f1f 8400 | fc04 0002 | 488b 7424 | 488b 7e4c 

  0x000071d3c0e21a1c: ;   {metadata(method data for {method} {0x000071d363045348} 'invoke' '(Ljava/lang/Object;[Ljava/lang/Object;)Ljava/lang/Object;' in 'java/lang/reflect/Method')}
  0x000071d3c0e21a1c: 4885 ff48 | bb08 e3f9 | 5fd3 7100 | 0048 c7c0 | 9802 0000 | 7507 48c7 | c0a8 0200 | 0048 8b14 
  0x000071d3c0e21a3c: 0348 8d52 | 0148 8914 | 030f 8534 | 0000 0048 | 897c 2470 

  0x000071d3c0e21a50: ;   {metadata(method data for {method} {0x000071d363045348} 'invoke' '(Ljava/lang/Object;[Ljava/lang/Object;)Ljava/lang/Object;' in 'java/lang/reflect/Method')}
  0x000071d3c0e21a50: 488b de48 | b808 e3f9 | 5fd3 7100 | 0048 8380 | b802 0000 | 0148 8bde | 488b f30f 

  0x000071d3c0e21a6c: ;   {optimized virtual_call}
  0x000071d3c0e21a6c: 1f40 00e8 

  0x000071d3c0e21a70: ; ImmutableOopMap {[72]=Oop [80]=Oop [88]=Oop [104]=Oop [112]=Oop }
                      ;*invokevirtual acquireMethodAccessor {reexecute=0 rethrow=0 return_oop=0}
                      ; - java.lang.reflect.Method::invoke@75 (line 577)
  0x000071d3c0e21a70: 1503 0000 

  0x000071d3c0e21a74: ;   {other}
  0x000071d3c0e21a74: 0f1f 8400 | 6405 0003 | 488b f88b | 4424 6085 

  0x000071d3c0e21a84: ;   {metadata(method data for {method} {0x000071d363045348} 'invoke' '(Ljava/lang/Object;[Ljava/lang/Object;)Ljava/lang/Object;' in 'java/lang/reflect/Method')}
  0x000071d3c0e21a84: c048 ba08 | e3f9 5fd3 | 7100 0048 | c7c1 f002 | 0000 7407 | 48c7 c100 | 0300 004c | 8b04 0a4d 
  0x000071d3c0e21aa4: 8d40 014c | 8904 0a0f | 84f1 0000 | 0048 3b07 

  0x000071d3c0e21ab4: ;   {metadata(method data for {method} {0x000071d363045348} 'invoke' '(Ljava/lang/Object;[Ljava/lang/Object;)Ljava/lang/Object;' in 'java/lang/reflect/Method')}
  0x000071d3c0e21ab4: 488b d748 | b908 e3f9 | 5fd3 7100 | 008b 5208 | 49ba 0000 | 0063 d371 | 0000 4903 | d248 3b91 
  0x000071d3c0e21ad4: 2003 0000 | 750d 4883 | 8128 0300 | 0001 e960 | 0000 0048 | 3b91 3003 | 0000 750d | 4883 8138 
  0x000071d3c0e21af4: 0300 0001 | e94a 0000 | 0048 83b9 | 2003 0000 | 0075 1748 | 8991 2003 | 0000 48c7 | 8128 0300 
  0x000071d3c0e21b14: 0001 0000 | 00e9 2900 | 0000 4883 | b930 0300 | 0000 7517 | 4889 9130 | 0300 0048 | c781 3803 
  0x000071d3c0e21b34: 0000 0100 | 0000 e908 | 0000 0048 | 8381 1003 | 0000 0148 | 8b54 2450 | 488b 4c24 | 584c 8b44 
  0x000071d3c0e21b54: 2468 488b | f748 897c | 2478 0f1f | 8000 0000 | 0048 b8ff | ffff ffff 

  0x000071d3c0e21b6c: ;   {virtual_call}
  0x000071d3c0e21b6c: ffff ffe8 

  0x000071d3c0e21b70: ; ImmutableOopMap {[72]=Oop [80]=Oop [88]=Oop [104]=Oop [120]=Oop }
                      ;*invokeinterface invoke {reexecute=0 rethrow=0 return_oop=0}
                      ; - java.lang.reflect.Method::invoke@90 (line 580)
  0x000071d3c0e21b70: 0c4b f606 

  0x000071d3c0e21b74: ;   {other}
  0x000071d3c0e21b74: 0f1f 8400 | 6406 0004 

  0x000071d3c0e21b7c: ;   {metadata(method data for {method} {0x000071d363045348} 'invoke' '(Ljava/lang/Object;[Ljava/lang/Object;)Ljava/lang/Object;' in 'java/lang/reflect/Method')}
  0x000071d3c0e21b7c: 48ba 08e3 | f95f d371 | 0000 ff82 | 4803 0000 | 4881 c490 | 0000 005d 

  0x000071d3c0e21b94: ;   {poll_return}
  0x000071d3c0e21b94: 493b a748 | 0400 000f | 8735 0100 | 00c3 488b | 4c24 5848 | 8b54 2450 

  0x000071d3c0e21bac: ; implicit exception: dispatches to 0x000071d3c0e21cec
  0x000071d3c0e21bac: 483b 074c 

  0x000071d3c0e21bb0: ;   {metadata(method data for {method} {0x000071d363045348} 'invoke' '(Ljava/lang/Object;[Ljava/lang/Object;)Ljava/lang/Object;' in 'java/lang/reflect/Method')}
  0x000071d3c0e21bb0: 8bc7 49b9 | 08e3 f95f | d371 0000 | 458b 4008 | 49ba 0000 | 0063 d371 | 0000 4d03 | c24d 3b81 
  0x000071d3c0e21bd0: 7003 0000 | 750d 4983 | 8178 0300 | 0001 e960 | 0000 004d | 3b81 8003 | 0000 750d | 4983 8188 
  0x000071d3c0e21bf0: 0300 0001 | e94a 0000 | 0049 83b9 | 7003 0000 | 0075 174d | 8981 7003 | 0000 49c7 | 8178 0300 
  0x000071d3c0e21c10: 0001 0000 | 00e9 2900 | 0000 4983 | b980 0300 | 0000 7517 | 4d89 8180 | 0300 0049 | c781 8803 
  0x000071d3c0e21c30: 0000 0100 | 0000 e908 | 0000 0049 | 8381 6003 | 0000 014c | 8bc2 498b | d04c 8bc9 | 498b c948 
  0x000071d3c0e21c50: 8bf7 4889 | 7c24 7866 | 0f1f 4400 | 0048 b898 | d819 63d3 

  0x000071d3c0e21c64: ;   {virtual_call}
  0x000071d3c0e21c64: 7100 00e8 

  0x000071d3c0e21c68: ; ImmutableOopMap {[72]=Oop [80]=Oop [88]=Oop [104]=Oop [120]=Oop }
                      ;*invokeinterface invoke {reexecute=0 rethrow=0 return_oop=0}
                      ; - java.lang.reflect.Method::invoke@102 (line 580)
  0x000071d3c0e21c68: b494 fcff 

  0x000071d3c0e21c6c: ;   {other}
  0x000071d3c0e21c6c: 0f1f 8400 | 5c07 0005 | 4881 c490 | 0000 005d 

  0x000071d3c0e21c7c: ;   {poll_return}
  0x000071d3c0e21c7c: 493b a748 | 0400 000f | 8768 0000 

  0x000071d3c0e21c88: ;   {metadata({method} {0x000071d363045348} 'invoke' '(Ljava/lang/Object;[Ljava/lang/Object;)Ljava/lang/Object;' in 'java/lang/reflect/Method')}
  0x000071d3c0e21c88: 00c3 49ba | 4853 0463 | d371 0000 | 4c89 5424 | 0848 c704 | 24ff ffff 

  0x000071d3c0e21ca0: ;   {runtime_call counter_overflow Runtime1 stub}
  0x000071d3c0e21ca0: ffe8 da8d 

  0x000071d3c0e21ca4: ; ImmutableOopMap {rsi=Oop rdx=Oop rcx=Oop [72]=Oop [80]=Oop [88]=Oop }
                      ;*synchronization entry
                      ; - java.lang.reflect.Method::invoke@-1 (line 561)
  0x000071d3c0e21ca4: 0307 e90a 

  0x000071d3c0e21ca8: ;   {metadata({method} {0x000071d3630ed1b0} 'isStatic' '(I)Z' in 'java/lang/reflect/Modifier')}
  0x000071d3c0e21ca8: fbff ff49 | bab0 d10e | 63d3 7100 | 004c 8954 | 2408 48c7 | 0424 ffff 

  0x000071d3c0e21cc0: ;   {runtime_call counter_overflow Runtime1 stub}
  0x000071d3c0e21cc0: ffff e8b9 

  0x000071d3c0e21cc4: ; ImmutableOopMap {rdi=Oop rsi=Oop rcx=Oop [72]=Oop [80]=Oop [88]=Oop }
                      ;*synchronization entry
                      ; - java.lang.reflect.Modifier::isStatic@-1 (line 98)
                      ; - java.lang.reflect.Method::invoke@42 (line 572)
  0x000071d3c0e21cc4: 8d03 07e9 | 39fc ffff 

  0x000071d3c0e21ccc: ;   {runtime_call throw_null_pointer_exception Runtime1 stub}
  0x000071d3c0e21ccc: e8af 88fa 

  0x000071d3c0e21cd0: ; ImmutableOopMap {rdi=Oop rsi=Oop rcx=Oop rdx=Oop [72]=Oop [80]=Oop [88]=Oop }
                      ;*invokevirtual getClass {reexecute=0 rethrow=0 return_oop=0}
                      ; - java.lang.reflect.Method::invoke@53 (line 572)
                      ;   {runtime_call throw_null_pointer_exception Runtime1 stub}
  0x000071d3c0e21cd0: 06e8 aa88 

  0x000071d3c0e21cd4: ; ImmutableOopMap {rdi=Oop [72]=Oop [80]=Oop [88]=Oop [104]=Oop }
                      ;*invokeinterface invoke {reexecute=0 rethrow=0 return_oop=0}
                      ; - java.lang.reflect.Method::invoke@90 (line 580)
                      ;   {internal_word}
  0x000071d3c0e21cd4: fa06 49ba | 941b e2c0 | d371 0000 | 4d89 9760 

  0x000071d3c0e21ce4: ;   {runtime_call SafepointBlob}
  0x000071d3c0e21ce4: 0400 00e9 | 14b3 f606 

  0x000071d3c0e21cec: ;   {runtime_call throw_null_pointer_exception Runtime1 stub}
  0x000071d3c0e21cec: e88f 88fa 

  0x000071d3c0e21cf0: ; ImmutableOopMap {rdi=Oop rdx=Oop rcx=Oop [72]=Oop [80]=Oop [88]=Oop [104]=Oop }
                      ;*invokeinterface invoke {reexecute=0 rethrow=0 return_oop=0}
                      ; - java.lang.reflect.Method::invoke@102 (line 580)
                      ;   {internal_word}
  0x000071d3c0e21cf0: 0649 ba7c | 1ce2 c0d3 | 7100 004d | 8997 6004 

  0x000071d3c0e21d00: ;   {runtime_call SafepointBlob}
  0x000071d3c0e21d00: 0000 e9f9 | b2f6 0649 | 8b87 f804 | 0000 49c7 | 87f8 0400 | 0000 0000 | 0049 c787 | 0005 0000 
  0x000071d3c0e21d20: 0000 0000 | 4881 c490 | 0000 005d 

  0x000071d3c0e21d2c: ;   {runtime_call unwind_exception Runtime1 stub}
  0x000071d3c0e21d2c: e94f 97fa | 06f4 f4f4 | f4f4 f4f4 
[Stub Code]
  0x000071d3c0e21d38: ;   {no_reloc}
  0x000071d3c0e21d38: 0f1f 4400 

  0x000071d3c0e21d3c: ;   {static_stub}
  0x000071d3c0e21d3c: 0048 bb00 | 0000 0000 

  0x000071d3c0e21d44: ;   {runtime_call nmethod}
  0x000071d3c0e21d44: 0000 00e9 | fbff ffff 

  0x000071d3c0e21d4c: ;   {static_stub}
  0x000071d3c0e21d4c: 9048 bb00 | 0000 0000 

  0x000071d3c0e21d54: ;   {runtime_call nmethod}
  0x000071d3c0e21d54: 0000 00e9 | fbff ffff 

  0x000071d3c0e21d5c: ;   {static_stub}
  0x000071d3c0e21d5c: 48bb 0000 | 0000 0000 

  0x000071d3c0e21d64: ;   {runtime_call nmethod}
  0x000071d3c0e21d64: 0000 e9fb 

  0x000071d3c0e21d68: ;   {static_stub}
  0x000071d3c0e21d68: ffff ff48 | bb00 0000 | 0000 0000 

  0x000071d3c0e21d74: ;   {runtime_call nmethod}
  0x000071d3c0e21d74: 00e9 fbff 

  0x000071d3c0e21d78: ;   {static_stub}
  0x000071d3c0e21d78: ffff 48bb | 0000 0000 | 0000 0000 

  0x000071d3c0e21d84: ;   {runtime_call nmethod}
  0x000071d3c0e21d84: e9fb ffff 

  0x000071d3c0e21d88: ;   {static_stub}
  0x000071d3c0e21d88: ff48 bbc0 | 5704 63d3 

  0x000071d3c0e21d90: ;   {runtime_call I2C/C2I adapters}
  0x000071d3c0e21d90: 7100 00e9 | cb8f f606 
[Exception Handler]
  0x000071d3c0e21d98: ;   {runtime_call handle_exception_from_callee Runtime1 stub}
  0x000071d3c0e21d98: e8e3 69fa 

  0x000071d3c0e21d9c: ;   {external_word}
  0x000071d3c0e21d9c: 0648 bf84 | e80a e0d3 | 7100 0048 

  0x000071d3c0e21da8: ;   {runtime_call MacroAssembler::debug64(char*, long, long*)}
  0x000071d3c0e21da8: 83e4 f0e8 | e09b d61e 

  0x000071d3c0e21db0: ;   {section_word}
  0x000071d3c0e21db0: f449 bab1 | 1de2 c0d3 | 7100 0041 

  0x000071d3c0e21dbc: ;   {runtime_call DeoptimizationBlob}
  0x000071d3c0e21dbc: 52e9 dea4 | f606 f4f4 | f4f4 f4f4 
[/MachCode]


---------------  P R O C E S S  ---------------

Threads class SMR info:
_java_thread_list=0x000071d3ac17fac0, length=37, elements={
0x000071d3d814ea60, 0x000071d3d814ffc0, 0x000071d3d8151740, 0x000071d3d8152d70,
0x000071d3d8154300, 0x000071d3d8155e10, 0x000071d3d8157500, 0x000071d3d81928e0,
0x000071d3d81948a0, 0x00005f36a764b880, 0x000071d3d8195b90, 0x000071d3d8199720,
0x000071d3513c51e0, 0x000071d3d8031ee0, 0x000071d344d18b80, 0x000071d34c006820,
0x000071d344d6cf00, 0x000071d34434a510, 0x000071d3444b3e00, 0x000071d3444b5830,
0x000071d3444b5f30, 0x000071d344790080, 0x000071d344790780, 0x000071d3441ff600,
0x000071d344343470, 0x000071d344343b70, 0x000071d344344270, 0x000071d345219ad0,
0x000071d34521a1d0, 0x000071d34521a8d0, 0x000071d34521afd0, 0x000071d344fa5e10,
0x000071d3ac0b9bb0, 0x000071d3ac0e93d0, 0x000071d3511e18a0, 0x000071d3ac12da90,
0x000071d3ac1801e0
}

Java Threads: ( => current thread )
  0x000071d3d814ea60 JavaThread "Reference Handler"          daemon [_thread_blocked, id=139654, stack(0x000071d3b1bbc000,0x000071d3b1cbc000) (1024K)]
  0x000071d3d814ffc0 JavaThread "Finalizer"                  daemon [_thread_blocked, id=139655, stack(0x000071d3b1abb000,0x000071d3b1bbb000) (1024K)]
  0x000071d3d8151740 JavaThread "Signal Dispatcher"          daemon [_thread_blocked, id=139656, stack(0x000071d3b19ba000,0x000071d3b1aba000) (1024K)]
  0x000071d3d8152d70 JavaThread "Service Thread"             daemon [_thread_blocked, id=139657, stack(0x000071d3b18b9000,0x000071d3b19b9000) (1024K)]
  0x000071d3d8154300 JavaThread "Monitor Deflation Thread"   daemon [_thread_blocked, id=139658, stack(0x000071d3b17b8000,0x000071d3b18b8000) (1024K)]
  0x000071d3d8155e10 JavaThread "C2 CompilerThread0"         daemon [_thread_blocked, id=139659, stack(0x000071d3b16b7000,0x000071d3b17b7000) (1024K)]
  0x000071d3d8157500 JavaThread "C1 CompilerThread0"         daemon [_thread_blocked, id=139660, stack(0x000071d3b15b6000,0x000071d3b16b6000) (1024K)]
  0x000071d3d81928e0 JavaThread "JDWP Transport Listener: dt_socket" daemon [_thread_blocked, id=139662, stack(0x000071d3b13e5000,0x000071d3b14e5000) (1024K)]
  0x000071d3d81948a0 JavaThread "JDWP Event Helper Thread"   daemon [_thread_blocked, id=139665, stack(0x000071d3b12e4000,0x000071d3b13e4000) (1024K)]
  0x00005f36a764b880 JavaThread "JDWP Command Reader"        daemon [_thread_in_native, id=139666, stack(0x000071d3b11e3000,0x000071d3b12e3000) (1024K)]
  0x000071d3d8195b90 JavaThread "Notification Thread"        daemon [_thread_blocked, id=139669, stack(0x000071d3b10e2000,0x000071d3b11e2000) (1024K)]
  0x000071d3d8199720 JavaThread "Common-Cleaner"             daemon [_thread_blocked, id=139670, stack(0x000071d3b0fe1000,0x000071d3b10e1000) (1024K)]
  0x000071d3513c51e0 JavaThread "Live Reload Server"         daemon [_thread_in_native, id=139749, stack(0x000071d3b01ff000,0x000071d3b02ff000) (1024K)]
  0x000071d3d8031ee0 JavaThread "DestroyJavaVM"                     [_thread_blocked, id=139646, stack(0x000071d3ded95000,0x000071d3dee95000) (1024K)]
  0x000071d344d18b80 JavaThread "Catalina-utility-1"                [_thread_blocked, id=140592, stack(0x000071d3b09db000,0x000071d3b0adb000) (1024K)]
  0x000071d34c006820 JavaThread "Catalina-utility-2"                [_thread_blocked, id=140593, stack(0x000071d3b0bdd000,0x000071d3b0cdd000) (1024K)]
  0x000071d344d6cf00 JavaThread "container-0"                       [_thread_blocked, id=140594, stack(0x000071d3b0adc000,0x000071d3b0bdc000) (1024K)]
  0x000071d34434a510 JavaThread "HttpClient-3-SelectorManager" daemon [_thread_in_native, id=140609, stack(0x000071d35e7f9000,0x000071d35e8f9000) (1024K)]
  0x000071d3444b3e00 JavaThread "File Watcher"               daemon [_thread_blocked, id=140632, stack(0x000071d3b00fe000,0x000071d3b01fe000) (1024K)]
  0x000071d3444b5830 JavaThread "http-nio-8080-exec-1"       daemon [_thread_blocked, id=140633, stack(0x000071d35ebfd000,0x000071d35ecfd000) (1024K)]
  0x000071d3444b5f30 JavaThread "http-nio-8080-exec-2"       daemon [_thread_blocked, id=140634, stack(0x000071d35ef00000,0x000071d35f000000) (1024K)]
=>0x000071d344790080 JavaThread "http-nio-8080-exec-3"       daemon [_thread_in_native, id=140635, stack(0x000071d35e9fb000,0x000071d35eafb000) (1024K)]
  0x000071d344790780 JavaThread "http-nio-8080-exec-4"       daemon [_thread_blocked, id=140636, stack(0x000071d35e6f8000,0x000071d35e7f8000) (1024K)]
  0x000071d3441ff600 JavaThread "http-nio-8080-exec-5"       daemon [_thread_blocked, id=140637, stack(0x000071d35edff000,0x000071d35eeff000) (1024K)]
  0x000071d344343470 JavaThread "http-nio-8080-exec-6"       daemon [_thread_blocked, id=140638, stack(0x000071d35eafc000,0x000071d35ebfc000) (1024K)]
  0x000071d344343b70 JavaThread "http-nio-8080-exec-7"       daemon [_thread_blocked, id=140639, stack(0x000071d35e8fa000,0x000071d35e9fa000) (1024K)]
  0x000071d344344270 JavaThread "http-nio-8080-exec-8"       daemon [_thread_blocked, id=140640, stack(0x000071d35ecfe000,0x000071d35edfe000) (1024K)]
  0x000071d345219ad0 JavaThread "http-nio-8080-exec-9"       daemon [_thread_blocked, id=140641, stack(0x000071d35e5f7000,0x000071d35e6f7000) (1024K)]
  0x000071d34521a1d0 JavaThread "http-nio-8080-exec-10"      daemon [_thread_blocked, id=140642, stack(0x000071d35e4f6000,0x000071d35e5f6000) (1024K)]
  0x000071d34521a8d0 JavaThread "http-nio-8080-Poller"       daemon [_thread_in_native, id=140643, stack(0x000071d3b0500000,0x000071d3b0600000) (1024K)]
  0x000071d34521afd0 JavaThread "http-nio-8080-Acceptor"     daemon [_thread_in_native, id=140644, stack(0x000071d3b0ddf000,0x000071d3b0edf000) (1024K)]
  0x000071d344fa5e10 JavaThread "HttpClient-4-SelectorManager" daemon [_thread_in_native, id=140645, stack(0x000071d3b0cde000,0x000071d3b0dde000) (1024K)]
  0x000071d3ac0b9bb0 JavaThread "Java2D Disposer"            daemon [_thread_blocked, id=140957, stack(0x000071d3b0300000,0x000071d3b0400000) (1024K)]
  0x000071d3ac0e93d0 JavaThread "ForkJoinPool-1-worker-1"    daemon [_thread_blocked, id=140958, stack(0x000071d35e3f5000,0x000071d35e4f5000) (1024K)]
  0x000071d3511e18a0 JavaThread "ForkJoinPool-1-worker-2"    daemon [_thread_blocked, id=140959, stack(0x000071d35e2f4000,0x000071d35e3f4000) (1024K)]
  0x000071d3ac12da90 JavaThread "process reaper"             daemon [_thread_blocked, id=140962, stack(0x000071d3b09b8000,0x000071d3b09da000) (136K)]
  0x000071d3ac1801e0 JavaThread "JNA Cleaner"                daemon [_thread_blocked, id=140963, stack(0x000071d33e1a0000,0x000071d33e2a0000) (1024K)]
Total: 37

Other Threads:
  0x000071d3d8142f20 VMThread "VM Thread"                           [id=139653, stack(0x000071d3c001e000,0x000071d3c011e000) (1024K)]
  0x000071d3d81316c0 WatcherThread "VM Periodic Task Thread"        [id=139652, stack(0x000071d3c011f000,0x000071d3c021f000) (1024K)]
  0x000071d3d8088820 WorkerThread "GC Thread#0"                     [id=139647, stack(0x000071d3dc10c000,0x000071d3dc20c000) (1024K)]
  0x000071d3580060c0 WorkerThread "GC Thread#1"                     [id=139671, stack(0x000071d3b0ee0000,0x000071d3b0fe0000) (1024K)]
  0x000071d3d8099660 ConcurrentGCThread "G1 Main Marker"            [id=139648, stack(0x000071d3dc00b000,0x000071d3dc10b000) (1024K)]
  0x000071d3d809a600 WorkerThread "G1 Conc#0"                       [id=139649, stack(0x000071d3c0700000,0x000071d3c0800000) (1024K)]
  0x000071d3d81159d0 ConcurrentGCThread "G1 Refine#0"               [id=139650, stack(0x000071d3c03fd000,0x000071d3c04fd000) (1024K)]
  0x000071d3d8116980 ConcurrentGCThread "G1 Service"                [id=139651, stack(0x000071d3c02fc000,0x000071d3c03fc000) (1024K)]
Total: 8

Threads with active compile tasks:
Total: 0

VM state: not at safepoint (normal execution)

VM Mutex/Monitor currently owned by a thread: None

Heap address: 0x0000000083c00000, size: 1988 MB, Compressed Oops mode: 32-bit

CDS archive(s) mapped at: [0x000071d363000000-0x000071d363ca0000-0x000071d363ca0000), size 13238272, SharedBaseAddress: 0x000071d363000000, ArchiveRelocationMode: 1.
Compressed class space mapped at: 0x000071d364000000-0x000071d3a4000000, reserved size: 1073741824
Narrow klass base: 0x000071d363000000, Narrow klass shift: 0, Narrow klass range: 0x100000000

GC Precious Log:
 CardTable entry size: 512
 Card Set container configuration: InlinePtr #cards 5 size 8 Array Of Cards #cards 12 size 40 Howl #buckets 4 coarsen threshold 1843 Howl Bitmap #cards 512 size 80 coarsen threshold 460 Card regions per heap region 1 cards per card region 2048
 CPUs: 2 total, 2 available
 Memory: 7944M
 Large Page Support: Disabled
 NUMA Support: Disabled
 Compressed Oops: Enabled (32-bit)
 Heap Region Size: 1M
 Heap Min Capacity: 8M
 Heap Initial Capacity: 126M
 Heap Max Capacity: 1988M
 Pre-touch: Disabled
 Parallel Workers: 2
 Concurrent Workers: 1
 Concurrent Refinement Workers: 2
 Periodic GC: Disabled

Heap:
 garbage-first heap   total 73728K, used 53270K [0x0000000083c00000, 0x0000000100000000)
  region size 1024K, 27 young (27648K), 4 survivors (4096K)
 Metaspace       used 51169K, committed 51840K, reserved 1114112K
  class space    used 6042K, committed 6336K, reserved 1048576K

Heap Regions: E=young(eden), S=young(survivor), O=old, HS=humongous(starts), HC=humongous(continues), CS=collection set, F=free, TAMS=top-at-mark-start, PB=parsable bottom
|   0|0x0000000083c00000, 0x0000000083d00000, 0x0000000083d00000|100%| O|  |TAMS 0x0000000083c00000| PB 0x0000000083c00000| Untracked 
|   1|0x0000000083d00000, 0x0000000083e00000, 0x0000000083e00000|100%| O|  |TAMS 0x0000000083d00000| PB 0x0000000083d00000| Untracked 
|   2|0x0000000083e00000, 0x0000000083f00000, 0x0000000083f00000|100%| O|  |TAMS 0x0000000083e00000| PB 0x0000000083e00000| Untracked 
|   3|0x0000000083f00000, 0x0000000084000000, 0x0000000084000000|100%| O|  |TAMS 0x0000000083f00000| PB 0x0000000083f00000| Untracked 
|   4|0x0000000084000000, 0x0000000084100000, 0x0000000084100000|100%| O|  |TAMS 0x0000000084000000| PB 0x0000000084000000| Untracked 
|   5|0x0000000084100000, 0x0000000084200000, 0x0000000084200000|100%| O|  |TAMS 0x0000000084100000| PB 0x0000000084100000| Untracked 
|   6|0x0000000084200000, 0x00000000842ffff8, 0x0000000084300000| 99%| O|  |TAMS 0x0000000084200000| PB 0x0000000084200000| Untracked 
|   7|0x0000000084300000, 0x00000000843ffff0, 0x0000000084400000| 99%| O|  |TAMS 0x0000000084300000| PB 0x0000000084300000| Untracked 
|   8|0x0000000084400000, 0x00000000844ffff8, 0x0000000084500000| 99%| O|  |TAMS 0x0000000084400000| PB 0x0000000084400000| Untracked 
|   9|0x0000000084500000, 0x00000000845ffff0, 0x0000000084600000| 99%| O|  |TAMS 0x0000000084500000| PB 0x0000000084500000| Untracked 
|  10|0x0000000084600000, 0x00000000846fff78, 0x0000000084700000| 99%| O|  |TAMS 0x0000000084600000| PB 0x0000000084600000| Untracked 
|  11|0x0000000084700000, 0x0000000084800000, 0x0000000084800000|100%| O|  |TAMS 0x0000000084700000| PB 0x0000000084700000| Untracked 
|  12|0x0000000084800000, 0x0000000084900000, 0x0000000084900000|100%| O|  |TAMS 0x0000000084800000| PB 0x0000000084800000| Untracked 
|  13|0x0000000084900000, 0x00000000849ffff0, 0x0000000084a00000| 99%| O|  |TAMS 0x0000000084900000| PB 0x0000000084900000| Untracked 
|  14|0x0000000084a00000, 0x0000000084b00000, 0x0000000084b00000|100%| O|  |TAMS 0x0000000084a00000| PB 0x0000000084a00000| Untracked 
|  15|0x0000000084b00000, 0x0000000084c00000, 0x0000000084c00000|100%| O|  |TAMS 0x0000000084b00000| PB 0x0000000084b00000| Untracked 
|  16|0x0000000084c00000, 0x0000000084cffff8, 0x0000000084d00000| 99%| O|  |TAMS 0x0000000084c00000| PB 0x0000000084c00000| Untracked 
|  17|0x0000000084d00000, 0x0000000084e00000, 0x0000000084e00000|100%| O|  |TAMS 0x0000000084d00000| PB 0x0000000084d00000| Untracked 
|  18|0x0000000084e00000, 0x0000000084f00000, 0x0000000084f00000|100%| O|  |TAMS 0x0000000084e00000| PB 0x0000000084e00000| Untracked 
|  19|0x0000000084f00000, 0x0000000084fffff8, 0x0000000085000000| 99%| O|  |TAMS 0x0000000084f00000| PB 0x0000000084f00000| Untracked 
|  20|0x0000000085000000, 0x00000000850ff430, 0x0000000085100000| 99%| O|  |TAMS 0x0000000085000000| PB 0x0000000085000000| Untracked 
|  21|0x0000000085100000, 0x00000000851e0e78, 0x0000000085200000| 87%| O|  |TAMS 0x0000000085100000| PB 0x0000000085100000| Untracked 
|  22|0x0000000085200000, 0x0000000085272a60, 0x0000000085300000| 44%| O|  |TAMS 0x0000000085200000| PB 0x0000000085200000| Untracked 
|  23|0x0000000085300000, 0x0000000085400000, 0x0000000085400000|100%|HS|  |TAMS 0x0000000085300000| PB 0x0000000085300000| Complete 
|  24|0x0000000085400000, 0x0000000085500000, 0x0000000085500000|100%|HS|  |TAMS 0x0000000085400000| PB 0x0000000085400000| Complete 
|  25|0x0000000085500000, 0x0000000085600000, 0x0000000085600000|100%|HS|  |TAMS 0x0000000085500000| PB 0x0000000085500000| Complete 
|  26|0x0000000085600000, 0x0000000085600000, 0x0000000085700000|  0%| F|  |TAMS 0x0000000085600000| PB 0x0000000085600000| Untracked 
|  27|0x0000000085700000, 0x0000000085700000, 0x0000000085800000|  0%| F|  |TAMS 0x0000000085700000| PB 0x0000000085700000| Untracked 
|  28|0x0000000085800000, 0x0000000085800000, 0x0000000085900000|  0%| F|  |TAMS 0x0000000085800000| PB 0x0000000085800000| Untracked 
|  29|0x0000000085900000, 0x0000000085900000, 0x0000000085a00000|  0%| F|  |TAMS 0x0000000085900000| PB 0x0000000085900000| Untracked 
|  30|0x0000000085a00000, 0x0000000085ab2e30, 0x0000000085b00000| 69%| S|CS|TAMS 0x0000000085a00000| PB 0x0000000085a00000| Complete 
|  31|0x0000000085b00000, 0x0000000085c00000, 0x0000000085c00000|100%| O|  |TAMS 0x0000000085b00000| PB 0x0000000085b00000| Untracked 
|  32|0x0000000085c00000, 0x0000000085d00000, 0x0000000085d00000|100%| S|CS|TAMS 0x0000000085c00000| PB 0x0000000085c00000| Complete 
|  33|0x0000000085d00000, 0x0000000085e00000, 0x0000000085e00000|100%| S|CS|TAMS 0x0000000085d00000| PB 0x0000000085d00000| Complete 
|  34|0x0000000085e00000, 0x0000000085f00000, 0x0000000085f00000|100%| S|CS|TAMS 0x0000000085e00000| PB 0x0000000085e00000| Complete 
|  35|0x0000000085f00000, 0x0000000085f00000, 0x0000000086000000|  0%| F|  |TAMS 0x0000000085f00000| PB 0x0000000085f00000| Untracked 
|  36|0x0000000086000000, 0x0000000086000000, 0x0000000086100000|  0%| F|  |TAMS 0x0000000086000000| PB 0x0000000086000000| Untracked 
|  37|0x0000000086100000, 0x0000000086100000, 0x0000000086200000|  0%| F|  |TAMS 0x0000000086100000| PB 0x0000000086100000| Untracked 
|  38|0x0000000086200000, 0x0000000086200000, 0x0000000086300000|  0%| F|  |TAMS 0x0000000086200000| PB 0x0000000086200000| Untracked 
|  39|0x0000000086300000, 0x0000000086300000, 0x0000000086400000|  0%| F|  |TAMS 0x0000000086300000| PB 0x0000000086300000| Untracked 
|  40|0x0000000086400000, 0x0000000086400000, 0x0000000086500000|  0%| F|  |TAMS 0x0000000086400000| PB 0x0000000086400000| Untracked 
|  41|0x0000000086500000, 0x0000000086500000, 0x0000000086600000|  0%| F|  |TAMS 0x0000000086500000| PB 0x0000000086500000| Untracked 
|  42|0x0000000086600000, 0x0000000086600000, 0x0000000086700000|  0%| F|  |TAMS 0x0000000086600000| PB 0x0000000086600000| Untracked 
|  43|0x0000000086700000, 0x0000000086700000, 0x0000000086800000|  0%| F|  |TAMS 0x0000000086700000| PB 0x0000000086700000| Untracked 
|  44|0x0000000086800000, 0x0000000086800000, 0x0000000086900000|  0%| F|  |TAMS 0x0000000086800000| PB 0x0000000086800000| Untracked 
|  45|0x0000000086900000, 0x0000000086900000, 0x0000000086a00000|  0%| F|  |TAMS 0x0000000086900000| PB 0x0000000086900000| Untracked 
|  46|0x0000000086a00000, 0x0000000086a00000, 0x0000000086b00000|  0%| F|  |TAMS 0x0000000086a00000| PB 0x0000000086a00000| Untracked 
|  47|0x0000000086b00000, 0x0000000086b00000, 0x0000000086c00000|  0%| F|  |TAMS 0x0000000086b00000| PB 0x0000000086b00000| Untracked 
|  48|0x0000000086c00000, 0x0000000086cb16a8, 0x0000000086d00000| 69%| E|  |TAMS 0x0000000086c00000| PB 0x0000000086c00000| Complete 
|  49|0x0000000086d00000, 0x0000000086e00000, 0x0000000086e00000|100%| E|CS|TAMS 0x0000000086d00000| PB 0x0000000086d00000| Complete 
|  50|0x0000000086e00000, 0x0000000086f00000, 0x0000000086f00000|100%| E|CS|TAMS 0x0000000086e00000| PB 0x0000000086e00000| Complete 
|  51|0x0000000086f00000, 0x0000000087000000, 0x0000000087000000|100%| E|CS|TAMS 0x0000000086f00000| PB 0x0000000086f00000| Complete 
|  52|0x0000000087000000, 0x0000000087100000, 0x0000000087100000|100%| E|CS|TAMS 0x0000000087000000| PB 0x0000000087000000| Complete 
|  53|0x0000000087100000, 0x0000000087200000, 0x0000000087200000|100%| E|  |TAMS 0x0000000087100000| PB 0x0000000087100000| Complete 
|  54|0x0000000087200000, 0x0000000087300000, 0x0000000087300000|100%| E|CS|TAMS 0x0000000087200000| PB 0x0000000087200000| Complete 
|  55|0x0000000087300000, 0x0000000087400000, 0x0000000087400000|100%| E|CS|TAMS 0x0000000087300000| PB 0x0000000087300000| Complete 
|  56|0x0000000087400000, 0x0000000087500000, 0x0000000087500000|100%| E|CS|TAMS 0x0000000087400000| PB 0x0000000087400000| Complete 
|  57|0x0000000087500000, 0x0000000087600000, 0x0000000087600000|100%| E|CS|TAMS 0x0000000087500000| PB 0x0000000087500000| Complete 
|  58|0x0000000087600000, 0x0000000087700000, 0x0000000087700000|100%| E|CS|TAMS 0x0000000087600000| PB 0x0000000087600000| Complete 
|  59|0x0000000087700000, 0x0000000087800000, 0x0000000087800000|100%| E|CS|TAMS 0x0000000087700000| PB 0x0000000087700000| Complete 
|  60|0x0000000087800000, 0x0000000087900000, 0x0000000087900000|100%| E|CS|TAMS 0x0000000087800000| PB 0x0000000087800000| Complete 
|  61|0x0000000087900000, 0x0000000087a00000, 0x0000000087a00000|100%| E|CS|TAMS 0x0000000087900000| PB 0x0000000087900000| Complete 
|  62|0x0000000087a00000, 0x0000000087b00000, 0x0000000087b00000|100%| E|CS|TAMS 0x0000000087a00000| PB 0x0000000087a00000| Complete 
|  63|0x0000000087b00000, 0x0000000087c00000, 0x0000000087c00000|100%| E|CS|TAMS 0x0000000087b00000| PB 0x0000000087b00000| Complete 
|  64|0x0000000087c00000, 0x0000000087d00000, 0x0000000087d00000|100%| E|CS|TAMS 0x0000000087c00000| PB 0x0000000087c00000| Complete 
|  65|0x0000000087d00000, 0x0000000087e00000, 0x0000000087e00000|100%| E|CS|TAMS 0x0000000087d00000| PB 0x0000000087d00000| Complete 
|  66|0x0000000087e00000, 0x0000000087f00000, 0x0000000087f00000|100%| E|CS|TAMS 0x0000000087e00000| PB 0x0000000087e00000| Complete 
| 110|0x000000008aa00000, 0x000000008ab00000, 0x000000008ab00000|100%| E|CS|TAMS 0x000000008aa00000| PB 0x000000008aa00000| Complete 
| 111|0x000000008ab00000, 0x000000008ac00000, 0x000000008ac00000|100%| E|CS|TAMS 0x000000008ab00000| PB 0x000000008ab00000| Complete 
| 125|0x000000008b900000, 0x000000008ba00000, 0x000000008ba00000|100%| E|CS|TAMS 0x000000008b900000| PB 0x000000008b900000| Complete 
|1986|0x00000000ffe00000, 0x00000000fff00000, 0x00000000fff00000|100%| O|  |TAMS 0x00000000ffe00000| PB 0x00000000ffe00000| Untracked 
|1987|0x00000000fff00000, 0x0000000100000000, 0x0000000100000000|100%| E|CS|TAMS 0x00000000fff00000| PB 0x00000000fff00000| Complete 

Card table byte_map: [0x000071d3de15f000,0x000071d3de541000] _byte_map_base: 0x000071d3ddd41000

Marking Bits: (CMBitMap*) 0x000071d3d8089340
 Bits: [0x000071d3dc24f000, 0x000071d3de15f000)

Polling page: 0x000071d3e0766000

Metaspace:

Usage:
  Non-class:     44.07 MB used.
      Class:      5.90 MB used.
       Both:     49.97 MB used.

Virtual space:
  Non-class space:       64.00 MB reserved,      44.44 MB ( 69%) committed,  1 nodes.
      Class space:        1.00 GB reserved,       6.19 MB ( <1%) committed,  1 nodes.
             Both:        1.06 GB reserved,      50.62 MB (  5%) committed. 

Chunk freelists:
   Non-Class:  3.53 MB
       Class:  9.69 MB
        Both:  13.22 MB

MaxMetaspaceSize: unlimited
CompressedClassSpaceSize: 1.00 GB
Initial GC threshold: 21.00 MB
Current GC threshold: 76.38 MB
CDS: on
 - commit_granule_bytes: 65536.
 - commit_granule_words: 8192.
 - virtual_space_node_default_size: 8388608.
 - enlarge_chunks_in_place: 1.
 - use_allocation_guard: 0.


Internal statistics:

num_allocs_failed_limit: 9.
num_arena_births: 910.
num_arena_deaths: 0.
num_vsnodes_births: 2.
num_vsnodes_deaths: 0.
num_space_committed: 810.
num_space_uncommitted: 0.
num_chunks_returned_to_freelist: 9.
num_chunks_taken_from_freelist: 2690.
num_chunk_merges: 6.
num_chunk_splits: 1789.
num_chunks_enlarged: 1253.
num_inconsistent_stats: 0.

CodeHeap 'non-profiled nmethods': size=120036Kb used=2694Kb max_used=2694Kb free=117341Kb
 bounds [0x000071d3c82c7000, 0x000071d3c8577000, 0x000071d3cf800000]
CodeHeap 'profiled nmethods': size=120032Kb used=11619Kb max_used=11619Kb free=108412Kb
 bounds [0x000071d3c0800000, 0x000071d3c1360000, 0x000071d3c7d38000]
CodeHeap 'non-nmethods': size=5692Kb used=1775Kb max_used=1799Kb free=3916Kb
 bounds [0x000071d3c7d38000, 0x000071d3c7fa8000, 0x000071d3c82c7000]
CodeCache: size=245760Kb, used=16088Kb, max_used=16112Kb, free=229669Kb
 total_blobs=6970, nmethods=6196, adapters=679, full_count=0
Compilation: enabled, stopped_count=0, restarted_count=0

Compilation events (20 events):
Event: 95.308 Thread 0x000071d3d8157500 6788       3       java.lang.ClassLoader::definePackage (53 bytes)
Event: 95.308 Thread 0x000071d3d8157500 nmethod 6788 0x000071d3c1355090 code [0x000071d3c13552a0, 0x000071d3c1355898]
Event: 95.308 Thread 0x000071d3d8157500 6789       3       java.lang.StringBuilder::append (8 bytes)
Event: 95.308 Thread 0x000071d3d8157500 nmethod 6789 0x000071d3c1355b90 code [0x000071d3c1355d40, 0x000071d3c1355e90]
Event: 95.312 Thread 0x000071d3d8157500 6792       3       java.lang.reflect.Proxy$ProxyBuilder::addElementTypes (33 bytes)
Event: 95.312 Thread 0x000071d3d8157500 nmethod 6792 0x000071d3c1355f10 code [0x000071d3c1356120, 0x000071d3c13567c0]
Event: 95.312 Thread 0x000071d3d8157500 6793       3       java.lang.reflect.Proxy$ProxyBuilder::addElementType (19 bytes)
Event: 95.319 Thread 0x000071d3d8157500 nmethod 6793 0x000071d3c1356b10 code [0x000071d3c1356d00, 0x000071d3c1357268]
Event: 95.319 Thread 0x000071d3d8157500 6801       3       jdk.internal.org.objectweb.asm.MethodWriter::visitTryCatchBlock (67 bytes)
Event: 95.319 Thread 0x000071d3d8157500 nmethod 6801 0x000071d3c1357490 code [0x000071d3c1357680, 0x000071d3c1357d00]
Event: 95.319 Thread 0x000071d3d8157500 6795       3       java.lang.reflect.ProxyGenerator$ProxyMethod::<init> (44 bytes)
Event: 95.319 Thread 0x000071d3d8157500 nmethod 6795 0x000071d3c1357f10 code [0x000071d3c13580c0, 0x000071d3c13584b0]
Event: 95.319 Thread 0x000071d3d8157500 6796       3       java.lang.reflect.ProxyGenerator$$Lambda/0x000071d36405c3e0::apply (8 bytes)
Event: 95.320 Thread 0x000071d3d8157500 nmethod 6796 0x000071d3c1358590 code [0x000071d3c1358740, 0x000071d3c1358a48]
Event: 95.320 Thread 0x000071d3d8157500 6797       3       java.lang.reflect.ProxyGenerator::lambda$addProxyMethod$0 (9 bytes)
Event: 95.320 Thread 0x000071d3d8157500 nmethod 6797 0x000071d3c1358b90 code [0x000071d3c1358d40, 0x000071d3c1358ed0]
Event: 95.320 Thread 0x000071d3d8157500 6794       1       java.lang.Module::getName (5 bytes)
Event: 95.320 Thread 0x000071d3d8157500 nmethod 6794 0x000071d3c855c190 code [0x000071d3c855c320, 0x000071d3c855c3e0]
Event: 95.329 Thread 0x000071d3d8155e10 nmethod 6785 0x000071d3c855c490 code [0x000071d3c855c680, 0x000071d3c855d1f0]
Event: 95.329 Thread 0x000071d3d8155e10 6790   !   4       java.net.URL::<init> (543 bytes)

GC Heap History (20 events):
Event: 0.627 GC heap before
{Heap before GC invocations=2 (full 0):
 garbage-first heap   total 131072K, used 14421K [0x0000000083c00000, 0x0000000100000000)
  region size 1024K, 7 young (7168K), 1 survivors (1024K)
 Metaspace       used 3286K, committed 3456K, reserved 1114112K
  class space    used 352K, committed 448K, reserved 1048576K
}
Event: 0.629 GC heap after
{Heap after GC invocations=3 (full 0):
 garbage-first heap   total 131072K, used 9349K [0x0000000083c00000, 0x0000000100000000)
  region size 1024K, 1 young (1024K), 1 survivors (1024K)
 Metaspace       used 3286K, committed 3456K, reserved 1114112K
  class space    used 352K, committed 448K, reserved 1048576K
}
Event: 0.976 GC heap before
{Heap before GC invocations=3 (full 0):
 garbage-first heap   total 131072K, used 24709K [0x0000000083c00000, 0x0000000100000000)
  region size 1024K, 16 young (16384K), 1 survivors (1024K)
 Metaspace       used 6436K, committed 6656K, reserved 1114112K
  class space    used 754K, committed 832K, reserved 1048576K
}
Event: 0.985 GC heap after
{Heap after GC invocations=4 (full 0):
 garbage-first heap   total 131072K, used 10304K [0x0000000083c00000, 0x0000000100000000)
  region size 1024K, 2 young (2048K), 2 survivors (2048K)
 Metaspace       used 6436K, committed 6656K, reserved 1114112K
  class space    used 754K, committed 832K, reserved 1048576K
}
Event: 2.386 GC heap before
{Heap before GC invocations=4 (full 0):
 garbage-first heap   total 131072K, used 64576K [0x0000000083c00000, 0x0000000100000000)
  region size 1024K, 56 young (57344K), 2 survivors (2048K)
 Metaspace       used 19678K, committed 20160K, reserved 1114112K
  class space    used 2464K, committed 2688K, reserved 1048576K
}
Event: 2.405 GC heap after
{Heap after GC invocations=5 (full 0):
 garbage-first heap   total 131072K, used 15691K [0x0000000083c00000, 0x0000000100000000)
  region size 1024K, 7 young (7168K), 7 survivors (7168K)
 Metaspace       used 19678K, committed 20160K, reserved 1114112K
  class space    used 2464K, committed 2688K, reserved 1048576K
}
Event: 2.703 GC heap before
{Heap before GC invocations=5 (full 0):
 garbage-first heap   total 131072K, used 29003K [0x0000000083c00000, 0x0000000100000000)
  region size 1024K, 21 young (21504K), 7 survivors (7168K)
 Metaspace       used 21144K, committed 21504K, reserved 1114112K
  class space    used 2642K, committed 2816K, reserved 1048576K
}
Event: 2.712 GC heap after
{Heap after GC invocations=6 (full 0):
 garbage-first heap   total 131072K, used 16650K [0x0000000083c00000, 0x0000000100000000)
  region size 1024K, 2 young (2048K), 2 survivors (2048K)
 Metaspace       used 21144K, committed 21504K, reserved 1114112K
  class space    used 2642K, committed 2816K, reserved 1048576K
}
Event: 3.500 GC heap before
{Heap before GC invocations=7 (full 0):
 garbage-first heap   total 61440K, used 51466K [0x0000000083c00000, 0x0000000100000000)
  region size 1024K, 36 young (36864K), 2 survivors (2048K)
 Metaspace       used 28328K, committed 28864K, reserved 1114112K
  class space    used 3516K, committed 3776K, reserved 1048576K
}
Event: 3.509 GC heap after
{Heap after GC invocations=8 (full 0):
 garbage-first heap   total 61440K, used 20105K [0x0000000083c00000, 0x0000000100000000)
  region size 1024K, 5 young (5120K), 5 survivors (5120K)
 Metaspace       used 28328K, committed 28864K, reserved 1114112K
  class space    used 3516K, committed 3776K, reserved 1048576K
}
Event: 4.702 GC heap before
{Heap before GC invocations=8 (full 0):
 garbage-first heap   total 61440K, used 47753K [0x0000000083c00000, 0x0000000100000000)
  region size 1024K, 33 young (33792K), 5 survivors (5120K)
 Metaspace       used 35590K, committed 36096K, reserved 1114112K
  class space    used 4381K, committed 4608K, reserved 1048576K
}
Event: 4.714 GC heap after
{Heap after GC invocations=9 (full 0):
 garbage-first heap   total 73728K, used 23242K [0x0000000083c00000, 0x0000000100000000)
  region size 1024K, 4 young (4096K), 4 survivors (4096K)
 Metaspace       used 35590K, committed 36096K, reserved 1114112K
  class space    used 4381K, committed 4608K, reserved 1048576K
}
Event: 4.745 GC heap before
{Heap before GC invocations=9 (full 0):
 garbage-first heap   total 73728K, used 24266K [0x0000000083c00000, 0x0000000100000000)
  region size 1024K, 6 young (6144K), 4 survivors (4096K)
 Metaspace       used 35868K, committed 36416K, reserved 1114112K
  class space    used 4415K, committed 4672K, reserved 1048576K
}
Event: 4.756 GC heap after
{Heap after GC invocations=10 (full 0):
 garbage-first heap   total 73728K, used 23983K [0x0000000083c00000, 0x0000000100000000)
  region size 1024K, 1 young (1024K), 1 survivors (1024K)
 Metaspace       used 35868K, committed 36416K, reserved 1114112K
  class space    used 4415K, committed 4672K, reserved 1048576K
}
Event: 11.189 GC heap before
{Heap before GC invocations=11 (full 0):
 garbage-first heap   total 73728K, used 60847K [0x0000000083c00000, 0x0000000100000000)
  region size 1024K, 38 young (38912K), 1 survivors (1024K)
 Metaspace       used 43256K, committed 43904K, reserved 1114112K
  class space    used 5394K, committed 5632K, reserved 1048576K
}
Event: 11.196 GC heap after
{Heap after GC invocations=12 (full 0):
 garbage-first heap   total 73728K, used 27951K [0x0000000083c00000, 0x0000000100000000)
  region size 1024K, 5 young (5120K), 5 survivors (5120K)
 Metaspace       used 43256K, committed 43904K, reserved 1114112K
  class space    used 5394K, committed 5632K, reserved 1048576K
}
Event: 66.059 GC heap before
{Heap before GC invocations=12 (full 0):
 garbage-first heap   total 73728K, used 47407K [0x0000000083c00000, 0x0000000100000000)
  region size 1024K, 25 young (25600K), 5 survivors (5120K)
 Metaspace       used 46210K, committed 46912K, reserved 1114112K
  class space    used 5605K, committed 5952K, reserved 1048576K
}
Event: 66.129 GC heap after
{Heap after GC invocations=13 (full 1):
 garbage-first heap   total 73728K, used 24907K [0x0000000083c00000, 0x0000000100000000)
  region size 1024K, 0 young (0K), 0 survivors (0K)
 Metaspace       used 46210K, committed 46912K, reserved 1114112K
  class space    used 5605K, committed 5952K, reserved 1048576K
}
Event: 67.392 GC heap before
{Heap before GC invocations=13 (full 1):
 garbage-first heap   total 73728K, used 60747K [0x0000000083c00000, 0x0000000100000000)
  region size 1024K, 36 young (36864K), 0 survivors (0K)
 Metaspace       used 46981K, committed 47616K, reserved 1114112K
  class space    used 5646K, committed 5952K, reserved 1048576K
}
Event: 67.410 GC heap after
{Heap after GC invocations=14 (full 1):
 garbage-first heap   total 73728K, used 28694K [0x0000000083c00000, 0x0000000100000000)
  region size 1024K, 4 young (4096K), 4 survivors (4096K)
 Metaspace       used 46981K, committed 47616K, reserved 1114112K
  class space    used 5646K, committed 5952K, reserved 1048576K
}

Dll operation events (13 events):
Event: 0.002 Loaded shared library /usr/local/sdkman/candidates/java/21.0.9-ms/lib/libjava.so
Event: 0.023 Loaded shared library /usr/local/sdkman/candidates/java/21.0.9-ms/lib/libjsvml.so
Event: 0.231 Loaded shared library /usr/local/sdkman/candidates/java/21.0.9-ms/lib/libnio.so
Event: 0.233 Loaded shared library /usr/local/sdkman/candidates/java/21.0.9-ms/lib/libzip.so
Event: 0.350 Loaded shared library /usr/local/sdkman/candidates/java/21.0.9-ms/lib/libjimage.so
Event: 0.719 Loaded shared library /usr/local/sdkman/candidates/java/21.0.9-ms/lib/libmanagement.so
Event: 0.723 Loaded shared library /usr/local/sdkman/candidates/java/21.0.9-ms/lib/libmanagement_ext.so
Event: 1.978 Loaded shared library /usr/local/sdkman/candidates/java/21.0.9-ms/lib/libnet.so
Event: 3.896 Loaded shared library /tmp/sqlite-3.50.3.0-04448662-4118-400c-b399-a1f1bdc1f850-libsqlitejdbc.so
Event: 5.158 Loaded shared library /usr/local/sdkman/candidates/java/21.0.9-ms/lib/libextnet.so
Event: 94.999 Loaded shared library /usr/local/sdkman/candidates/java/21.0.9-ms/lib/libawt.so
Event: 95.001 Loaded shared library /usr/local/sdkman/candidates/java/21.0.9-ms/lib/libawt_headless.so
Event: 95.275 Loaded shared library /home/codespace/.cache/JNA/temp/jna2580465684780826202.tmp

Deoptimization events (20 events):
Event: 95.289 Thread 0x000071d344790080 Uncommon trap: trap_request=0xffffffc6 fr.pc=0x000071d3c854cae4 relative=0x0000000000000d44
Event: 95.289 Thread 0x000071d344790080 Uncommon trap: reason=bimorphic_or_optimized_type_check action=maybe_recompile pc=0x000071d3c854cae4 method=java.io.BufferedInputStream.read1([BII)I @ 52 c2
Event: 95.289 Thread 0x000071d344790080 DEOPT PACKING pc=0x000071d3c854cae4 sp=0x000071d35eaf5950
Event: 95.289 Thread 0x000071d344790080 DEOPT UNPACKING pc=0x000071d3c7d8bf99 sp=0x000071d35eaf5898 mode 2
Event: 95.289 Thread 0x000071d344790080 DEOPT PACKING pc=0x000071d3c0c8f416 sp=0x000071d35eaf5de0
Event: 95.289 Thread 0x000071d344790080 DEOPT UNPACKING pc=0x000071d3c7d8c72f sp=0x000071d35eaf5328 mode 0
Event: 95.289 Thread 0x000071d344790080 Uncommon trap: trap_request=0xffffffc6 fr.pc=0x000071d3c8551860 relative=0x00000000000005c0
Event: 95.289 Thread 0x000071d344790080 Uncommon trap: reason=bimorphic_or_optimized_type_check action=maybe_recompile pc=0x000071d3c8551860 method=java.io.BufferedInputStream.read1([BII)I @ 52 c2
Event: 95.289 Thread 0x000071d344790080 DEOPT PACKING pc=0x000071d3c8551860 sp=0x000071d35eaf58c0
Event: 95.290 Thread 0x000071d344790080 DEOPT UNPACKING pc=0x000071d3c7d8bf99 sp=0x000071d35eaf5898 mode 2
Event: 95.290 Thread 0x000071d344790080 DEOPT PACKING pc=0x000071d3c0c8f416 sp=0x000071d35eaf5de0
Event: 95.290 Thread 0x000071d344790080 DEOPT UNPACKING pc=0x000071d3c7d8c72f sp=0x000071d35eaf5328 mode 0
Event: 95.290 Thread 0x000071d344790080 Uncommon trap: trap_request=0xffffff45 fr.pc=0x000071d3c82e801c relative=0x00000000000007bc
Event: 95.290 Thread 0x000071d344790080 Uncommon trap: reason=unstable_if action=reinterpret pc=0x000071d3c82e801c method=java.lang.AbstractStringBuilder.append(Ljava/lang/String;)Ljava/lang/AbstractStringBuilder; @ 1 c2
Event: 95.290 Thread 0x000071d344790080 DEOPT PACKING pc=0x000071d3c82e801c sp=0x000071d35eaf6800
Event: 95.290 Thread 0x000071d344790080 DEOPT UNPACKING pc=0x000071d3c7d8bf99 sp=0x000071d35eaf67b0 mode 2
Event: 95.341 Thread 0x000071d344790080 DEOPT PACKING pc=0x000071d3c13339d8 sp=0x000071d35eaf72b0
Event: 95.341 Thread 0x000071d344790080 DEOPT UNPACKING pc=0x000071d3c7d8c72f sp=0x000071d35eaf67a8 mode 0
Event: 95.341 Thread 0x000071d344790080 DEOPT PACKING pc=0x000071d3c13339d8 sp=0x000071d35eaf72b0
Event: 95.341 Thread 0x000071d344790080 DEOPT UNPACKING pc=0x000071d3c7d8c72f sp=0x000071d35eaf67a8 mode 0

Classes loaded (20 events):
Event: 95.261 Loading class org/w3c/dom/Node
Event: 95.261 Loading class org/w3c/dom/Node done
Event: 95.262 Loading class javax/imageio/IIOImage
Event: 95.262 Loading class javax/imageio/IIOImage done
Event: 95.267 Loading class java/io/FilenameFilter
Event: 95.267 Loading class java/io/FilenameFilter done
Event: 95.267 Loading class java/nio/charset/IllegalCharsetNameException
Event: 95.267 Loading class java/nio/charset/IllegalCharsetNameException done
Event: 95.268 Loading class java/io/File$TempDirectory
Event: 95.268 Loading class java/io/File$TempDirectory done
Event: 95.275 Loading class java/nio/ShortBuffer
Event: 95.275 Loading class java/nio/ShortBuffer done
Event: 95.275 Loading class java/nio/FloatBuffer
Event: 95.275 Loading class java/nio/FloatBuffer done
Event: 95.276 Loading class java/nio/DoubleBuffer
Event: 95.276 Loading class java/nio/DoubleBuffer done
Event: 95.323 Loading class java/lang/foreign/ValueLayout
Event: 95.324 Loading class java/lang/foreign/MemoryLayout
Event: 95.328 Loading class java/lang/foreign/MemoryLayout done
Event: 95.328 Loading class java/lang/foreign/ValueLayout done

Classes unloaded (0 events):
No events

Classes redefined (0 events):
No events

Internal exceptions (20 events):
Event: 66.159 Thread 0x000071d3d8d9f170 Exception <a 'java/lang/NoClassDefFoundError'{0x00000000fffd7fd8}: org/springframework/ai/vectorstore/chroma/autoconfigure/ChromaConnectionDetails> (0x00000000fffd7fd8) 
thrown [src/hotspot/share/classfile/systemDictionary.cpp, line 301]
Event: 66.160 Thread 0x000071d3d8d9f170 Exception <a 'java/lang/NoClassDefFoundError'{0x00000000fffda5b8}: org/springframework/ai/mcp/client/common/autoconfigure/McpSseClientConnectionDetails> (0x00000000fffda5b8) 
thrown [src/hotspot/share/classfile/systemDictionary.cpp, line 301]
Event: 66.160 Thread 0x000071d3d8d9f170 Exception <a 'java/lang/NoClassDefFoundError'{0x00000000fffddc38}: org/springframework/ai/model/ollama/autoconfigure/OllamaConnectionDetails> (0x00000000fffddc38) 
thrown [src/hotspot/share/classfile/systemDictionary.cpp, line 301]
Event: 66.160 Thread 0x000071d3d8d9f170 Exception <a 'java/lang/NoClassDefFoundError'{0x00000000fffe0348}: org/springframework/ai/vectorstore/opensearch/autoconfigure/AwsOpenSearchConnectionDetails> (0x00000000fffe0348) 
thrown [src/hotspot/share/classfile/systemDictionary.cpp, line 301]
Event: 66.161 Thread 0x000071d3d8d9f170 Exception <a 'java/lang/NoClassDefFoundError'{0x00000000fffe2a30}: org/springframework/ai/vectorstore/opensearch/autoconfigure/OpenSearchConnectionDetails> (0x00000000fffe2a30) 
thrown [src/hotspot/share/classfile/systemDictionary.cpp, line 301]
Event: 66.161 Thread 0x000071d3d8d9f170 Exception <a 'java/lang/NoClassDefFoundError'{0x00000000fffe4fa8}: org/springframework/ai/vectorstore/qdrant/autoconfigure/QdrantConnectionDetails> (0x00000000fffe4fa8) 
thrown [src/hotspot/share/classfile/systemDictionary.cpp, line 301]
Event: 66.161 Thread 0x000071d3d8d9f170 Exception <a 'java/lang/NoClassDefFoundError'{0x00000000fffe7580}: org/springframework/ai/vectorstore/typesense/autoconfigure/TypesenseConnectionDetails> (0x00000000fffe7580) 
thrown [src/hotspot/share/classfile/systemDictionary.cpp, line 301]
Event: 66.162 Thread 0x000071d3d8d9f170 Exception <a 'java/lang/NoClassDefFoundError'{0x00000000fffe9b38}: org/springframework/ai/vectorstore/weaviate/autoconfigure/WeaviateConnectionDetails> (0x00000000fffe9b38) 
thrown [src/hotspot/share/classfile/systemDictionary.cpp, line 301]
Event: 66.169 Thread 0x000071d3d8d9f170 Exception <a 'sun/nio/fs/UnixException'{0x000000008b911218}> (0x000000008b911218) 
thrown [src/hotspot/share/prims/jni.cpp, line 520]
Event: 66.895 Thread 0x000071d3d8d9f170 Exception <a 'java/lang/NoClassDefFoundError'{0x0000000086daeca0}: org/flywaydb/core/Flyway> (0x0000000086daeca0) 
thrown [src/hotspot/share/oops/constantPool.cpp, line 873]
Event: 66.895 Thread 0x000071d3d8d9f170 Exception <a 'java/lang/NoClassDefFoundError'{0x0000000086daf300}: liquibase/integration/spring/SpringLiquibase> (0x0000000086daf300) 
thrown [src/hotspot/share/oops/constantPool.cpp, line 873]
Event: 66.971 Thread 0x000071d3d8d9f170 Exception <a 'java/io/FileNotFoundException'{0x0000000086674178}> (0x0000000086674178) 
thrown [src/hotspot/share/prims/jni.cpp, line 520]
Event: 66.998 Thread 0x000071d3d8d9f170 Exception <a 'java/io/FileNotFoundException'{0x000000008649a400}> (0x000000008649a400) 
thrown [src/hotspot/share/prims/jni.cpp, line 520]
Event: 67.095 Thread 0x000071d3d8d9f170 Exception <a 'sun/nio/fs/UnixException'{0x00000000863bdf68}> (0x00000000863bdf68) 
thrown [src/hotspot/share/prims/jni.cpp, line 520]
Event: 94.979 Thread 0x000071d344790080 Exception <a 'java/lang/NoSuchMethodError'{0x000000008751d040}: 'java.lang.Object java.lang.invoke.DirectMethodHandle$Holder.invokeSpecial(java.lang.Object, java.lang.Object, long, java.lang.Object)'> (0x000000008751d040) 
thrown [src/hotspot/share/interpreter/linkResolver.cpp, line 772]
Event: 94.993 Thread 0x000071d344790080 Exception <a 'java/lang/ClassNotFoundException'{0x0000000087573f48}: sun/awt/resources/spi/awtProvider> (0x0000000087573f48) 
thrown [src/hotspot/share/classfile/systemDictionary.cpp, line 312]
Event: 95.001 Thread 0x000071d344790080 Exception <a 'java/io/FileNotFoundException'{0x000000008757ec80}> (0x000000008757ec80) 
thrown [src/hotspot/share/prims/jni.cpp, line 520]
Event: 95.001 Thread 0x000071d344790080 Exception <a 'java/io/FileNotFoundException'{0x00000000875806f8}> (0x00000000875806f8) 
thrown [src/hotspot/share/prims/jni.cpp, line 520]
Event: 95.106 Thread 0x000071d344790080 Exception <a 'java/lang/NoSuchMethodError'{0x00000000871463b8}: 'java.lang.Object java.lang.invoke.Invokers$Holder.linkToTargetMethod(int, int, java.lang.Object, java.lang.Object)'> (0x00000000871463b8) 
thrown [src/hotspot/share/interpreter/linkResolver.cpp, line 772]
Event: 95.290 Thread 0x000071d344790080 Implicit null exception at 0x000071d3c82e78a6 to 0x000071d3c82e8000

ZGC Phase Switch (0 events):
No events

VM Operations (20 events):
Event: 25.200 Executing VM operation: Cleanup
Event: 25.200 Executing VM operation: Cleanup done
Event: 60.063 Executing VM operation: HandshakeAllThreads (HandshakeForDeflation)
Event: 60.063 Executing VM operation: HandshakeAllThreads (HandshakeForDeflation) done
Event: 60.063 Executing VM operation: RendezvousGCThreads
Event: 60.063 Executing VM operation: RendezvousGCThreads done
Event: 61.063 Executing VM operation: Cleanup
Event: 61.063 Executing VM operation: Cleanup done
Event: 66.059 Executing VM operation: G1CollectFull (System.gc())
Event: 66.129 Executing VM operation: G1CollectFull (System.gc()) done
Event: 66.770 Executing VM operation: ICBufferFull
Event: 66.770 Executing VM operation: ICBufferFull done
Event: 67.392 Executing VM operation: G1CollectForAllocation (G1 Evacuation Pause)
Event: 67.414 Executing VM operation: G1CollectForAllocation (G1 Evacuation Pause) done
Event: 68.415 Executing VM operation: Cleanup
Event: 68.415 Executing VM operation: Cleanup done
Event: 69.415 Executing VM operation: Cleanup
Event: 69.415 Executing VM operation: Cleanup done
Event: 71.415 Executing VM operation: Cleanup
Event: 71.415 Executing VM operation: Cleanup done

Memory protections (20 events):
Event: 67.177 Protecting memory [0x000071d35e7f9000,0x000071d35e7fd000] with protection modes 0
Event: 67.568 Protecting memory [0x000071d3b00fe000,0x000071d3b0102000] with protection modes 0
Event: 67.583 Protecting memory [0x000071d35ebfd000,0x000071d35ec01000] with protection modes 0
Event: 67.583 Protecting memory [0x000071d35ef00000,0x000071d35ef04000] with protection modes 0
Event: 67.584 Protecting memory [0x000071d35e9fb000,0x000071d35e9ff000] with protection modes 0
Event: 67.585 Protecting memory [0x000071d35e6f8000,0x000071d35e6fc000] with protection modes 0
Event: 67.585 Protecting memory [0x000071d35edff000,0x000071d35ee03000] with protection modes 0
Event: 67.586 Protecting memory [0x000071d35eafc000,0x000071d35eb00000] with protection modes 0
Event: 67.586 Protecting memory [0x000071d35e8fa000,0x000071d35e8fe000] with protection modes 0
Event: 67.586 Protecting memory [0x000071d35ecfe000,0x000071d35ed02000] with protection modes 0
Event: 67.587 Protecting memory [0x000071d35e5f7000,0x000071d35e5fb000] with protection modes 0
Event: 67.588 Protecting memory [0x000071d35e4f6000,0x000071d35e4fa000] with protection modes 0
Event: 67.589 Protecting memory [0x000071d3b0500000,0x000071d3b0504000] with protection modes 0
Event: 67.592 Protecting memory [0x000071d3b0ddf000,0x000071d3b0de3000] with protection modes 0
Event: 67.605 Protecting memory [0x000071d3b0cde000,0x000071d3b0ce2000] with protection modes 0
Event: 95.036 Protecting memory [0x000071d3b0300000,0x000071d3b0304000] with protection modes 0
Event: 95.110 Protecting memory [0x000071d35e3f5000,0x000071d35e3f9000] with protection modes 0
Event: 95.117 Protecting memory [0x000071d35e2f4000,0x000071d35e2f8000] with protection modes 0
Event: 95.288 Protecting memory [0x000071d3b09b8000,0x000071d3b09bc000] with protection modes 0
Event: 95.311 Protecting memory [0x000071d33e1a0000,0x000071d33e1a4000] with protection modes 0

Nmethod flushes (20 events):
Event: 66.100 Thread 0x000071d3d8142f20 flushing  nmethod 0x000071d3c0ebb790
Event: 66.100 Thread 0x000071d3d8142f20 flushing  nmethod 0x000071d3c0ebbe90
Event: 66.100 Thread 0x000071d3d8142f20 flushing  nmethod 0x000071d3c0eecc10
Event: 66.100 Thread 0x000071d3d8142f20 flushing  nmethod 0x000071d3c0f21d90
Event: 66.100 Thread 0x000071d3d8142f20 flushing  nmethod 0x000071d3c0f6f910
Event: 66.100 Thread 0x000071d3d8142f20 flushing  nmethod 0x000071d3c0f6fd90
Event: 66.100 Thread 0x000071d3d8142f20 flushing  nmethod 0x000071d3c0f71190
Event: 66.100 Thread 0x000071d3d8142f20 flushing  nmethod 0x000071d3c0f71a10
Event: 66.100 Thread 0x000071d3d8142f20 flushing  nmethod 0x000071d3c0f72010
Event: 66.100 Thread 0x000071d3d8142f20 flushing  nmethod 0x000071d3c0f78f90
Event: 66.100 Thread 0x000071d3d8142f20 flushing  nmethod 0x000071d3c0f79310
Event: 66.100 Thread 0x000071d3d8142f20 flushing  nmethod 0x000071d3c0f7a110
Event: 66.100 Thread 0x000071d3d8142f20 flushing  nmethod 0x000071d3c0f7a610
Event: 66.100 Thread 0x000071d3d8142f20 flushing  nmethod 0x000071d3c0f7c710
Event: 66.100 Thread 0x000071d3d8142f20 flushing  nmethod 0x000071d3c0f7cc10
Event: 66.100 Thread 0x000071d3d8142f20 flushing  nmethod 0x000071d3c0f7fd10
Event: 66.100 Thread 0x000071d3d8142f20 flushing  nmethod 0x000071d3c0f80510
Event: 66.100 Thread 0x000071d3d8142f20 flushing  nmethod 0x000071d3c0fd9010
Event: 66.100 Thread 0x000071d3d8142f20 flushing  nmethod 0x000071d3c0fda190
Event: 66.100 Thread 0x000071d3d8142f20 flushing  nmethod 0x000071d3c0fddc10

Events (20 events):
Event: 67.583 Thread 0x000071d3d8d9f170 Thread added: 0x000071d3444b5830
Event: 67.583 Thread 0x000071d3d8d9f170 Thread added: 0x000071d3444b5f30
Event: 67.584 Thread 0x000071d3d8d9f170 Thread added: 0x000071d344790080
Event: 67.585 Thread 0x000071d3d8d9f170 Thread added: 0x000071d344790780
Event: 67.585 Thread 0x000071d3d8d9f170 Thread added: 0x000071d3441ff600
Event: 67.585 Thread 0x000071d3d8d9f170 Thread added: 0x000071d344343470
Event: 67.586 Thread 0x000071d3d8d9f170 Thread added: 0x000071d344343b70
Event: 67.586 Thread 0x000071d3d8d9f170 Thread added: 0x000071d344344270
Event: 67.587 Thread 0x000071d3d8d9f170 Thread added: 0x000071d345219ad0
Event: 67.587 Thread 0x000071d3d8d9f170 Thread added: 0x000071d34521a1d0
Event: 67.589 Thread 0x000071d3d8d9f170 Thread added: 0x000071d34521a8d0
Event: 67.590 Thread 0x000071d3d8d9f170 Thread added: 0x000071d34521afd0
Event: 67.604 Thread 0x000071d3d8d9f170 Thread added: 0x000071d344fa5e10
Event: 67.617 Thread 0x000071d3d8160200 Thread exited: 0x000071d3d8160200
Event: 67.618 Thread 0x000071d3d8d9f170 Thread exited: 0x000071d3d8d9f170
Event: 95.036 Thread 0x000071d344790080 Thread added: 0x000071d3ac0b9bb0
Event: 95.110 Thread 0x000071d344790080 Thread added: 0x000071d3ac0e93d0
Event: 95.114 Thread 0x000071d3ac0e93d0 Thread added: 0x000071d3511e18a0
Event: 95.288 Thread 0x000071d344790080 Thread added: 0x000071d3ac12da90
Event: 95.308 Thread 0x000071d344790080 Thread added: 0x000071d3ac1801e0


Dynamic libraries:
83c00000-87f00000 rw-p 00000000 00:00 0 
87f00000-8aa00000 ---p 00000000 00:00 0 
8aa00000-8ac00000 rw-p 00000000 00:00 0 
8ac00000-8b900000 ---p 00000000 00:00 0 
8b900000-8ba00000 rw-p 00000000 00:00 0 
8ba00000-ffe00000 ---p 00000000 00:00 0 
ffe00000-fff0d000 rw-p 00cdf000 00:2e 1073827                            /usr/local/sdkman/candidates/java/21.0.9-ms/lib/server/classes.jsa
fff0d000-100000000 rw-p 00000000 00:00 0 
5f368ce6a000-5f368ce6b000 r-xp 00000000 00:2e 1073331                    /usr/local/sdkman/candidates/java/21.0.9-ms/bin/java
5f368ce6c000-5f368ce6d000 r--p 00001000 00:2e 1073331                    /usr/local/sdkman/candidates/java/21.0.9-ms/bin/java
5f368ce6d000-5f368ce6e000 rw-p 00002000 00:2e 1073331                    /usr/local/sdkman/candidates/java/21.0.9-ms/bin/java
5f36a7647000-5f36a7696000 rw-p 00000000 00:00 0                          [heap]
71d338000000-71d338e1e000 rw-p 00000000 00:00 0 
71d338e1e000-71d33c000000 ---p 00000000 00:00 0 
71d33deb6000-71d33e19f000 rw-p 00000000 00:00 0 
71d33e19f000-71d33e1a0000 ---p 00000000 00:00 0 
71d33e1a0000-71d33e1a4000 ---p 00000000 00:00 0 
71d33e1a4000-71d33e2a0000 rw-p 00000000 00:00 0 
71d33e2a0000-71d33e2a1000 r--p 00000000 00:2e 805041                     /usr/lib/x86_64-linux-gnu/libicudata.so.74.2
71d33e2a1000-71d33e2a2000 r-xp 00001000 00:2e 805041                     /usr/lib/x86_64-linux-gnu/libicudata.so.74.2
71d33e2a2000-71d33fffe000 r--p 00002000 00:2e 805041                     /usr/lib/x86_64-linux-gnu/libicudata.so.74.2
71d33fffe000-71d33ffff000 r--p 01d5d000 00:2e 805041                     /usr/lib/x86_64-linux-gnu/libicudata.so.74.2
71d33ffff000-71d340000000 rw-p 01d5e000 00:2e 805041                     /usr/lib/x86_64-linux-gnu/libicudata.so.74.2
71d340000000-71d340021000 rw-p 00000000 00:00 0 
71d340021000-71d344000000 ---p 00000000 00:00 0 
71d344000000-71d345f9c000 rw-p 00000000 00:00 0 
71d345f9c000-71d348000000 ---p 00000000 00:00 0 
71d348000000-71d348062000 rw-p 00000000 00:00 0 
71d348062000-71d34c000000 ---p 00000000 00:00 0 
71d34c000000-71d34c051000 rw-p 00000000 00:00 0 
71d34c051000-71d350000000 ---p 00000000 00:00 0 
71d350000000-71d351419000 rw-p 00000000 00:00 0 
71d351419000-71d354000000 ---p 00000000 00:00 0 
71d354000000-71d3541da000 rw-p 00000000 00:00 0 
71d3541da000-71d358000000 ---p 00000000 00:00 0 
71d358000000-71d358951000 rw-p 00000000 00:00 0 
71d358951000-71d35c000000 ---p 00000000 00:00 0 
71d35c0df000-71d35c0e1000 r--p 00000000 00:2e 787354                     /usr/lib/x86_64-linux-gnu/libffi.so.8.1.4
71d35c0e1000-71d35c0e8000 r-xp 00002000 00:2e 787354                     /usr/lib/x86_64-linux-gnu/libffi.so.8.1.4
71d35c0e8000-71d35c0e9000 r--p 00009000 00:2e 787354                     /usr/lib/x86_64-linux-gnu/libffi.so.8.1.4
71d35c0e9000-71d35c0ea000 r--p 0000a000 00:2e 787354                     /usr/lib/x86_64-linux-gnu/libffi.so.8.1.4
71d35c0ea000-71d35c0eb000 rw-p 0000b000 00:2e 787354                     /usr/lib/x86_64-linux-gnu/libffi.so.8.1.4
71d35c0eb000-71d35c0ee000 r--p 00000000 00:2e 787412                     /usr/lib/x86_64-linux-gnu/libresolv.so.2
71d35c0ee000-71d35c0f8000 r-xp 00003000 00:2e 787412                     /usr/lib/x86_64-linux-gnu/libresolv.so.2
71d35c0f8000-71d35c0fa000 r--p 0000d000 00:2e 787412                     /usr/lib/x86_64-linux-gnu/libresolv.so.2
71d35c0fa000-71d35c0fb000 r--p 0000f000 00:2e 787412                     /usr/lib/x86_64-linux-gnu/libresolv.so.2
71d35c0fb000-71d35c0fc000 rw-p 00010000 00:2e 787412                     /usr/lib/x86_64-linux-gnu/libresolv.so.2
71d35c0fc000-71d35c0fe000 rw-p 00000000 00:00 0 
71d35c0fe000-71d35c100000 r--p 00000000 00:2e 805084                     /usr/lib/x86_64-linux-gnu/libkeyutils.so.1.10
71d35c100000-71d35c102000 r-xp 00002000 00:2e 805084                     /usr/lib/x86_64-linux-gnu/libkeyutils.so.1.10
71d35c102000-71d35c103000 r--p 00004000 00:2e 805084                     /usr/lib/x86_64-linux-gnu/libkeyutils.so.1.10
71d35c103000-71d35c104000 r--p 00004000 00:2e 805084                     /usr/lib/x86_64-linux-gnu/libkeyutils.so.1.10
71d35c104000-71d35c105000 rw-p 00005000 00:2e 805084                     /usr/lib/x86_64-linux-gnu/libkeyutils.so.1.10
71d35c105000-71d35c108000 r--p 00000000 00:2e 787429                     /usr/lib/x86_64-linux-gnu/libtasn1.so.6.6.3
71d35c108000-71d35c116000 r-xp 00003000 00:2e 787429                     /usr/lib/x86_64-linux-gnu/libtasn1.so.6.6.3
71d35c116000-71d35c119000 r--p 00011000 00:2e 787429                     /usr/lib/x86_64-linux-gnu/libtasn1.so.6.6.3
71d35c119000-71d35c11a000 r--p 00014000 00:2e 787429                     /usr/lib/x86_64-linux-gnu/libtasn1.so.6.6.3
71d35c11a000-71d35c11b000 rw-p 00015000 00:2e 787429                     /usr/lib/x86_64-linux-gnu/libtasn1.so.6.6.3
71d35c11b000-71d35c153000 r--p 00000000 00:2e 787395                     /usr/lib/x86_64-linux-gnu/libp11-kit.so.0.3.1
71d35c153000-71d35c225000 r-xp 00038000 00:2e 787395                     /usr/lib/x86_64-linux-gnu/libp11-kit.so.0.3.1
71d35c225000-71d35c2a4000 r--p 0010a000 00:2e 787395                     /usr/lib/x86_64-linux-gnu/libp11-kit.so.0.3.1
71d35c2a4000-71d35c2b1000 r--p 00188000 00:2e 787395                     /usr/lib/x86_64-linux-gnu/libp11-kit.so.0.3.1
71d35c2b1000-71d35c2be000 rw-p 00195000 00:2e 787395                     /usr/lib/x86_64-linux-gnu/libp11-kit.so.0.3.1
71d35c2be000-71d35c2bf000 rw-p 00000000 00:00 0 
71d35c2bf000-71d35c2c0000 r--p 00000000 00:2e 805267                     /usr/lib/x86_64-linux-gnu/libsharpyuv.so.0.0.1
71d35c2c0000-71d35c2c3000 r-xp 00001000 00:2e 805267                     /usr/lib/x86_64-linux-gnu/libsharpyuv.so.0.0.1
71d35c2c3000-71d35c2c4000 r--p 00004000 00:2e 805267                     /usr/lib/x86_64-linux-gnu/libsharpyuv.so.0.0.1
71d35c2c4000-71d35c2c5000 r--p 00004000 00:2e 805267                     /usr/lib/x86_64-linux-gnu/libsharpyuv.so.0.0.1
71d35c2c5000-71d35c2c6000 rw-p 00005000 00:2e 805267                     /usr/lib/x86_64-linux-gnu/libsharpyuv.so.0.0.1
71d35c2c6000-71d35c2c7000 rw-p 00000000 00:00 0 
71d35c2c7000-71d35c2c8000 r--p 00000000 00:2e 804928                     /usr/lib/x86_64-linux-gnu/libdeflate.so.0
71d35c2c8000-71d35c2d4000 r-xp 00001000 00:2e 804928                     /usr/lib/x86_64-linux-gnu/libdeflate.so.0
71d35c2d4000-71d35c2d8000 r--p 0000d000 00:2e 804928                     /usr/lib/x86_64-linux-gnu/libdeflate.so.0
71d35c2d8000-71d35c2d9000 r--p 00011000 00:2e 804928                     /usr/lib/x86_64-linux-gnu/libdeflate.so.0
71d35c2d9000-71d35c2da000 rw-p 00012000 00:2e 804928                     /usr/lib/x86_64-linux-gnu/libdeflate.so.0
71d35c2da000-71d35c2dc000 r--p 00000000 00:2e 805072                     /usr/lib/x86_64-linux-gnu/libjbig.so.0
71d35c2dc000-71d35c2e5000 r-xp 00002000 00:2e 805072                     /usr/lib/x86_64-linux-gnu/libjbig.so.0
71d35c2e5000-71d35c2e6000 r--p 0000b000 00:2e 805072                     /usr/lib/x86_64-linux-gnu/libjbig.so.0
71d35c2e6000-71d35c2e7000 r--p 0000c000 00:2e 805072                     /usr/lib/x86_64-linux-gnu/libjbig.so.0
71d35c2e7000-71d35c2ea000 rw-p 0000d000 00:2e 805072                     /usr/lib/x86_64-linux-gnu/libjbig.so.0
71d35c2ea000-71d35c2ef000 r--p 00000000 00:2e 804820                     /usr/lib/x86_64-linux-gnu/libLerc.so.4
71d35c2ef000-71d35c367000 r-xp 00005000 00:2e 804820                     /usr/lib/x86_64-linux-gnu/libLerc.so.4
71d35c367000-71d35c36f000 r--p 0007d000 00:2e 804820                     /usr/lib/x86_64-linux-gnu/libLerc.so.4
71d35c36f000-71d35c370000 r--p 00084000 00:2e 804820                     /usr/lib/x86_64-linux-gnu/libLerc.so.4
71d35c370000-71d35c371000 rw-p 00085000 00:2e 804820                     /usr/lib/x86_64-linux-gnu/libLerc.so.4
71d35c371000-71d35c372000 r--p 00000000 00:2e 804880                     /usr/lib/x86_64-linux-gnu/libbrotlicommon.so.1.1.0
71d35c372000-71d35c373000 r-xp 00001000 00:2e 804880                     /usr/lib/x86_64-linux-gnu/libbrotlicommon.so.1.1.0
71d35c373000-71d35c392000 r--p 00002000 00:2e 804880                     /usr/lib/x86_64-linux-gnu/libbrotlicommon.so.1.1.0
71d35c392000-71d35c393000 r--p 00021000 00:2e 804880                     /usr/lib/x86_64-linux-gnu/libbrotlicommon.so.1.1.0
71d35c393000-71d35c394000 rw-p 00022000 00:2e 804880                     /usr/lib/x86_64-linux-gnu/libbrotlicommon.so.1.1.0
71d35c394000-71d35c397000 r--p 00000000 00:2e 805256                     /usr/lib/x86_64-linux-gnu/libsasl2.so.2.0.25
71d35c397000-71d35c3a7000 r-xp 00003000 00:2e 805256                     /usr/lib/x86_64-linux-gnu/libsasl2.so.2.0.25
71d35c3a7000-71d35c3ac000 r--p 00013000 00:2e 805256                     /usr/lib/x86_64-linux-gnu/libsasl2.so.2.0.25
71d35c3ac000-71d35c3ad000 r--p 00017000 00:2e 805256                     /usr/lib/x86_64-linux-gnu/libsasl2.so.2.0.25
71d35c3ad000-71d35c3ae000 rw-p 00018000 00:2e 805256                     /usr/lib/x86_64-linux-gnu/libsasl2.so.2.0.25
71d35c3ae000-71d35c3b1000 r--p 00000000 00:2e 805090                     /usr/lib/x86_64-linux-gnu/libkrb5support.so.0.1
71d35c3b1000-71d35c3b7000 r-xp 00003000 00:2e 805090                     /usr/lib/x86_64-linux-gnu/libkrb5support.so.0.1
71d35c3b7000-71d35c3b9000 r--p 00009000 00:2e 805090                     /usr/lib/x86_64-linux-gnu/libkrb5support.so.0.1
71d35c3b9000-71d35c3ba000 r--p 0000a000 00:2e 805090                     /usr/lib/x86_64-linux-gnu/libkrb5support.so.0.1
71d35c3ba000-71d35c3bb000 rw-p 0000b000 00:2e 805090                     /usr/lib/x86_64-linux-gnu/libkrb5support.so.0.1
71d35c3bb000-71d35c3bf000 r--p 00000000 00:2e 805082                     /usr/lib/x86_64-linux-gnu/libk5crypto.so.3.1
71d35c3bf000-71d35c3da000 r-xp 00004000 00:2e 805082                     /usr/lib/x86_64-linux-gnu/libk5crypto.so.3.1
71d35c3da000-71d35c3e5000 r--p 0001f000 00:2e 805082                     /usr/lib/x86_64-linux-gnu/libk5crypto.so.3.1
71d35c3e5000-71d35c3e6000 r--p 0002a000 00:2e 805082                     /usr/lib/x86_64-linux-gnu/libk5crypto.so.3.1
71d35c3e6000-71d35c3e7000 rw-p 0002b000 00:2e 805082                     /usr/lib/x86_64-linux-gnu/libk5crypto.so.3.1
71d35c3e7000-71d35c407000 r--p 00000000 00:2e 805088                     /usr/lib/x86_64-linux-gnu/libkrb5.so.3.3
71d35c407000-71d35c468000 r-xp 00020000 00:2e 805088                     /usr/lib/x86_64-linux-gnu/libkrb5.so.3.3
71d35c468000-71d35c4a1000 r--p 00081000 00:2e 805088                     /usr/lib/x86_64-linux-gnu/libkrb5.so.3.3
71d35c4a1000-71d35c4ae000 r--p 000ba000 00:2e 805088                     /usr/lib/x86_64-linux-gnu/libkrb5.so.3.3
71d35c4ae000-71d35c4b0000 rw-p 000c7000 00:2e 805088                     /usr/lib/x86_64-linux-gnu/libkrb5.so.3.3
71d35c4b0000-71d35c4ba000 r--p 00000000 00:2e 787361                     /usr/lib/x86_64-linux-gnu/libgmp.so.10.5.0
71d35c4ba000-71d35c51d000 r-xp 0000a000 00:2e 787361                     /usr/lib/x86_64-linux-gnu/libgmp.so.10.5.0
71d35c51d000-71d35c532000 r--p 0006d000 00:2e 787361                     /usr/lib/x86_64-linux-gnu/libgmp.so.10.5.0
71d35c532000-71d35c533000 r--p 00081000 00:2e 787361                     /usr/lib/x86_64-linux-gnu/libgmp.so.10.5.0
71d35c533000-71d35c534000 rw-p 00082000 00:2e 787361                     /usr/lib/x86_64-linux-gnu/libgmp.so.10.5.0
71d35c534000-71d35c53c000 r--p 00000000 00:2e 787367                     /usr/lib/x86_64-linux-gnu/libhogweed.so.6.8
71d35c53c000-71d35c550000 r-xp 00008000 00:2e 787367                     /usr/lib/x86_64-linux-gnu/libhogweed.so.6.8
71d35c550000-71d35c579000 r--p 0001c000 00:2e 787367                     /usr/lib/x86_64-linux-gnu/libhogweed.so.6.8
71d35c579000-71d35c57b000 r--p 00044000 00:2e 787367                     /usr/lib/x86_64-linux-gnu/libhogweed.so.6.8
71d35c57b000-71d35c57c000 rw-p 00046000 00:2e 787367                     /usr/lib/x86_64-linux-gnu/libhogweed.so.6.8
71d35c57c000-71d35c5af000 r--p 00000000 00:2e 787363                     /usr/lib/x86_64-linux-gnu/libgnutls.so.30.37.1
71d35c5af000-71d35c6e8000 r-xp 00033000 00:2e 787363                     /usr/lib/x86_64-linux-gnu/libgnutls.so.30.37.1
71d35c6e8000-71d35c761000 r--p 0016c000 00:2e 787363                     /usr/lib/x86_64-linux-gnu/libgnutls.so.30.37.1
71d35c761000-71d35c771000 r--p 001e4000 00:2e 787363                     /usr/lib/x86_64-linux-gnu/libgnutls.so.30.37.1
71d35c771000-71d35c773000 rw-p 001f4000 00:2e 787363                     /usr/lib/x86_64-linux-gnu/libgnutls.so.30.37.1
71d35c773000-71d35c776000 rw-p 00000000 00:00 0 
71d35c776000-71d35c787000 r--p 00000000 00:2e 787438                     /usr/lib/x86_64-linux-gnu/libunistring.so.5.0.0
71d35c787000-71d35c7be000 r-xp 00011000 00:2e 787438                     /usr/lib/x86_64-linux-gnu/libunistring.so.5.0.0
71d35c7be000-71d35c91e000 r--p 00048000 00:2e 787438                     /usr/lib/x86_64-linux-gnu/libunistring.so.5.0.0
71d35c91e000-71d35c922000 r--p 001a8000 00:2e 787438                     /usr/lib/x86_64-linux-gnu/libunistring.so.5.0.0
71d35c922000-71d35c923000 rw-p 001ac000 00:2e 787438                     /usr/lib/x86_64-linux-gnu/libunistring.so.5.0.0
71d35c923000-71d35c98b000 r--p 00000000 00:2e 805061                     /usr/lib/x86_64-linux-gnu/libicuuc.so.74.2
71d35c98b000-71d35ca90000 r-xp 00068000 00:2e 805061                     /usr/lib/x86_64-linux-gnu/libicuuc.so.74.2
71d35ca90000-71d35cb1a000 r--p 0016d000 00:2e 805061                     /usr/lib/x86_64-linux-gnu/libicuuc.so.74.2
71d35cb1a000-71d35cb2d000 r--p 001f7000 00:2e 805061                     /usr/lib/x86_64-linux-gnu/libicuuc.so.74.2
71d35cb2d000-71d35cb2e000 rw-p 0020a000 00:2e 805061                     /usr/lib/x86_64-linux-gnu/libicuuc.so.74.2
71d35cb2e000-71d35cb30000 rw-p 00000000 00:00 0 
71d35cb30000-71d35cb34000 r--p 00000000 00:2e 1318417                    /usr/lib/x86_64-linux-gnu/libopenjp2.so.2.5.0
71d35cb34000-71d35cb7f000 r-xp 00004000 00:2e 1318417                    /usr/lib/x86_64-linux-gnu/libopenjp2.so.2.5.0
71d35cb7f000-71d35cb8f000 r--p 0004f000 00:2e 1318417                    /usr/lib/x86_64-linux-gnu/libopenjp2.so.2.5.0
71d35cb8f000-71d35cb90000 r--p 0005e000 00:2e 1318417                    /usr/lib/x86_64-linux-gnu/libopenjp2.so.2.5.0
71d35cb90000-71d35cb91000 rw-p 0005f000 00:2e 1318417                    /usr/lib/x86_64-linux-gnu/libopenjp2.so.2.5.0
71d35cb91000-71d35cb93000 r--p 00000000 00:2e 1318429                    /usr/lib/x86_64-linux-gnu/libwebpmux.so.3.0.13
71d35cb93000-71d35cb9b000 r-xp 00002000 00:2e 1318429                    /usr/lib/x86_64-linux-gnu/libwebpmux.so.3.0.13
71d35cb9b000-71d35cb9d000 r--p 0000a000 00:2e 1318429                    /usr/lib/x86_64-linux-gnu/libwebpmux.so.3.0.13
71d35cb9d000-71d35cb9e000 r--p 0000b000 00:2e 1318429                    /usr/lib/x86_64-linux-gnu/libwebpmux.so.3.0.13
71d35cb9e000-71d35cb9f000 rw-p 0000c000 00:2e 1318429                    /usr/lib/x86_64-linux-gnu/libwebpmux.so.3.0.13
71d35cb9f000-71d35cba2000 r--p 00000000 00:2e 805333                     /usr/lib/x86_64-linux-gnu/libwebp.so.7.1.8
71d35cba2000-71d35cc02000 r-xp 00003000 00:2e 805333                     /usr/lib/x86_64-linux-gnu/libwebp.so.7.1.8
71d35cc02000-71d35cc17000 r--p 00063000 00:2e 805333                     /usr/lib/x86_64-linux-gnu/libwebp.so.7.1.8
71d35cc17000-71d35cc18000 r--p 00077000 00:2e 805333                     /usr/lib/x86_64-linux-gnu/libwebp.so.7.1.8
71d35cc18000-71d35cc19000 rw-p 00078000 00:2e 805333                     /usr/lib/x86_64-linux-gnu/libwebp.so.7.1.8
71d35cc19000-71d35cc1a000 rw-p 00000000 00:00 0 
71d35cc1a000-71d35cc22000 r--p 00000000 00:2e 805299                     /usr/lib/x86_64-linux-gnu/libtiff.so.6.0.1
71d35cc22000-71d35cc72000 r-xp 00008000 00:2e 805299                     /usr/lib/x86_64-linux-gnu/libtiff.so.6.0.1
71d35cc72000-71d35cca1000 r--p 00058000 00:2e 805299                     /usr/lib/x86_64-linux-gnu/libtiff.so.6.0.1
71d35cca1000-71d35cca6000 r--p 00087000 00:2e 805299                     /usr/lib/x86_64-linux-gnu/libtiff.so.6.0.1
71d35cca6000-71d35cca7000 rw-p 0008c000 00:2e 805299                     /usr/lib/x86_64-linux-gnu/libtiff.so.6.0.1
71d35cca7000-71d35ccab000 r--p 00000000 00:2e 805074                     /usr/lib/x86_64-linux-gnu/libjpeg.so.8.2.2
71d35ccab000-71d35ccf8000 r-xp 00004000 00:2e 805074                     /usr/lib/x86_64-linux-gnu/libjpeg.so.8.2.2
71d35ccf8000-71d35cd28000 r--p 00051000 00:2e 805074                     /usr/lib/x86_64-linux-gnu/libjpeg.so.8.2.2
71d35cd28000-71d35cd29000 r--p 00081000 00:2e 805074                     /usr/lib/x86_64-linux-gnu/libjpeg.so.8.2.2
71d35cd29000-71d35cd2a000 rw-p 00082000 00:2e 805074                     /usr/lib/x86_64-linux-gnu/libjpeg.so.8.2.2
71d35cd2a000-71d35cd2f000 r--p 00000000 00:2e 805227                     /usr/lib/x86_64-linux-gnu/libpng16.so.16.43.0
71d35cd2f000-71d35cd57000 r-xp 00005000 00:2e 805227                     /usr/lib/x86_64-linux-gnu/libpng16.so.16.43.0
71d35cd57000-71d35cd60000 r--p 0002d000 00:2e 805227                     /usr/lib/x86_64-linux-gnu/libpng16.so.16.43.0
71d35cd60000-71d35cd61000 r--p 00035000 00:2e 805227                     /usr/lib/x86_64-linux-gnu/libpng16.so.16.43.0
71d35cd61000-71d35cd62000 rw-p 00036000 00:2e 805227                     /usr/lib/x86_64-linux-gnu/libpng16.so.16.43.0
71d35cd62000-71d35cd70000 r--p 00000000 00:2e 805094                     /usr/lib/x86_64-linux-gnu/libldap.so.2.0.200
71d35cd70000-71d35cdac000 r-xp 0000e000 00:2e 805094                     /usr/lib/x86_64-linux-gnu/libldap.so.2.0.200
71d35cdac000-71d35cdbb000 r--p 0004a000 00:2e 805094                     /usr/lib/x86_64-linux-gnu/libldap.so.2.0.200
71d35cdbb000-71d35cdbd000 r--p 00058000 00:2e 805094                     /usr/lib/x86_64-linux-gnu/libldap.so.2.0.200
71d35cdbd000-71d35cdbe000 rw-p 0005a000 00:2e 805094                     /usr/lib/x86_64-linux-gnu/libldap.so.2.0.200
71d35cdbe000-71d35cdc0000 rw-p 00000000 00:00 0 
71d35cdc0000-71d35cdcc000 r--p 00000000 00:2e 805017                     /usr/lib/x86_64-linux-gnu/libgssapi_krb5.so.2.2
71d35cdcc000-71d35ce06000 r-xp 0000c000 00:2e 805017                     /usr/lib/x86_64-linux-gnu/libgssapi_krb5.so.2.2
71d35ce06000-71d35ce10000 r--p 00046000 00:2e 805017                     /usr/lib/x86_64-linux-gnu/libgssapi_krb5.so.2.2
71d35ce10000-71d35ce12000 r--p 0004f000 00:2e 805017                     /usr/lib/x86_64-linux-gnu/libgssapi_krb5.so.2.2
71d35ce12000-71d35ce14000 rw-p 00051000 00:2e 805017                     /usr/lib/x86_64-linux-gnu/libgssapi_krb5.so.2.2
71d35ce14000-71d35cec7000 r--p 00000000 00:2e 787342                     /usr/lib/x86_64-linux-gnu/libcrypto.so.3
71d35cec7000-71d35d1fa000 r-xp 000b3000 00:2e 787342                     /usr/lib/x86_64-linux-gnu/libcrypto.so.3
71d35d1fa000-71d35d2c5000 r--p 003e6000 00:2e 787342                     /usr/lib/x86_64-linux-gnu/libcrypto.so.3
71d35d2c5000-71d35d321000 r--p 004b0000 00:2e 787342                     /usr/lib/x86_64-linux-gnu/libcrypto.so.3
71d35d321000-71d35d324000 rw-p 0050c000 00:2e 787342                     /usr/lib/x86_64-linux-gnu/libcrypto.so.3
71d35d324000-71d35d327000 rw-p 00000000 00:00 0 
71d35d327000-71d35d345000 r--p 00000000 00:2e 787423                     /usr/lib/x86_64-linux-gnu/libssl.so.3
71d35d345000-71d35d3a7000 r-xp 0001e000 00:2e 787423                     /usr/lib/x86_64-linux-gnu/libssl.so.3
71d35d3a7000-71d35d3c3000 r--p 00080000 00:2e 787423                     /usr/lib/x86_64-linux-gnu/libssl.so.3
71d35d3c3000-71d35d3cd000 r--p 0009c000 00:2e 787423                     /usr/lib/x86_64-linux-gnu/libssl.so.3
71d35d3cd000-71d35d3d1000 rw-p 000a6000 00:2e 787423                     /usr/lib/x86_64-linux-gnu/libssl.so.3
71d35d3d1000-71d35d3d3000 r--p 00000000 00:2e 805239                     /usr/lib/x86_64-linux-gnu/libpsl.so.5.3.4
71d35d3d3000-71d35d3d5000 r-xp 00002000 00:2e 805239                     /usr/lib/x86_64-linux-gnu/libpsl.so.5.3.4
71d35d3d5000-71d35d3e3000 r--p 00004000 00:2e 805239                     /usr/lib/x86_64-linux-gnu/libpsl.so.5.3.4
71d35d3e3000-71d35d3e4000 r--p 00011000 00:2e 805239                     /usr/lib/x86_64-linux-gnu/libpsl.so.5.3.4
71d35d3e4000-71d35d3e5000 rw-p 00012000 00:2e 805239                     /usr/lib/x86_64-linux-gnu/libpsl.so.5.3.4
71d35d3e5000-71d35d3f3000 r--p 00000000 00:2e 805277                     /usr/lib/x86_64-linux-gnu/libssh.so.4.9.6
71d35d3f3000-71d35d43a000 r-xp 0000e000 00:2e 805277                     /usr/lib/x86_64-linux-gnu/libssh.so.4.9.6
71d35d43a000-71d35d452000 r--p 00055000 00:2e 805277                     /usr/lib/x86_64-linux-gnu/libssh.so.4.9.6
71d35d452000-71d35d454000 r--p 0006c000 00:2e 805277                     /usr/lib/x86_64-linux-gnu/libssh.so.4.9.6
71d35d454000-71d35d456000 rw-p 0006e000 00:2e 805277                     /usr/lib/x86_64-linux-gnu/libssh.so.4.9.6
71d35d456000-71d35d45b000 r--p 00000000 00:2e 805254                     /usr/lib/x86_64-linux-gnu/librtmp.so.1
71d35d45b000-71d35d46c000 r-xp 00005000 00:2e 805254                     /usr/lib/x86_64-linux-gnu/librtmp.so.1
71d35d46c000-71d35d472000 r--p 00016000 00:2e 805254                     /usr/lib/x86_64-linux-gnu/librtmp.so.1
71d35d472000-71d35d473000 r--p 0001c000 00:2e 805254                     /usr/lib/x86_64-linux-gnu/librtmp.so.1
71d35d473000-71d35d474000 rw-p 0001d000 00:2e 805254                     /usr/lib/x86_64-linux-gnu/librtmp.so.1
71d35d474000-71d35d476000 r--p 00000000 00:2e 787369                     /usr/lib/x86_64-linux-gnu/libidn2.so.0.4.0
71d35d476000-71d35d47a000 r-xp 00002000 00:2e 787369                     /usr/lib/x86_64-linux-gnu/libidn2.so.0.4.0
71d35d47a000-71d35d494000 r--p 00006000 00:2e 787369                     /usr/lib/x86_64-linux-gnu/libidn2.so.0.4.0
71d35d494000-71d35d495000 r--p 0001f000 00:2e 787369                     /usr/lib/x86_64-linux-gnu/libidn2.so.0.4.0
71d35d495000-71d35d496000 rw-p 00020000 00:2e 787369                     /usr/lib/x86_64-linux-gnu/libidn2.so.0.4.0
71d35d496000-71d35d49b000 r--p 00000000 00:2e 805156                     /usr/lib/x86_64-linux-gnu/libnghttp2.so.14.26.0
71d35d49b000-71d35d4b1000 r-xp 00005000 00:2e 805156                     /usr/lib/x86_64-linux-gnu/libnghttp2.so.14.26.0
71d35d4b1000-71d35d4bd000 r--p 0001b000 00:2e 805156                     /usr/lib/x86_64-linux-gnu/libnghttp2.so.14.26.0
71d35d4bd000-71d35d4c0000 r--p 00026000 00:2e 805156                     /usr/lib/x86_64-linux-gnu/libnghttp2.so.14.26.0
71d35d4c0000-71d35d4c1000 rw-p 00029000 00:2e 805156                     /usr/lib/x86_64-linux-gnu/libnghttp2.so.14.26.0
71d35d4c1000-71d35d4f0000 r--p 00000000 00:2e 805345                     /usr/lib/x86_64-linux-gnu/libxml2.so.2.9.14
71d35d4f0000-71d35d656000 r-xp 0002f000 00:2e 805345                     /usr/lib/x86_64-linux-gnu/libxml2.so.2.9.14
71d35d656000-71d35d698000 r--p 00195000 00:2e 805345                     /usr/lib/x86_64-linux-gnu/libxml2.so.2.9.14
71d35d698000-71d35d6a1000 r--p 001d6000 00:2e 805345                     /usr/lib/x86_64-linux-gnu/libxml2.so.2.9.14
71d35d6a1000-71d35d6a2000 rw-p 001df000 00:2e 805345                     /usr/lib/x86_64-linux-gnu/libxml2.so.2.9.14
71d35d6a2000-71d35d6a3000 rw-p 00000000 00:00 0 
71d35d6a3000-71d35d6a7000 r--p 00000000 00:2e 787447                     /usr/lib/x86_64-linux-gnu/libzstd.so.1.5.5
71d35d6a7000-71d35d74e000 r-xp 00004000 00:2e 787447                     /usr/lib/x86_64-linux-gnu/libzstd.so.1.5.5
71d35d74e000-71d35d75b000 r--p 000ab000 00:2e 787447                     /usr/lib/x86_64-linux-gnu/libzstd.so.1.5.5
71d35d75b000-71d35d75c000 r--p 000b7000 00:2e 787447                     /usr/lib/x86_64-linux-gnu/libzstd.so.1.5.5
71d35d75c000-71d35d75d000 rw-p 000b8000 00:2e 787447                     /usr/lib/x86_64-linux-gnu/libzstd.so.1.5.5
71d35d75d000-71d35d760000 r--p 00000000 00:2e 787373                     /usr/lib/x86_64-linux-gnu/liblzma.so.5.4.5
71d35d760000-71d35d782000 r-xp 00003000 00:2e 787373                     /usr/lib/x86_64-linux-gnu/liblzma.so.5.4.5
71d35d782000-71d35d78d000 r--p 00025000 00:2e 787373                     /usr/lib/x86_64-linux-gnu/liblzma.so.5.4.5
71d35d78d000-71d35d78e000 r--p 00030000 00:2e 787373                     /usr/lib/x86_64-linux-gnu/liblzma.so.5.4.5
71d35d78e000-71d35d78f000 rw-p 00031000 00:2e 787373                     /usr/lib/x86_64-linux-gnu/liblzma.so.5.4.5
71d35d78f000-71d35d79b000 r--p 00000000 00:2e 787386                     /usr/lib/x86_64-linux-gnu/libnettle.so.8.8
71d35d79b000-71d35d7ca000 r-xp 0000c000 00:2e 787386                     /usr/lib/x86_64-linux-gnu/libnettle.so.8.8
71d35d7ca000-71d35d7e1000 r--p 0003b000 00:2e 787386                     /usr/lib/x86_64-linux-gnu/libnettle.so.8.8
71d35d7e1000-71d35d7e3000 r--p 00051000 00:2e 787386                     /usr/lib/x86_64-linux-gnu/libnettle.so.8.8
71d35d7e3000-71d35d7e4000 rw-p 00053000 00:2e 787386                     /usr/lib/x86_64-linux-gnu/libnettle.so.8.8
71d35d7e4000-71d35d881000 r--p 00000000 00:2e 787425                     /usr/lib/x86_64-linux-gnu/libstdc++.so.6.0.33
71d35d881000-71d35d9c9000 r-xp 0009d000 00:2e 787425                     /usr/lib/x86_64-linux-gnu/libstdc++.so.6.0.33
71d35d9c9000-71d35da50000 r--p 001e5000 00:2e 787425                     /usr/lib/x86_64-linux-gnu/libstdc++.so.6.0.33
71d35da50000-71d35da5b000 r--p 0026b000 00:2e 787425                     /usr/lib/x86_64-linux-gnu/libstdc++.so.6.0.33
71d35da5b000-71d35da5e000 rw-p 00276000 00:2e 787425                     /usr/lib/x86_64-linux-gnu/libstdc++.so.6.0.33
71d35da5e000-71d35da62000 rw-p 00000000 00:00 0 
71d35da62000-71d35da8a000 r--p 00000000 00:2e 1318441                    /usr/lib/x86_64-linux-gnu/liblept.so.5.0.4
71d35da8a000-71d35dc6d000 r-xp 00028000 00:2e 1318441                    /usr/lib/x86_64-linux-gnu/liblept.so.5.0.4
71d35dc6d000-71d35dcf1000 r--p 0020b000 00:2e 1318441                    /usr/lib/x86_64-linux-gnu/liblept.so.5.0.4
71d35dcf1000-71d35dcf2000 r--p 0028f000 00:2e 1318441                    /usr/lib/x86_64-linux-gnu/liblept.so.5.0.4
71d35dcf2000-71d35dcf8000 rw-p 00290000 00:2e 1318441                    /usr/lib/x86_64-linux-gnu/liblept.so.5.0.4
71d35dcf8000-71d35dd5b000 r--p 00000000 00:2e 1318505                    /usr/lib/x86_64-linux-gnu/libtesseract.so.5.0.3
71d35dd5b000-71d35df64000 r-xp 00063000 00:2e 1318505                    /usr/lib/x86_64-linux-gnu/libtesseract.so.5.0.3
71d35df64000-71d35dff8000 r--p 0026c000 00:2e 1318505                    /usr/lib/x86_64-linux-gnu/libtesseract.so.5.0.3
71d35dff8000-71d35dffc000 r--p 00300000 00:2e 1318505                    /usr/lib/x86_64-linux-gnu/libtesseract.so.5.0.3
71d35dffc000-71d35dffd000 rw-p 00304000 00:2e 1318505                    /usr/lib/x86_64-linux-gnu/libtesseract.so.5.0.3
71d35dffd000-71d35e000000 rw-p 00000000 00:00 0 
71d35e000000-71d35e01e000 r-xp 00000000 00:2e 836154                     /home/codespace/.cache/JNA/temp/jna2580465684780826202.tmp (deleted)
71d35e01e000-71d35e21d000 ---p 0001e000 00:2e 836154                     /home/codespace/.cache/JNA/temp/jna2580465684780826202.tmp (deleted)
71d35e21d000-71d35e21e000 rw-p 0001d000 00:2e 836154                     /home/codespace/.cache/JNA/temp/jna2580465684780826202.tmp (deleted)
71d35e21e000-71d35e21f000 rw-p 00000000 00:00 0 
71d35e224000-71d35e225000 r--p 00000000 00:2e 804884                     /usr/lib/x86_64-linux-gnu/libbrotlidec.so.1.1.0
71d35e225000-71d35e22d000 r-xp 00001000 00:2e 804884                     /usr/lib/x86_64-linux-gnu/libbrotlidec.so.1.1.0
71d35e22d000-71d35e230000 r--p 00009000 00:2e 804884                     /usr/lib/x86_64-linux-gnu/libbrotlidec.so.1.1.0
71d35e230000-71d35e231000 r--p 0000b000 00:2e 804884                     /usr/lib/x86_64-linux-gnu/libbrotlidec.so.1.1.0
71d35e231000-71d35e232000 rw-p 0000c000 00:2e 804884                     /usr/lib/x86_64-linux-gnu/libbrotlidec.so.1.1.0
71d35e232000-71d35e243000 r--p 00000000 00:2e 804919                     /usr/lib/x86_64-linux-gnu/libcurl.so.4.8.0
71d35e243000-71d35e2cf000 r-xp 00011000 00:2e 804919                     /usr/lib/x86_64-linux-gnu/libcurl.so.4.8.0
71d35e2cf000-71d35e2ec000 r--p 0009d000 00:2e 804919                     /usr/lib/x86_64-linux-gnu/libcurl.so.4.8.0
71d35e2ec000-71d35e2f0000 r--p 000b9000 00:2e 804919                     /usr/lib/x86_64-linux-gnu/libcurl.so.4.8.0
71d35e2f0000-71d35e2f3000 rw-p 000bd000 00:2e 804919                     /usr/lib/x86_64-linux-gnu/libcurl.so.4.8.0
71d35e2f3000-71d35e2f4000 ---p 00000000 00:00 0 
71d35e2f4000-71d35e2f8000 ---p 00000000 00:00 0 
71d35e2f8000-71d35e3f4000 rw-p 00000000 00:00 0 
71d35e3f4000-71d35e3f5000 ---p 00000000 00:00 0 
71d35e3f5000-71d35e3f9000 ---p 00000000 00:00 0 
71d35e3f9000-71d35e4f5000 rw-p 00000000 00:00 0 
71d35e4f5000-71d35e4f6000 ---p 00000000 00:00 0 
71d35e4f6000-71d35e4fa000 ---p 00000000 00:00 0 
71d35e4fa000-71d35e5f6000 rw-p 00000000 00:00 0 
71d35e5f6000-71d35e5f7000 ---p 00000000 00:00 0 
71d35e5f7000-71d35e5fb000 ---p 00000000 00:00 0 
71d35e5fb000-71d35e6f7000 rw-p 00000000 00:00 0 
71d35e6f7000-71d35e6f8000 ---p 00000000 00:00 0 
71d35e6f8000-71d35e6fc000 ---p 00000000 00:00 0 
71d35e6fc000-71d35e7f8000 rw-p 00000000 00:00 0 
71d35e7f8000-71d35e7f9000 ---p 00000000 00:00 0 
71d35e7f9000-71d35e7fd000 ---p 00000000 00:00 0 
71d35e7fd000-71d35e8f9000 rw-p 00000000 00:00 0 
71d35e8f9000-71d35e8fa000 ---p 00000000 00:00 0 
71d35e8fa000-71d35e8fe000 ---p 00000000 00:00 0 
71d35e8fe000-71d35e9fa000 rw-p 00000000 00:00 0 
71d35e9fa000-71d35e9fb000 ---p 00000000 00:00 0 
71d35e9fb000-71d35e9ff000 ---p 00000000 00:00 0 
71d35e9ff000-71d35eafb000 rw-p 00000000 00:00 0 
71d35eafb000-71d35eafc000 ---p 00000000 00:00 0 
71d35eafc000-71d35eb00000 ---p 00000000 00:00 0 
71d35eb00000-71d35ebfc000 rw-p 00000000 00:00 0 
71d35ebfc000-71d35ebfd000 ---p 00000000 00:00 0 
71d35ebfd000-71d35ec01000 ---p 00000000 00:00 0 
71d35ec01000-71d35ecfd000 rw-p 00000000 00:00 0 
71d35ecfd000-71d35ecfe000 ---p 00000000 00:00 0 
71d35ecfe000-71d35ed02000 ---p 00000000 00:00 0 
71d35ed02000-71d35edfe000 rw-p 00000000 00:00 0 
71d35edfe000-71d35edff000 ---p 00000000 00:00 0 
71d35edff000-71d35ee03000 ---p 00000000 00:00 0 
71d35ee03000-71d35eeff000 rw-p 00000000 00:00 0 
71d35eeff000-71d35ef00000 ---p 00000000 00:00 0 
71d35ef00000-71d35ef04000 ---p 00000000 00:00 0 
71d35ef04000-71d35f000000 rw-p 00000000 00:00 0 
71d35f000000-71d35f3f0000 rw-p 00000000 00:00 0 
71d35f3f0000-71d35fef0000 rw-p 00000000 00:00 0 
71d35fef0000-71d35fff0000 rw-p 00000000 00:00 0 
71d35fff0000-71d3600f0000 rw-p 00000000 00:00 0 
71d3600f0000-71d3601f0000 rw-p 00000000 00:00 0 
71d3601f0000-71d360750000 rw-p 00000000 00:00 0 
71d360750000-71d360770000 rw-p 00000000 00:00 0 
71d360770000-71d3608f0000 rw-p 00000000 00:00 0 
71d3608f0000-71d360bb0000 rw-p 00000000 00:00 0 
71d360bb0000-71d360c70000 rw-p 00000000 00:00 0 
71d360c70000-71d360cf0000 rw-p 00000000 00:00 0 
71d360cf0000-71d360ef0000 rw-p 00000000 00:00 0 
71d360ef0000-71d360ff0000 rw-p 00000000 00:00 0 
71d360ff0000-71d3618f0000 rw-p 00000000 00:00 0 
71d3618f0000-71d3619f0000 rw-p 00000000 00:00 0 
71d3619f0000-71d361ab0000 rw-p 00000000 00:00 0 
71d361ab0000-71d361af0000 rw-p 00000000 00:00 0 
71d361af0000-71d361b00000 ---p 00000000 00:00 0 
71d361b00000-71d361c80000 rw-p 00000000 00:00 0 
71d361c80000-71d363000000 ---p 00000000 00:00 0 
71d363000000-71d363483000 rw-p 00001000 00:2e 1073827                    /usr/local/sdkman/candidates/java/21.0.9-ms/lib/server/classes.jsa
71d363483000-71d363ca0000 rw-p 00484000 00:2e 1073827                    /usr/local/sdkman/candidates/java/21.0.9-ms/lib/server/classes.jsa
71d363ca0000-71d364000000 ---p 00000000 00:00 0 
71d364000000-71d364030000 rw-p 00000000 00:00 0 
71d364030000-71d364070000 rw-p 00000000 00:00 0 
71d364070000-71d3640f0000 rw-p 00000000 00:00 0 
71d3640f0000-71d3641f0000 rw-p 00000000 00:00 0 
71d3641f0000-71d364370000 rw-p 00000000 00:00 0 
71d364370000-71d3643b0000 rw-p 00000000 00:00 0 
71d3643b0000-71d3643f0000 rw-p 00000000 00:00 0 
71d3643f0000-71d364470000 rw-p 00000000 00:00 0 
71d364470000-71d364620000 rw-p 00000000 00:00 0 
71d364620000-71d364640000 ---p 00000000 00:00 0 
71d364640000-71d364650000 rw-p 00000000 00:00 0 
71d364650000-71d3a4000000 ---p 00000000 00:00 0 
71d3a4000000-71d3a404e000 rw-p 00000000 00:00 0 
71d3a404e000-71d3a8000000 ---p 00000000 00:00 0 
71d3a8000000-71d3a8078000 rw-p 00000000 00:00 0 
71d3a8078000-71d3ac000000 ---p 00000000 00:00 0 
71d3ac000000-71d3ac3c4000 rw-p 00000000 00:00 0 
71d3ac3c4000-71d3b0000000 ---p 00000000 00:00 0 
71d3b0004000-71d3b0006000 r--p 00000000 00:2e 787339                     /usr/lib/x86_64-linux-gnu/libcom_err.so.2.1
71d3b0006000-71d3b0007000 r-xp 00002000 00:2e 787339                     /usr/lib/x86_64-linux-gnu/libcom_err.so.2.1
71d3b0007000-71d3b0008000 r--p 00003000 00:2e 787339                     /usr/lib/x86_64-linux-gnu/libcom_err.so.2.1
71d3b0008000-71d3b0009000 r--p 00003000 00:2e 787339                     /usr/lib/x86_64-linux-gnu/libcom_err.so.2.1
71d3b0009000-71d3b000a000 rw-p 00004000 00:2e 787339                     /usr/lib/x86_64-linux-gnu/libcom_err.so.2.1
71d3b000a000-71d3b000d000 r--p 00000000 00:2e 787371                     /usr/lib/x86_64-linux-gnu/liblz4.so.1.9.4
71d3b000d000-71d3b0028000 r-xp 00003000 00:2e 787371                     /usr/lib/x86_64-linux-gnu/liblz4.so.1.9.4
71d3b0028000-71d3b002a000 r--p 0001e000 00:2e 787371                     /usr/lib/x86_64-linux-gnu/liblz4.so.1.9.4
71d3b002a000-71d3b002b000 r--p 00020000 00:2e 787371                     /usr/lib/x86_64-linux-gnu/liblz4.so.1.9.4
71d3b002b000-71d3b002c000 rw-p 00021000 00:2e 787371                     /usr/lib/x86_64-linux-gnu/liblz4.so.1.9.4
71d3b002c000-71d3b003c000 r--p 00000000 00:2e 804856                     /usr/lib/x86_64-linux-gnu/libarchive.so.13.7.2
71d3b003c000-71d3b00d4000 r-xp 00010000 00:2e 804856                     /usr/lib/x86_64-linux-gnu/libarchive.so.13.7.2
71d3b00d4000-71d3b00f8000 r--p 000a8000 00:2e 804856                     /usr/lib/x86_64-linux-gnu/libarchive.so.13.7.2
71d3b00f8000-71d3b00fc000 r--p 000cc000 00:2e 804856                     /usr/lib/x86_64-linux-gnu/libarchive.so.13.7.2
71d3b00fc000-71d3b00fd000 rw-p 000d0000 00:2e 804856                     /usr/lib/x86_64-linux-gnu/libarchive.so.13.7.2
71d3b00fd000-71d3b00fe000 ---p 00000000 00:00 0 
71d3b00fe000-71d3b0102000 ---p 00000000 00:00 0 
71d3b0102000-71d3b01fe000 rw-p 00000000 00:00 0 
71d3b01fe000-71d3b01ff000 ---p 00000000 00:00 0 
71d3b01ff000-71d3b0203000 ---p 00000000 00:00 0 
71d3b0203000-71d3b02ff000 rw-p 00000000 00:00 0 
71d3b02ff000-71d3b0300000 ---p 00000000 00:00 0 
71d3b0300000-71d3b0304000 ---p 00000000 00:00 0 
71d3b0304000-71d3b0400000 rw-p 00000000 00:00 0 
71d3b0401000-71d3b0403000 r--p 00000000 00:2e 804985                     /usr/lib/x86_64-linux-gnu/libgif.so.7.2.0
71d3b0403000-71d3b0408000 r-xp 00002000 00:2e 804985                     /usr/lib/x86_64-linux-gnu/libgif.so.7.2.0
71d3b0408000-71d3b040a000 r--p 00007000 00:2e 804985                     /usr/lib/x86_64-linux-gnu/libgif.so.7.2.0
71d3b040a000-71d3b040b000 r--p 00008000 00:2e 804985                     /usr/lib/x86_64-linux-gnu/libgif.so.7.2.0
71d3b040b000-71d3b040c000 rw-p 00009000 00:2e 804985                     /usr/lib/x86_64-linux-gnu/libgif.so.7.2.0
71d3b040c000-71d3b040e000 r--p 00000000 00:2e 787331                     /usr/lib/x86_64-linux-gnu/libbz2.so.1.0.4
71d3b040e000-71d3b041c000 r-xp 00002000 00:2e 787331                     /usr/lib/x86_64-linux-gnu/libbz2.so.1.0.4
71d3b041c000-71d3b041e000 r--p 00010000 00:2e 787331                     /usr/lib/x86_64-linux-gnu/libbz2.so.1.0.4
71d3b041e000-71d3b041f000 r--p 00011000 00:2e 787331                     /usr/lib/x86_64-linux-gnu/libbz2.so.1.0.4
71d3b041f000-71d3b0420000 rw-p 00012000 00:2e 787331                     /usr/lib/x86_64-linux-gnu/libbz2.so.1.0.4
71d3b0420000-71d3b04cd000 r-xp 00000000 00:2e 1073782                    /usr/local/sdkman/candidates/java/21.0.9-ms/lib/libawt.so
71d3b04cd000-71d3b04ce000 ---p 000ad000 00:2e 1073782                    /usr/local/sdkman/candidates/java/21.0.9-ms/lib/libawt.so
71d3b04ce000-71d3b04cf000 r--p 000ad000 00:2e 1073782                    /usr/local/sdkman/candidates/java/21.0.9-ms/lib/libawt.so
71d3b04cf000-71d3b04da000 rw-p 000ae000 00:2e 1073782                    /usr/local/sdkman/candidates/java/21.0.9-ms/lib/libawt.so
71d3b04da000-71d3b04ff000 rw-p 00000000 00:00 0 
71d3b04ff000-71d3b0500000 ---p 00000000 00:00 0 
71d3b0500000-71d3b0504000 ---p 00000000 00:00 0 
71d3b0504000-71d3b0600000 rw-p 00000000 00:00 0 
71d3b0600000-71d3b06fe000 r-xp 00000000 08:11 2228578                    /tmp/sqlite-3.50.3.0-04448662-4118-400c-b399-a1f1bdc1f850-libsqlitejdbc.so
71d3b06fe000-71d3b08fe000 ---p 000fe000 08:11 2228578                    /tmp/sqlite-3.50.3.0-04448662-4118-400c-b399-a1f1bdc1f850-libsqlitejdbc.so
71d3b08fe000-71d3b0906000 rw-p 000fe000 08:11 2228578                    /tmp/sqlite-3.50.3.0-04448662-4118-400c-b399-a1f1bdc1f850-libsqlitejdbc.so
71d3b0909000-71d3b090c000 r--p 00000000 00:2e 805092                     /usr/lib/x86_64-linux-gnu/liblber.so.2.0.200
71d3b090c000-71d3b0914000 r-xp 00003000 00:2e 805092                     /usr/lib/x86_64-linux-gnu/liblber.so.2.0.200
71d3b0914000-71d3b0917000 r--p 0000b000 00:2e 805092                     /usr/lib/x86_64-linux-gnu/liblber.so.2.0.200
71d3b0917000-71d3b0918000 r--p 0000d000 00:2e 805092                     /usr/lib/x86_64-linux-gnu/liblber.so.2.0.200
71d3b0918000-71d3b0919000 rw-p 0000e000 00:2e 805092                     /usr/lib/x86_64-linux-gnu/liblber.so.2.0.200
71d3b0919000-71d3b091b000 r--p 00000000 00:2e 787315                     /usr/lib/x86_64-linux-gnu/libacl.so.1.1.2302
71d3b091b000-71d3b0920000 r-xp 00002000 00:2e 787315                     /usr/lib/x86_64-linux-gnu/libacl.so.1.1.2302
71d3b0920000-71d3b0921000 r--p 00007000 00:2e 787315                     /usr/lib/x86_64-linux-gnu/libacl.so.1.1.2302
71d3b0921000-71d3b0922000 r--p 00008000 00:2e 787315                     /usr/lib/x86_64-linux-gnu/libacl.so.1.1.2302
71d3b0922000-71d3b0923000 rw-p 00009000 00:2e 787315                     /usr/lib/x86_64-linux-gnu/libacl.so.1.1.2302
71d3b0923000-71d3b092e000 r--p 00000000 00:2e 805007                     /usr/lib/x86_64-linux-gnu/libgomp.so.1.0.0
71d3b092e000-71d3b096a000 r-xp 0000b000 00:2e 805007                     /usr/lib/x86_64-linux-gnu/libgomp.so.1.0.0
71d3b096a000-71d3b0977000 r--p 00047000 00:2e 805007                     /usr/lib/x86_64-linux-gnu/libgomp.so.1.0.0
71d3b0977000-71d3b0978000 r--p 00054000 00:2e 805007                     /usr/lib/x86_64-linux-gnu/libgomp.so.1.0.0
71d3b0978000-71d3b0979000 rw-p 00055000 00:2e 805007                     /usr/lib/x86_64-linux-gnu/libgomp.so.1.0.0
71d3b0979000-71d3b097d000 r--p 00000000 00:2e 787357                     /usr/lib/x86_64-linux-gnu/libgcc_s.so.1
71d3b097d000-71d3b09a1000 r-xp 00004000 00:2e 787357                     /usr/lib/x86_64-linux-gnu/libgcc_s.so.1
71d3b09a1000-71d3b09a5000 r--p 00028000 00:2e 787357                     /usr/lib/x86_64-linux-gnu/libgcc_s.so.1
71d3b09a5000-71d3b09a6000 r--p 0002b000 00:2e 787357                     /usr/lib/x86_64-linux-gnu/libgcc_s.so.1
71d3b09a6000-71d3b09a7000 rw-p 0002c000 00:2e 787357                     /usr/lib/x86_64-linux-gnu/libgcc_s.so.1
71d3b09ae000-71d3b09b5000 r-xp 00000000 00:2e 1073783                    /usr/local/sdkman/candidates/java/21.0.9-ms/lib/libawt_headless.so
71d3b09b5000-71d3b09b6000 r--p 00006000 00:2e 1073783                    /usr/local/sdkman/candidates/java/21.0.9-ms/lib/libawt_headless.so
71d3b09b6000-71d3b09b7000 rw-p 00007000 00:2e 1073783                    /usr/local/sdkman/candidates/java/21.0.9-ms/lib/libawt_headless.so
71d3b09b7000-71d3b09b8000 ---p 00000000 00:00 0 
71d3b09b8000-71d3b09bc000 ---p 00000000 00:00 0 
71d3b09bc000-71d3b09da000 rw-p 00000000 00:00 0 
71d3b09da000-71d3b09db000 ---p 00000000 00:00 0 
71d3b09db000-71d3b09df000 ---p 00000000 00:00 0 
71d3b09df000-71d3b0adb000 rw-p 00000000 00:00 0 
71d3b0adb000-71d3b0adc000 ---p 00000000 00:00 0 
71d3b0adc000-71d3b0ae0000 ---p 00000000 00:00 0 
71d3b0ae0000-71d3b0bdc000 rw-p 00000000 00:00 0 
71d3b0bdc000-71d3b0bdd000 ---p 00000000 00:00 0 
71d3b0bdd000-71d3b0be1000 ---p 00000000 00:00 0 
71d3b0be1000-71d3b0cdd000 rw-p 00000000 00:00 0 
71d3b0cdd000-71d3b0cde000 ---p 00000000 00:00 0 
71d3b0cde000-71d3b0ce2000 ---p 00000000 00:00 0 
71d3b0ce2000-71d3b0dde000 rw-p 00000000 00:00 0 
71d3b0dde000-71d3b0ddf000 ---p 00000000 00:00 0 
71d3b0ddf000-71d3b0de3000 ---p 00000000 00:00 0 
71d3b0de3000-71d3b0edf000 rw-p 00000000 00:00 0 
71d3b0edf000-71d3b0ee0000 ---p 00000000 00:00 0 
71d3b0ee0000-71d3b0fe0000 rw-p 00000000 00:00 0 
71d3b0fe0000-71d3b0fe1000 ---p 00000000 00:00 0 
71d3b0fe1000-71d3b0fe5000 ---p 00000000 00:00 0 
71d3b0fe5000-71d3b10e1000 rw-p 00000000 00:00 0 
71d3b10e1000-71d3b10e2000 ---p 00000000 00:00 0 
71d3b10e2000-71d3b10e6000 ---p 00000000 00:00 0 
71d3b10e6000-71d3b11e2000 rw-p 00000000 00:00 0 
71d3b11e2000-71d3b11e3000 ---p 00000000 00:00 0 
71d3b11e3000-71d3b11e7000 ---p 00000000 00:00 0 
71d3b11e7000-71d3b12e3000 rw-p 00000000 00:00 0 
71d3b12e3000-71d3b12e4000 ---p 00000000 00:00 0 
71d3b12e4000-71d3b12e8000 ---p 00000000 00:00 0 
71d3b12e8000-71d3b13e4000 rw-p 00000000 00:00 0 
71d3b13e4000-71d3b13e5000 ---p 00000000 00:00 0 
71d3b13e5000-71d3b13e9000 ---p 00000000 00:00 0 
71d3b13e9000-71d3b14e5000 rw-p 00000000 00:00 0 
71d3b14e5000-71d3b15b3000 r-xp 00000000 00:2e 1073801                    /usr/local/sdkman/candidates/java/21.0.9-ms/lib/libjsvml.so
71d3b15b3000-71d3b15b4000 r--p 000cd000 00:2e 1073801                    /usr/local/sdkman/candidates/java/21.0.9-ms/lib/libjsvml.so
71d3b15b4000-71d3b15b5000 rw-p 000ce000 00:2e 1073801                    /usr/local/sdkman/candidates/java/21.0.9-ms/lib/libjsvml.so
71d3b15b5000-71d3b15b6000 ---p 00000000 00:00 0 
71d3b15b6000-71d3b15ba000 ---p 00000000 00:00 0 
71d3b15ba000-71d3b16b6000 rw-p 00000000 00:00 0 
71d3b16b6000-71d3b16b7000 ---p 00000000 00:00 0 
71d3b16b7000-71d3b16bb000 ---p 00000000 00:00 0 
71d3b16bb000-71d3b17b7000 rw-p 00000000 00:00 0 
71d3b17b7000-71d3b17b8000 ---p 00000000 00:00 0 
71d3b17b8000-71d3b17bc000 ---p 00000000 00:00 0 
71d3b17bc000-71d3b18b8000 rw-p 00000000 00:00 0 
71d3b18b8000-71d3b18b9000 ---p 00000000 00:00 0 
71d3b18b9000-71d3b18bd000 ---p 00000000 00:00 0 
71d3b18bd000-71d3b19b9000 rw-p 00000000 00:00 0 
71d3b19b9000-71d3b19ba000 ---p 00000000 00:00 0 
71d3b19ba000-71d3b19be000 ---p 00000000 00:00 0 
71d3b19be000-71d3b1aba000 rw-p 00000000 00:00 0 
71d3b1aba000-71d3b1abb000 ---p 00000000 00:00 0 
71d3b1abb000-71d3b1abf000 ---p 00000000 00:00 0 
71d3b1abf000-71d3b1bbb000 rw-p 00000000 00:00 0 
71d3b1bbb000-71d3b1bbc000 ---p 00000000 00:00 0 
71d3b1bbc000-71d3b1bc0000 ---p 00000000 00:00 0 
71d3b1bc0000-71d3b1cbc000 rw-p 00000000 00:00 0 
71d3b1cbc000-71d3b1d15000 r--p 00000000 00:2e 786998                     /usr/lib/locale/C.utf8/LC_CTYPE
71d3b1d15000-71d3b2000000 r--p 00000000 00:2e 924801                     /usr/lib/locale/locale-archive
71d3b2000000-71d3b404a000 rw-p 00000000 00:00 0 
71d3b404a000-71d3b8000000 ---p 00000000 00:00 0 
71d3b8000000-71d3b8021000 rw-p 00000000 00:00 0 
71d3b8021000-71d3bc000000 ---p 00000000 00:00 0 
71d3bc000000-71d3bc028000 rw-p 00000000 00:00 0 
71d3bc028000-71d3c0000000 ---p 00000000 00:00 0 
71d3c0005000-71d3c000a000 r-xp 00000000 00:2e 1073806                    /usr/local/sdkman/candidates/java/21.0.9-ms/lib/libmanagement_ext.so
71d3c000a000-71d3c000b000 ---p 00005000 00:2e 1073806                    /usr/local/sdkman/candidates/java/21.0.9-ms/lib/libmanagement_ext.so
71d3c000b000-71d3c000c000 r--p 00005000 00:2e 1073806                    /usr/local/sdkman/candidates/java/21.0.9-ms/lib/libmanagement_ext.so
71d3c000c000-71d3c000d000 rw-p 00006000 00:2e 1073806                    /usr/local/sdkman/candidates/java/21.0.9-ms/lib/libmanagement_ext.so
71d3c000d000-71d3c0011000 r-xp 00000000 00:2e 1073804                    /usr/local/sdkman/candidates/java/21.0.9-ms/lib/libmanagement.so
71d3c0011000-71d3c0012000 r--p 00003000 00:2e 1073804                    /usr/local/sdkman/candidates/java/21.0.9-ms/lib/libmanagement.so
71d3c0012000-71d3c0013000 rw-p 00004000 00:2e 1073804                    /usr/local/sdkman/candidates/java/21.0.9-ms/lib/libmanagement.so
71d3c0013000-71d3c001a000 r-xp 00000000 00:2e 1073817                    /usr/local/sdkman/candidates/java/21.0.9-ms/lib/libzip.so
71d3c001a000-71d3c001b000 ---p 00007000 00:2e 1073817                    /usr/local/sdkman/candidates/java/21.0.9-ms/lib/libzip.so
71d3c001b000-71d3c001c000 r--p 00007000 00:2e 1073817                    /usr/local/sdkman/candidates/java/21.0.9-ms/lib/libzip.so
71d3c001c000-71d3c001d000 rw-p 00008000 00:2e 1073817                    /usr/local/sdkman/candidates/java/21.0.9-ms/lib/libzip.so
71d3c001d000-71d3c001e000 ---p 00000000 00:00 0 
71d3c001e000-71d3c011e000 rw-p 00000000 00:00 0 
71d3c011e000-71d3c011f000 ---p 00000000 00:00 0 
71d3c011f000-71d3c021f000 rw-p 00000000 00:00 0 
71d3c021f000-71d3c02fb000 rw-p 00000000 00:00 0 
71d3c02fb000-71d3c02fc000 ---p 00000000 00:00 0 
71d3c02fc000-71d3c03fc000 rw-p 00000000 00:00 0 
71d3c03fc000-71d3c03fd000 ---p 00000000 00:00 0 
71d3c03fd000-71d3c04fd000 rw-p 00000000 00:00 0 
71d3c04fd000-71d3c06ff000 rw-p 00000000 00:00 0 
71d3c06ff000-71d3c0700000 ---p 00000000 00:00 0 
71d3c0700000-71d3c0800000 rw-p 00000000 00:00 0 
71d3c0800000-71d3c1360000 rwxp 00000000 00:00 0 
71d3c1360000-71d3c7d38000 ---p 00000000 00:00 0 
71d3c7d38000-71d3c7fa8000 rwxp 00000000 00:00 0 
71d3c7fa8000-71d3c82c7000 ---p 00000000 00:00 0 
71d3c82c7000-71d3c8577000 rwxp 00000000 00:00 0 
71d3c8577000-71d3cf800000 ---p 00000000 00:00 0 
71d3cf801000-71d3cf803000 r-xp 00000000 00:2e 1073786                    /usr/local/sdkman/candidates/java/21.0.9-ms/lib/libextnet.so
71d3cf803000-71d3cf804000 r--p 00001000 00:2e 1073786                    /usr/local/sdkman/candidates/java/21.0.9-ms/lib/libextnet.so
71d3cf804000-71d3cf805000 rw-p 00002000 00:2e 1073786                    /usr/local/sdkman/candidates/java/21.0.9-ms/lib/libextnet.so
71d3cf805000-71d3cf811000 r-xp 00000000 00:2e 1073808                    /usr/local/sdkman/candidates/java/21.0.9-ms/lib/libnet.so
71d3cf811000-71d3cf812000 r--p 0000b000 00:2e 1073808                    /usr/local/sdkman/candidates/java/21.0.9-ms/lib/libnet.so
71d3cf812000-71d3cf813000 rw-p 0000c000 00:2e 1073808                    /usr/local/sdkman/candidates/java/21.0.9-ms/lib/libnet.so
71d3cf813000-71d3cf827000 r-xp 00000000 00:2e 1073809                    /usr/local/sdkman/candidates/java/21.0.9-ms/lib/libnio.so
71d3cf827000-71d3cf828000 r--p 00013000 00:2e 1073809                    /usr/local/sdkman/candidates/java/21.0.9-ms/lib/libnio.so
71d3cf828000-71d3cf829000 rw-p 00014000 00:2e 1073809                    /usr/local/sdkman/candidates/java/21.0.9-ms/lib/libnio.so
71d3cf829000-71d3cf82e000 r-xp 00000000 00:2e 1073785                    /usr/local/sdkman/candidates/java/21.0.9-ms/lib/libdt_socket.so
71d3cf82e000-71d3cf82f000 r--p 00004000 00:2e 1073785                    /usr/local/sdkman/candidates/java/21.0.9-ms/lib/libdt_socket.so
71d3cf82f000-71d3cf830000 rw-p 00005000 00:2e 1073785                    /usr/local/sdkman/candidates/java/21.0.9-ms/lib/libdt_socket.so
71d3cf830000-71d3cf831000 r--p 00000000 00:2e 787005                     /usr/lib/locale/C.utf8/LC_NUMERIC
71d3cf831000-71d3cf832000 r--p 00000000 00:2e 787008                     /usr/lib/locale/C.utf8/LC_TIME
71d3cf832000-71d3cf833000 r--p 00000000 00:2e 786997                     /usr/lib/locale/C.utf8/LC_COLLATE
71d3cf833000-71d3cf834000 r--p 00000000 00:2e 787003                     /usr/lib/locale/C.utf8/LC_MONETARY
71d3cf834000-71d3cf875000 rw-p 00000000 00:00 0 
71d3cf875000-71d3d8000000 r--s 00000000 00:2e 1073818                    /usr/local/sdkman/candidates/java/21.0.9-ms/lib/modules
71d3d8000000-71d3d8da8000 rw-p 00000000 00:00 0 
71d3d8da8000-71d3dc000000 ---p 00000000 00:00 0 
71d3dc000000-71d3dc001000 r--p 00000000 00:2e 787002                     /usr/lib/locale/C.utf8/LC_MESSAGES/SYS_LC_MESSAGES
71d3dc001000-71d3dc002000 r--p 00000000 00:2e 787006                     /usr/lib/locale/C.utf8/LC_PAPER
71d3dc002000-71d3dc003000 r--p 00000000 00:2e 787004                     /usr/lib/locale/C.utf8/LC_NAME
71d3dc003000-71d3dc00a000 r--s 00000000 00:2e 787303                     /usr/lib/x86_64-linux-gnu/gconv/gconv-modules.cache
71d3dc00a000-71d3dc00b000 ---p 00000000 00:00 0 
71d3dc00b000-71d3dc10b000 rw-p 00000000 00:00 0 
71d3dc10b000-71d3dc10c000 ---p 00000000 00:00 0 
71d3dc10c000-71d3dc20c000 rw-p 00000000 00:00 0 
71d3dc20c000-71d3dc35b000 rw-p 00000000 00:00 0 
71d3dc35b000-71d3dc407000 ---p 00000000 00:00 0 
71d3dc407000-71d3dc40f000 rw-p 00000000 00:00 0 
71d3dc40f000-71d3dc443000 ---p 00000000 00:00 0 
71d3dc443000-71d3dc447000 rw-p 00000000 00:00 0 
71d3dc447000-71d3de157000 ---p 00000000 00:00 0 
71d3de157000-71d3de15b000 rw-p 00000000 00:00 0 
71d3de15b000-71d3de181000 rw-p 00000000 00:00 0 
71d3de181000-71d3de196000 ---p 00000000 00:00 0 
71d3de196000-71d3de197000 rw-p 00000000 00:00 0 
71d3de197000-71d3de19d000 ---p 00000000 00:00 0 
71d3de19d000-71d3de19e000 rw-p 00000000 00:00 0 
71d3de19e000-71d3de540000 ---p 00000000 00:00 0 
71d3de540000-71d3de563000 rw-p 00000000 00:00 0 
71d3de563000-71d3de578000 ---p 00000000 00:00 0 
71d3de578000-71d3de579000 rw-p 00000000 00:00 0 
71d3de579000-71d3de57f000 ---p 00000000 00:00 0 
71d3de57f000-71d3de580000 rw-p 00000000 00:00 0 
71d3de580000-71d3de922000 ---p 00000000 00:00 0 
71d3de922000-71d3deb2b000 rw-p 00000000 00:00 0 
71d3deb2b000-71d3dec10000 ---p 00000000 00:00 0 
71d3dec10000-71d3dec27000 rw-p 00000000 00:00 0 
71d3dec27000-71d3decfb000 ---p 00000000 00:00 0 
71d3decfb000-71d3ded00000 rw-p 00000000 00:00 0 
71d3ded00000-71d3ded07000 ---p 00000000 00:00 0 
71d3ded07000-71d3ded0f000 rw-s 00000000 08:11 2228243                    /tmp/hsperfdata_codespace/139645
71d3ded0f000-71d3ded2f000 r-xp 00000000 00:2e 1073793                    /usr/local/sdkman/candidates/java/21.0.9-ms/lib/libjava.so
71d3ded2f000-71d3ded30000 ---p 00020000 00:2e 1073793                    /usr/local/sdkman/candidates/java/21.0.9-ms/lib/libjava.so
71d3ded30000-71d3ded31000 r--p 00020000 00:2e 1073793                    /usr/local/sdkman/candidates/java/21.0.9-ms/lib/libjava.so
71d3ded31000-71d3ded32000 rw-p 00021000 00:2e 1073793                    /usr/local/sdkman/candidates/java/21.0.9-ms/lib/libjava.so
71d3ded32000-71d3ded33000 rw-p 00000000 00:00 0 
71d3ded33000-71d3ded73000 r-xp 00000000 00:2e 1073796                    /usr/local/sdkman/candidates/java/21.0.9-ms/lib/libjdwp.so
71d3ded73000-71d3ded74000 r--p 0003f000 00:2e 1073796                    /usr/local/sdkman/candidates/java/21.0.9-ms/lib/libjdwp.so
71d3ded74000-71d3ded75000 rw-p 00040000 00:2e 1073796                    /usr/local/sdkman/candidates/java/21.0.9-ms/lib/libjdwp.so
71d3ded75000-71d3ded76000 rw-p 00000000 00:00 0 
71d3ded76000-71d3ded91000 r-xp 00000000 00:2e 1073797                    /usr/local/sdkman/candidates/java/21.0.9-ms/lib/libjimage.so
71d3ded91000-71d3ded92000 ---p 0001b000 00:2e 1073797                    /usr/local/sdkman/candidates/java/21.0.9-ms/lib/libjimage.so
71d3ded92000-71d3ded94000 r--p 0001b000 00:2e 1073797                    /usr/local/sdkman/candidates/java/21.0.9-ms/lib/libjimage.so
71d3ded94000-71d3ded95000 rw-p 0001d000 00:2e 1073797                    /usr/local/sdkman/candidates/java/21.0.9-ms/lib/libjimage.so
71d3ded95000-71d3ded99000 ---p 00000000 00:00 0 
71d3ded99000-71d3dee95000 rw-p 00000000 00:00 0 
71d3dee95000-71d3deea5000 r--p 00000000 00:2e 787374                     /usr/lib/x86_64-linux-gnu/libm.so.6
71d3deea5000-71d3def24000 r-xp 00010000 00:2e 787374                     /usr/lib/x86_64-linux-gnu/libm.so.6
71d3def24000-71d3def7c000 r--p 0008f000 00:2e 787374                     /usr/lib/x86_64-linux-gnu/libm.so.6
71d3def7c000-71d3def7d000 r--p 000e7000 00:2e 787374                     /usr/lib/x86_64-linux-gnu/libm.so.6
71d3def7d000-71d3def7e000 rw-p 000e8000 00:2e 787374                     /usr/lib/x86_64-linux-gnu/libm.so.6
71d3def7e000-71d3def7f000 r--p 00000000 00:2e 787413                     /usr/lib/x86_64-linux-gnu/librt.so.1
71d3def7f000-71d3def80000 r-xp 00001000 00:2e 787413                     /usr/lib/x86_64-linux-gnu/librt.so.1
71d3def80000-71d3def81000 r--p 00002000 00:2e 787413                     /usr/lib/x86_64-linux-gnu/librt.so.1
71d3def81000-71d3def82000 r--p 00002000 00:2e 787413                     /usr/lib/x86_64-linux-gnu/librt.so.1
71d3def82000-71d3def83000 rw-p 00003000 00:2e 787413                     /usr/lib/x86_64-linux-gnu/librt.so.1
71d3def83000-71d3e03aa000 r-xp 00000000 00:2e 1073830                    /usr/local/sdkman/candidates/java/21.0.9-ms/lib/server/libjvm.so
71d3e03aa000-71d3e047f000 r--p 01426000 00:2e 1073830                    /usr/local/sdkman/candidates/java/21.0.9-ms/lib/server/libjvm.so
71d3e047f000-71d3e04af000 rw-p 014fb000 00:2e 1073830                    /usr/local/sdkman/candidates/java/21.0.9-ms/lib/server/libjvm.so
71d3e04af000-71d3e0519000 rw-p 00000000 00:00 0 
71d3e0519000-71d3e0541000 r--p 00000000 00:2e 787332                     /usr/lib/x86_64-linux-gnu/libc.so.6
71d3e0541000-71d3e06c9000 r-xp 00028000 00:2e 787332                     /usr/lib/x86_64-linux-gnu/libc.so.6
71d3e06c9000-71d3e0718000 r--p 001b0000 00:2e 787332                     /usr/lib/x86_64-linux-gnu/libc.so.6
71d3e0718000-71d3e071c000 r--p 001fe000 00:2e 787332                     /usr/lib/x86_64-linux-gnu/libc.so.6
71d3e071c000-71d3e071e000 rw-p 00202000 00:2e 787332                     /usr/lib/x86_64-linux-gnu/libc.so.6
71d3e071e000-71d3e072b000 rw-p 00000000 00:00 0 
71d3e072b000-71d3e072c000 r--p 00000000 00:2e 787346                     /usr/lib/x86_64-linux-gnu/libdl.so.2
71d3e072c000-71d3e072d000 r-xp 00001000 00:2e 787346                     /usr/lib/x86_64-linux-gnu/libdl.so.2
71d3e072d000-71d3e072e000 r--p 00002000 00:2e 787346                     /usr/lib/x86_64-linux-gnu/libdl.so.2
71d3e072e000-71d3e072f000 r--p 00002000 00:2e 787346                     /usr/lib/x86_64-linux-gnu/libdl.so.2
71d3e072f000-71d3e0730000 rw-p 00003000 00:2e 787346                     /usr/lib/x86_64-linux-gnu/libdl.so.2
71d3e0730000-71d3e0731000 r--p 00000000 00:2e 787411                     /usr/lib/x86_64-linux-gnu/libpthread.so.0
71d3e0731000-71d3e0732000 r-xp 00001000 00:2e 787411                     /usr/lib/x86_64-linux-gnu/libpthread.so.0
71d3e0732000-71d3e0733000 r--p 00002000 00:2e 787411                     /usr/lib/x86_64-linux-gnu/libpthread.so.0
71d3e0733000-71d3e0734000 r--p 00002000 00:2e 787411                     /usr/lib/x86_64-linux-gnu/libpthread.so.0
71d3e0734000-71d3e0735000 rw-p 00003000 00:2e 787411                     /usr/lib/x86_64-linux-gnu/libpthread.so.0
71d3e0735000-71d3e0743000 r-xp 00000000 00:2e 1073798                    /usr/local/sdkman/candidates/java/21.0.9-ms/lib/libjli.so
71d3e0743000-71d3e0744000 ---p 0000e000 00:2e 1073798                    /usr/local/sdkman/candidates/java/21.0.9-ms/lib/libjli.so
71d3e0744000-71d3e0745000 r--p 0000e000 00:2e 1073798                    /usr/local/sdkman/candidates/java/21.0.9-ms/lib/libjli.so
71d3e0745000-71d3e0746000 rw-p 0000f000 00:2e 1073798                    /usr/local/sdkman/candidates/java/21.0.9-ms/lib/libjli.so
71d3e0746000-71d3e0748000 r--p 00000000 00:2e 787445                     /usr/lib/x86_64-linux-gnu/libz.so.1.3
71d3e0748000-71d3e075a000 r-xp 00002000 00:2e 787445                     /usr/lib/x86_64-linux-gnu/libz.so.1.3
71d3e075a000-71d3e0760000 r--p 00014000 00:2e 787445                     /usr/lib/x86_64-linux-gnu/libz.so.1.3
71d3e0760000-71d3e0761000 r--p 0001a000 00:2e 787445                     /usr/lib/x86_64-linux-gnu/libz.so.1.3
71d3e0761000-71d3e0762000 rw-p 0001b000 00:2e 787445                     /usr/lib/x86_64-linux-gnu/libz.so.1.3
71d3e0762000-71d3e0763000 r--p 00000000 00:2e 786996                     /usr/lib/locale/C.utf8/LC_ADDRESS
71d3e0763000-71d3e0764000 r--p 00000000 00:2e 787007                     /usr/lib/locale/C.utf8/LC_TELEPHONE
71d3e0764000-71d3e0765000 r--p 00000000 00:2e 787000                     /usr/lib/locale/C.utf8/LC_MEASUREMENT
71d3e0765000-71d3e0766000 r--p 00000000 00:2e 786999                     /usr/lib/locale/C.utf8/LC_IDENTIFICATION
71d3e0766000-71d3e0767000 ---p 00000000 00:00 0 
71d3e0767000-71d3e0768000 r--p 00000000 00:00 0 
71d3e0768000-71d3e0769000 ---p 00000000 00:00 0 
71d3e0769000-71d3e076b000 rw-p 00000000 00:00 0 
71d3e076b000-71d3e076c000 r--p 00000000 00:2e 787312                     /usr/lib/x86_64-linux-gnu/ld-linux-x86-64.so.2
71d3e076c000-71d3e0797000 r-xp 00001000 00:2e 787312                     /usr/lib/x86_64-linux-gnu/ld-linux-x86-64.so.2
71d3e0797000-71d3e07a1000 r--p 0002c000 00:2e 787312                     /usr/lib/x86_64-linux-gnu/ld-linux-x86-64.so.2
71d3e07a1000-71d3e07a3000 r--p 00036000 00:2e 787312                     /usr/lib/x86_64-linux-gnu/ld-linux-x86-64.so.2
71d3e07a3000-71d3e07a5000 rw-p 00038000 00:2e 787312                     /usr/lib/x86_64-linux-gnu/ld-linux-x86-64.so.2
7ffef5864000-7ffef5886000 rw-p 00000000 00:00 0                          [stack]
7ffef5932000-7ffef5936000 r--p 00000000 00:00 0                          [vvar]
7ffef5936000-7ffef5938000 r-xp 00000000 00:00 0                          [vdso]
ffffffffff600000-ffffffffff601000 --xp 00000000 00:00 0                  [vsyscall]
Total number of mappings: 636

JVMTI agents:
jdwp path:none, loaded, initialized, options:transport=dt_socket,server=n,suspend=y,address=localhost:37103


VM Arguments:
jvm_args: -agentlib:jdwp=transport=dt_socket,server=n,suspend=y,address=localhost:37103 -XX:+ShowCodeDetailsInExceptionMessages 
java_command: com.devhub.ocr.Application
java_class_path (initial): /workspaces/devhub_computer_vision/backends/devhubocr/target/classes:/home/codespace/.m2/repository/org/springframework/boot/spring-boot-starter-web/3.5.7/spring-boot-starter-web-3.5.7.jar:/home/codespace/.m2/repository/org/springframework/boot/spring-boot-starter/3.5.7/spring-boot-starter-3.5.7.jar:/home/codespace/.m2/repository/org/springframework/boot/spring-boot-starter-logging/3.5.7/spring-boot-starter-logging-3.5.7.jar:/home/codespace/.m2/repository/ch/qos/logback/logback-classic/1.5.20/logback-classic-1.5.20.jar:/home/codespace/.m2/repository/ch/qos/logback/logback-core/1.5.20/logback-core-1.5.20.jar:/home/codespace/.m2/repository/org/apache/logging/log4j/log4j-to-slf4j/2.24.3/log4j-to-slf4j-2.24.3.jar:/home/codespace/.m2/repository/org/apache/logging/log4j/log4j-api/2.24.3/log4j-api-2.24.3.jar:/home/codespace/.m2/repository/org/slf4j/jul-to-slf4j/2.0.17/jul-to-slf4j-2.0.17.jar:/home/codespace/.m2/repository/jakarta/annotation/jakarta.annotation-api/2.1.1/jakarta.annotation-api-2.1.1.jar:/home/codespace/.m2/repository/org/springframework/boot/spring-boot-starter-json/3.5.7/spring-boot-starter-json-3.5.7.jar:/home/codespace/.m2/repository/com/fasterxml/jackson/datatype/jackson-datatype-jdk8/2.19.2/jackson-datatype-jdk8-2.19.2.jar:/home/codespace/.m2/repository/com/fasterxml/jackson/datatype/jackson-datatype-jsr310/2.19.2/jackson-datatype-jsr310-2.19.2.jar:/home/codespace/.m2/repository/org/springframework/boot/spring-boot-starter-tomcat/3.5.7/spring-boot-starter-tomcat-3.5.7.jar:/home/codespace/.m2/repository/org/apache/tomcat/embed/tomcat-embed-core/10.1.48/tomcat-embed-core-10.1.48.jar:/home/codespace/.m2/repository/org/apache/tomcat/embed/tomcat-embed-el/10.1.48/tomcat-embed-el-10.1.48.jar:/home/codespace/.m2/repository/org/apache/tomcat/embed/tomcat-embed-websocket/10.1.48/tomcat-embed-websocket-10.1.48.jar:/home/codespace/.m2/repository/org/springframework/spring-web/6.2.12/spring-web-6.2.12.jar:/home/codespace/.m2/repository/org/springframework/spring-beans/6.2.12/spring-beans-6.2.12.jar:/home/codespace/.m2/repository/io/micrometer/micrometer-observation/1.15.5/micrometer-observation-1.15.5.jar:/home/codespace/.m2/repository/io/micrometer/micrometer-commons/1.15.5/micrometer-commons-1.15.5.jar:/home/codespace/.m2/repository/org/springframework/spring-webmvc/6.2.12/spring-webmvc-6.2.12.jar:/home/codespace/.m2/repository/org/springframework/spring-aop/6.2.12/spring-aop-6.2.12.jar:/home/codespace/.m2/repository/org/springframework/spring-context/6.2.12/spring-context-6.2.12.jar:/home/codespace/.m2/repository/org/springframework/spring-expression/6.2.12/spring-expression-6.2.12.jar:/home/codespace/.m2/repository/org/springframework/boot/spring-boot-starter-thymeleaf/3.5.7/spring-boot-starter-thymeleaf-3.5.7.jar:/home/codespace/.m2/repository/org/thymeleaf/thymeleaf-spring6/3.1.3.RELEASE/thymeleaf-spring6-3.1.3.RELEASE.jar:/home/codespace/.m2/repository/org/thymeleaf/thymeleaf/3.1.3.RELEASE/thymeleaf-3.1.3.RELEASE.jar:/home/codespace/.m2/repository/org/attoparser/attoparser/2.0.7.RELEASE/attoparser-2.0.7.RELEASE.jar:/home/codespace/.m2/repository/org/unbescape/unbescape/1.1.6.RELEASE/unbescape-1.1.6.RELEASE.jar:/home/codespace/.m2/repository/org/springframework/ai/spring-ai-markdown-document-reader/1.1.0/spring-ai-markdown-document-reader-1.1.0.jar:/home/codespace/.m2/repository/org/springframework/ai/spring-ai-commons/1.1.0/spring-ai-commons-1.1.0.jar:/home/codespace/.m2/repository/io/micrometer/micrometer-core/1.15.5/micrometer-core-1.15.5.jar:/home/codespace/.m2/repository/org/hdrhistogram/HdrHistogram/2.2.2/HdrHistogram-2.2.2.jar:/home/codespace/.m2/repository/org/latencyutils/LatencyUtils/2.0.3/LatencyUtils-2.0.3.jar:/home/codespace/.m2/repository/io/micrometer/context-propagation/1.1.3/context-propagation-1.1.3.jar:/home/codespace/.m2/repository/com/fasterxml/jackson/module/jackson-module-jsonSchema/2.19.2/jackson-module-jsonSchema-2.19.2.jar:/home/codespace/.m2/repository/javax/validation/validation-api/1.1.0.Final/validation-api-1.1.0.Final.jar:/home/codespace/.m2/repository/com/knuddels/jtokkit/1.1.0/jtokkit-1.1.0.jar:/home/codespace/.m2/repository/org/commonmark/commonmark/0.22.0/commonmark-0.22.0.jar:/home/codespace/.m2/repository/org/springframework/ai/spring-ai-pdf-document-reader/1.1.0/spring-ai-pdf-document-reader-1.1.0.jar:/home/codespace/.m2/repository/org/apache/pdfbox/pdfbox/3.0.5/pdfbox-3.0.5.jar:/home/codespace/.m2/repository/org/apache/pdfbox/pdfbox-io/3.0.5/pdfbox-io-3.0.5.jar:/home/codespace/.m2/repository/org/apache/pdfbox/fontbox/3.0.5/fontbox-3.0.5.jar:/home/codespace/.m2/repository/org/springframework/boot/spring-boot-devtools/3.5.7/spring-boot-devtools-3.5.7.jar:/home/codespace/.m2/repository/org/springframework/boot/spring-boot/3.5.7/spring-boot-3.5.7.jar:/home/codespace/.m2/repository/org/springframework/boot/spring-boot-autoconfigure/3.5.7/spring-boot-autoconfigure-3.5.7.jar:/home/codespace/.m2/repository/org/springframework/boot/spring-boot-docker-compose/3.5.7/spring-boot-docker-compose-3.5.7.jar:/home/codespace/.m2/repository/com/fasterxml/jackson/core/jackson-databind/2.19.2/jackson-databind-2.19.2.jar:/home/codespace/.m2/repository/com/fasterxml/jackson/core/jackson-core/2.19.2/jackson-core-2.19.2.jar:/home/codespace/.m2/repository/com/fasterxml/jackson/module/jackson-module-parameter-names/2.19.2/jackson-module-parameter-names-2.19.2.jar:/home/codespace/.m2/repository/org/springframework/ai/spring-ai-spring-boot-docker-compose/1.1.0/spring-ai-spring-boot-docker-compose-1.1.0.jar:/home/codespace/.m2/repository/org/xerial/sqlite-jdbc/3.50.3.0/sqlite-jdbc-3.50.3.0.jar:/home/codespace/.m2/repository/jakarta/xml/bind/jakarta.xml.bind-api/4.0.4/jakarta.xml.bind-api-4.0.4.jar:/home/codespace/.m2/repository/jakarta/activation/jakarta.activation-api/2.1.4/jakarta.activation-api-2.1.4.jar:/home/codespace/.m2/repository/org/springframework/spring-core/6.2.12/spring-core-6.2.12.jar:/home/codespace/.m2/repository/org/springframework/spring-jcl/6.2.12/spring-jcl-6.2.12.jar:/home/codespace/.m2/repository/com/microsoft/onnxruntime/onnxruntime/1.17.3/onnxruntime-1.17.3.jar:/home/codespace/.m2/repository/org/openpnp/opencv/4.7.0-0/opencv-4.7.0-0.jar:/home/codespace/.m2/repository/com/google/zxing/core/3.5.2/core-3.5.2.jar:/home/codespace/.m2/repository/com/google/zxing/javase/3.5.2/javase-3.5.2.jar:/home/codespace/.m2/repository/com/beust/jcommander/1.82/jcommander-1.82.jar:/home/codespace/.m2/repository/com/github/jai-imageio/jai-imageio-core/1.4.0/jai-imageio-core-1.4.0.jar:/home/codespace/.m2/repository/io/github/agrevster/pocketbase-kotlin/2.7.1/pocketbase-kotlin-2.7.1.jar:/home/codespace/.m2/repository/io/ktor/ktor-client-core/3.1.2/ktor-client-core-3.1.2.jar:/home/codespace/.m2/repository/io/ktor/ktor-http/3.1.2/ktor-http-3.1.2.jar:/home/codespace/.m2/repository/io/ktor/ktor-utils/3.1.2/ktor-utils-3.1.2.jar:/home/codespace/.m2/repository/io/ktor/ktor-http-cio/3.1.2/ktor-http-cio-3.1.2.jar:/home/codespace/.m2/repository/io/ktor/ktor-io/3.1.2/ktor-io-3.1.2.jar:/home/codespace/.m2/repository/org/jetbrains/kotlinx/kotlinx-io-core/0.6.0/kotlinx-io-core-0.6.0.jar:/home/codespace/.m2/repository/org/jetbrains/kotlinx/kotlinx-io-bytestring/0.6.0/kotlinx-io-bytestring-0.6.0.jar:/home/codespace/.m2/repository/io/ktor/ktor-events/3.1.2/ktor-events-3.1.2.jar:/home/codespace/.m2/repository/io/ktor/ktor-websocket-serialization/3.1.2/ktor-websocket-serialization-3.1.2.jar:/home/codespace/.m2/repository/io/ktor/ktor-sse/3.1.2/ktor-sse-3.1.2.jar:/home/codespace/.m2/repository/io/ktor/ktor-client-content-negotiation/3.1.2/ktor-client-content-negotiation-3.1.2.jar:/home/codespace/.m2/repository/io/ktor/ktor-serialization/3.1.2/ktor-serialization-3.1.2.jar:/home/codespace/.m2/repository/io/ktor/ktor-serialization-kotlinx-json/3.1.2/ktor-serialization-kotlinx-json-3.1.2.jar:/home/codespace/.m2/repository/io/ktor/ktor-serialization-kotlinx/3.1.2/ktor-serialization-kotlinx-3.1.2.jar:/home/codespace/.m2/repository/org/jetbrains/kotlinx/kotlinx-serialization-json-io/1.8.0/kotlinx-serialization-json-io-1.8.0.jar:/home/codespace/.m2/repository/org/jetbrains/kotlinx/kotlinx-serialization-json-io-jvm/1.8.0/kotlinx-serialization-json-io-jvm-1.8.0.jar:/home/codespace/.m2/repository/org/jetbrains/kotlinx/kotlinx-io-core-jvm/0.4.0/kotlinx-io-core-jvm-0.4.0.jar:/home/codespace/.m2/repository/org/jetbrains/kotlinx/kotlinx-io-bytestring-jvm/0.4.0/kotlinx-io-bytestring-jvm-0.4.0.jar:/home/codespace/.m2/repository/org/jetbrains/kotlinx/kotlinx-coroutines-core/1.8.1/kotlinx-coroutines-core-1.8.1.jar:/home/codespace/.m2/repository/org/jetbrains/kotlinx/kotlinx-coroutines-core-jvm/1.8.1/kotlinx-coroutines-core-jvm-1.8.1.jar:/home/codespace/.m2/repository/org/jetbrains/kotlinx/kotlinx-datetime/0.6.2/kotlinx-datetime-0.6.2.jar:/home/codespace/.m2/repository/org/jetbrains/kotlinx/kotlinx-serialization-core/1.6.3/kotlinx-serialization-core-1.6.3.jar:/home/codespace/.m2/repository/org/jetbrains/kotlinx/kotlinx-serialization-core-jvm/1.6.3/kotlinx-serialization-core-jvm-1.6.3.jar:/home/codespace/.m2/repository/org/jetbrains/kotlinx/kotlinx-serialization-json/1.6.3/kotlinx-serialization-json-1.6.3.jar:/home/codespace/.m2/repository/org/jetbrains/kotlinx/kotlinx-serialization-json-jvm/1.6.3/kotlinx-serialization-json-jvm-1.6.3.jar:/home/codespace/.m2/repository/org/jetbrains/kotlin/kotlin-stdlib-common/1.9.25/kotlin-stdlib-common-1.9.25.jar:/home/codespace/.m2/repository/org/jetbrains/kotlin/kotlin-stdlib/1.9.25/kotlin-stdlib-1.9.25.jar:/home/codespace/.m2/repository/org/jetbrains/annotations/13.0/annotations-13.0.jar:/home/codespace/.m2/repository/io/ktor/ktor-client-cio/3.1.2/ktor-client-cio-3.1.2.jar:/home/codespace/.m2/repository/io/ktor/ktor-websockets/3.1.2/ktor-websockets-3.1.2.jar:/home/codespace/.m2/repository/io/ktor/ktor-network-tls/3.1.2/ktor-network-tls-3.1.2.jar:/home/codespace/.m2/repository/io/ktor/ktor-network/3.1.2/ktor-network-3.1.2.jar:/home/codespace/.m2/repository/org/reflections/reflections/0.10.2/reflections-0.10.2.jar:/home/codespace/.m2/repository/org/javassist/javassist/3.28.0-GA/javassist-3.28.0-GA.jar:/home/codespace/.m2/repository/com/google/code/findbugs/jsr305/3.0.2/jsr305-3.0.2.jar:/home/codespace/.m2/repository/org/slf4j/slf4j-api/2.0.17/slf4j-api-2.0.17.jar:/home/codespace/.m2/repository/org/sql2o/sql2o/1.7.0/sql2o-1.7.0.jar:/home/codespace/.m2/repository/com/auth0/java-jwt/4.4.0/java-jwt-4.4.0.jar:/home/codespace/.m2/repository/org/springframework/security/spring-security-crypto/6.5.6/spring-security-crypto-6.5.6.jar:/home/codespace/.m2/repository/org/telegram/telegrambots/6.9.7.1/telegrambots-6.9.7.1.jar:/home/codespace/.m2/repository/org/telegram/telegrambots-meta/6.9.7.1/telegrambots-meta-6.9.7.1.jar:/home/codespace/.m2/repository/org/apache/commons/commons-lang3/3.17.0/commons-lang3-3.17.0.jar:/home/codespace/.m2/repository/com/fasterxml/jackson/core/jackson-annotations/2.19.2/jackson-annotations-2.19.2.jar:/home/codespace/.m2/repository/com/fasterxml/jackson/jaxrs/jackson-jaxrs-json-provider/2.19.2/jackson-jaxrs-json-provider-2.19.2.jar:/home/codespace/.m2/repository/com/fasterxml/jackson/jaxrs/jackson-jaxrs-base/2.19.2/jackson-jaxrs-base-2.19.2.jar:/home/codespace/.m2/repository/com/fasterxml/jackson/module/jackson-module-jaxb-annotations/2.19.2/jackson-module-jaxb-annotations-2.19.2.jar:/home/codespace/.m2/repository/javax/xml/bind/jaxb-api/2.2.12/jaxb-api-2.2.12.jar:/home/codespace/.m2/repository/org/glassfish/jersey/inject/jersey-hk2/3.1.11/jersey-hk2-3.1.11.jar:/home/codespace/.m2/repository/org/glassfish/jersey/core/jersey-common/3.1.11/jersey-common-3.1.11.jar:/home/codespace/.m2/repository/org/glassfish/hk2/osgi-resource-locator/1.0.3/osgi-resource-locator-1.0.3.jar:/home/codespace/.m2/repository/org/glassfish/hk2/hk2-locator/3.0.6/hk2-locator-3.0.6.jar:/home/codespace/.m2/repository/org/glassfish/hk2/external/aopalliance-repackaged/3.0.6/aopalliance-repackaged-3.0.6.jar:/home/codespace/.m2/repository/org/glassfish/hk2/hk2-api/3.0.6/hk2-api-3.0.6.jar:/home/codespace/.m2/repository/org/glassfish/hk2/hk2-utils/3.0.6/hk2-utils-3.0.6.jar:/home/codespace/.m2/repository/org/glassfish/jersey/media/jersey-media-json-jackson/3.1.11/jersey-media-json-jackson-3.1.11.jar:/home/codespace/.m2/repository/org/glassfish/jersey/ext/jersey-entity-filtering/3.1.11/jersey-entity-filtering-3.1.11.jar:/home/codespace/.m2/repository/com/fasterxml/jackson/module/jackson-module-jakarta-xmlbind-annotations/2.19.2/jackson-module-jakarta-xmlbind-annotations-2.19.2.jar:/home/codespace/.m2/repository/org/glassfish/jersey/containers/jersey-container-grizzly2-http/3.1.11/jersey-container-grizzly2-http-3.1.11.jar:/home/codespace/.m2/repository/jakarta/inject/jakarta.inject-api/2.0.1/jakarta.inject-api-2.0.1.jar:/home/codespace/.m2/repository/org/glassfish/grizzly/grizzly-http-server/4.0.2/grizzly-http-server-4.0.2.jar:/home/codespace/.m2/repository/org/glassfish/grizzly/grizzly-http/4.0.2/grizzly-http-4.0.2.jar:/home/codespace/.m2/repository/org/glassfish/grizzly/grizzly-framework/4.0.2/grizzly-framework-4.0.2.jar:/home/codespace/.m2/repository/jakarta/ws/rs/jakarta.ws.rs-api/3.1.0/jakarta.ws.rs-api-3.1.0.jar:/home/codespace/.m2/repository/org/glassfish/jersey/core/jersey-server/3.1.11/jersey-server-3.1.11.jar:/home/codespace/.m2/repository/org/glassfish/jersey/core/jersey-client/3.1.11/jersey-client-3.1.11.jar:/home/codespace/.m2/repository/jakarta/validation/jakarta.validation-api/3.0.2/jakarta.validation-api-3.0.2.jar:/home/codespace/.m2/repository/org/apache/httpcomponents/httpclient/4.5.14/httpclient-4.5.14.jar:/home/codespace/.m2/repository/org/apache/httpcomponents/httpcore/4.4.16/httpcore-4.4.16.jar:/home/codespace/.m2/repository/commons-logging/commons-logging/1.2/commons-logging-1.2.jar:/home/codespace/.m2/repository/commons-codec/commons-codec/1.18.0/commons-codec-1.18.0.jar:/home/codespace/.m2/repository/org/apache/httpcomponents/httpmime/4.5.14/httpmime-4.5.14.jar:/home/codespace/.m2/repository/commons-io/commons-io/2.15.1/commons-io-2.15.1.jar:/home/codespace/.m2/repository/net/sourceforge/tess4j/tess4j/5.4.0/tess4j-5.4.0.jar:/home/codespace/.m2/repository/net/java/dev/jna/jna/5.12.1/jna-5.12.1.jar:/home/codespace/.m2/repository/org/apache/pdfbox/pdfbox-tools/2.0.26/pdfbox-tools-2.0.26.jar:/home/codespace/.m2/repository/org/apache/pdfbox/pdfbox-debugger/2.0.26/pdfbox-debugger-2.0.26.jar:/home/codespace/.m2/repository/org/apache/pdfbox/jbig2-imageio/3.0.4/jbig2-imageio-3.0.4.jar:/home/codespace/.m2/repository/net/sourceforge/lept4j/lept4j/1.16.2/lept4j-1.16.2.jar:/home/codespace/.m2/repository/org/jboss/jboss-vfs/3.2.17.Final/jboss-vfs-3.2.17.Final.jar:/home/codespace/.m2/repository/org/jboss/logging/jboss-logging/3.6.1.Final/jboss-logging-3.6.1.Final.jar:/home/codespace/.m2/repository/org/boofcv/boofcv-feature/0.41/boofcv-feature-0.41.jar:/home/codespace/.m2/repository/org/georegression/georegression/0.25/georegression-0.25.jar:/home/codespace/.m2/repository/org/ddogleg/ddogleg/0.22/ddogleg-0.22.jar:/home/codespace/.m2/repository/org/ejml/ejml-core/0.41/ejml-core-0.41.jar:/home/codespace/.m2/repository/org/ejml/ejml-fdense/0.41/ejml-fdense-0.41.jar:/home/codespace/.m2/repository/org/ejml/ejml-ddense/0.41/ejml-ddense-0.41.jar:/home/codespace/.m2/repository/org/ejml/ejml-simple/0.41/ejml-simple-0.41.jar:/home/codespace/.m2/repository/org/ejml/ejml-cdense/0.41/ejml-cdense-0.41.jar:/home/codespace/.m2/repository/org/ejml/ejml-zdense/0.41/ejml-zdense-0.41.jar:/home/codespace/.m2/repository/org/ejml/ejml-fsparse/0.41/ejml-fsparse-0.41.jar:/home/codespace/.m2/repository/org/ejml/ejml-dsparse/0.41/ejml-dsparse-0.41.jar:/home/codespace/.m2/repository/net/sf/trove4j/trove4j/3.0.3/trove4j-3.0.3.jar:/home/codespace/.m2/repository/org/boofcv/boofcv-ip/0.41/boofcv-ip-0.41.jar:/home/codespace/.m2/repository/org/boofcv/boofcv-geo/0.41/boofcv-geo-0.41.jar:/home/codespace/.m2/repository/org/boofcv/boofcv-io/0.41/boofcv-io-0.41.jar:/home/codespace/.m2/repository/org/boofcv/boofcv-reconstruction/0.41/boofcv-reconstruction-0.41.jar:/home/codespace/.m2/repository/org/yaml/snakeyaml/2.4/snakeyaml-2.4.jar:/home/codespace/.m2/repository/org/boofcv/boofcv-ip-multiview/0.41/boofcv-ip-multiview-0.41.jar:/home/codespace/.m2/repository/org/boofcv/boofcv-recognition/0.41/boofcv-recognition-0.41.jar:/home/codespace/.m2/repository/org/deepboof/main/0.5.1/main-0.5.1.jar:/home/codespace/.m2/repository/org/deepboof/models/0.5.1/models-0.5.1.jar:/home/codespace/.m2/repository/org/deepboof/learning/0.5.1/learning-0.5.1.jar:/home/codespace/.m2/repository/org/deepboof/io/0.5.1/io-0.5.1.jar:/home/codespace/.m2/repository/com/google/protobuf/protobuf-java/3.17.3/protobuf-java-3.17.3.jar:/home/codespace/.m2/repository/org/rauschig/jarchivelib/1.1.0/jarchivelib-1.1.0.jar:/home/codespace/.m2/repository/org/apache/commons/commons-compress/1.20/commons-compress-1.20.jar:/home/codespace/.m2/repository/net/lingala/zip4j/zip4j/2.8.0/zip4j-2.8.0.jar:/home/codespace/.m2/repository/org/boofcv/boofcv-sfm/0.41/boofcv-sfm-0.41.jar:/home/codespace/.m2/repository/org/boofcv/boofcv-swing/0.41/boofcv-swing-0.41.jar:/home/codespace/.m2/repository/com/fifesoft/rsyntaxtextarea/2.6.1/rsyntaxtextarea-2.6.1.jar:/home/codespace/.m2/repository/io/github/vincenzopalazzo/material-ui-swing/1.1.1_pre-release_6.1/material-ui-swing-1.1.1_pre-release_6.1.jar:/home/codespace/.m2/repository/org/swinglabs/swingx/1.6.1/swingx-1.6.1.jar:/home/codespace/.m2/repository/com/jhlabs/filters/2.0.235/filters-2.0.235.jar:/home/codespace/.m2/repository/org/swinglabs/swing-worker/1.1/swing-worker-1.1.jar:/home/codespace/.m2/repository/com/github/jiconfont/jiconfont-bundle/1.4.0/jiconfont-bundle-1.4.0.jar:/home/codespace/.m2/repository/com/github/jiconfont/jiconfont-font_awesome/4.7.0.1/jiconfont-font_awesome-4.7.0.1.jar:/home/codespace/.m2/repository/com/github/jiconfont/jiconfont-open_iconic/1.1.1.3/jiconfont-open_iconic-1.1.1.3.jar:/home/codespace/.m2/repository/com/github/jiconfont/jiconfont-elusive/2.0.3/jiconfont-elusive-2.0.3.jar:/home/codespace/.m2/repository/com/github/jiconfont/jiconfont-entypo/2.0.3/jiconfont-entypo-2.0.3.jar:/home/codespace/.m2/repository/com/github/jiconfont/jiconfont-typicons/2.0.7.1/jiconfont-typicons-2.0.7.1.jar:/home/codespace/.m2/repository/com/github/jiconfont/jiconfont-swing/1.0.1/jiconfont-swing-1.0.1.jar:/home/codespace/.m2/repository/com/github/jiconfont/jiconfont/1.0.0/jiconfont-1.0.0.jar:/home/codespace/.m2/repository/com/github/jiconfont/jiconfont-google_material_design_icons/2.2.0.2/jiconfont-google_material_design_icons-2.2.0.2.jar:/home/codespace/.m2/repository/com/github/weisj/darklaf-core/1.4.3.1/darklaf-core-1.4.3.1.jar:/home/codespace/.m2/repository/com/github/weisj/darklaf-native-utils/1.4.3.1/darklaf-native-utils-1.4.3.1.jar:/home/codespace/.m2/repository/com/github/weisj/darklaf-utils/1.4.3.1/darklaf-utils-1.4.3.1.jar:/home/codespace/.m2/repository/com/github/weisj/darklaf-decorations-base/1.4.3.1/darklaf-decorations-base-1.4.3.1.jar:/home/codespace/.m2/repository/com/github/weisj/darklaf-windows/1.4.3.1/darklaf-windows-1.4.3.1.jar:/home/codespace/.m2/repository/com/github/weisj/darklaf-macos/1.4.3.1/darklaf-macos-1.4.3.1.jar:/home/codespace/.m2/repository/com/github/weisj/darklaf-property-loader/1.4.3.1/darklaf-property-loader-1.4.3.1.jar:/home/codespace/.m2/repository/com/formdev/svgSalamander/1.1.2.1/svgSalamander-1.1.2.1.jar:/home/codespace/.m2/repository/org/swinglabs/jxlayer/3.0.4/jxlayer-3.0.4.jar:/home/codespace/.m2/repository/org/boofcv/boofcv-types/0.41/boofcv-types-0.41.jar:/home/codespace/.m2/repository/org/boofcv/boofcv-all/0.41/boofcv-all-0.41.jar:/home/codespace/.m2/repository/org/boofcv/boofcv-jcodec/0.41/boofcv-jcodec-0.41.jar:/home/codespace/.m2/repository/org/jcodec/jcodec/0.2.5/jcodec-0.2.5.jar:/home/codespace/.m2/repository/org/jcodec/jcodec-javase/0.2.5/jcodec-javase-0.2.5.jar:/home/codespace/.m2/repository/org/boofcv/boofcv-WebcamCapture/0.41/boofcv-WebcamCapture-0.41.jar:/home/codespace/.m2/repository/com/github/sarxos/webcam-capture/0.3.12/webcam-capture-0.3.12.jar:/home/codespace/.m2/repository/com/nativelibs4java/bridj/0.7.0/bridj-0.7.0.jar:/home/codespace/.m2/repository/org/boofcv/boofcv-javacv/0.41/boofcv-javacv-0.41.jar:/home/codespace/.m2/repository/org/bytedeco/javacv/1.4.4/javacv-1.4.4.jar:/home/codespace/.m2/repository/org/bytedeco/javacpp/1.4.4/javacpp-1.4.4.jar:/home/codespace/.m2/repository/org/bytedeco/javacpp-presets/opencv/4.0.1-1.4.4/opencv-4.0.1-1.4.4.jar:/home/codespace/.m2/repository/org/bytedeco/javacpp-presets/flycapture/2.13.3.31-1.4.4/flycapture-2.13.3.31-1.4.4.jar:/home/codespace/.m2/repository/org/bytedeco/javacpp-presets/libdc1394/2.2.5-1.4.4/libdc1394-2.2.5-1.4.4.jar:/home/codespace/.m2/repository/org/bytedeco/javacpp-presets/libfreenect/0.5.3-1.4.4/libfreenect-0.5.3-1.4.4.jar:/home/codespace/.m2/repository/org/bytedeco/javacpp-presets/libfreenect2/0.2.0-1.4.4/libfreenect2-0.2.0-1.4.4.jar:/home/codespace/.m2/repository/org/bytedeco/javacpp-presets/librealsense/1.12.1-1.4.4/librealsense-1.12.1-1.4.4.jar:/home/codespace/.m2/repository/org/bytedeco/javacpp-presets/videoinput/0.200-1.4.4/videoinput-0.200-1.4.4.jar:/home/codespace/.m2/repository/org/bytedeco/javacpp-presets/artoolkitplus/2.3.1-1.4.4/artoolkitplus-2.3.1-1.4.4.jar:/home/codespace/.m2/repository/org/bytedeco/javacpp-presets/flandmark/1.07-1.4.4/flandmark-1.07-1.4.4.jar:/home/codespace/.m2/repository/org/bytedeco/javacpp-presets/leptonica/1.77.0-1.4.4/leptonica-1.77.0-1.4.4.jar:/home/codespace/.m2/repository/org/bytedeco/javacpp-presets/tesseract/4.0.0-1.4.4/tesseract-4.0.0-1.4.4.jar:/home/codespace/.m2/repository/org/bytedeco/javacpp-presets/opencv/4.0.1-1.4.4/opencv-4.0.1-1.4.4-linux-x86_64.jar:/home/codespace/.m2/repository/org/bytedeco/javacpp-presets/opencv/4.0.1-1.4.4/opencv-4.0.1-1.4.4-macosx-x86_64.jar:/home/codespace/.m2/repository/org/bytedeco/javacpp-presets/opencv/4.0.1-1.4.4/opencv-4.0.1-1.4.4-windows-x86_64.jar:/home/codespace/.m2/repository/org/boofcv/boofcv-ffmpeg/0.41/boofcv-ffmpeg-0.41.jar:/home/codespace/.m2/repository/org/bytedeco/javacpp-presets/ffmpeg/4.1-1.4.4/ffmpeg-4.1-1.4.4.jar:/home/codespace/.m2/repository/org/bytedeco/javacpp-presets/ffmpeg/4.1-1.4.4/ffmpeg-4.1-1.4.4-linux-x86_64.jar:/home/codespace/.m2/repository/org/bytedeco/javacpp-presets/ffmpeg/4.1-1.4.4/ffmpeg-4.1-1.4.4-macosx-x86_64.jar:/home/codespace/.m2/repository/org/bytedeco/javacpp-presets/ffmpeg/4.1-1.4.4/ffmpeg-4.1-1.4.4-windows-x86_64.jar:/home/codespace/.m2/repository/org/boofcv/boofcv-android/0.41/boofcv-android-0.41.jar:/home/codespace/.m2/repository/org/boofcv/boofcv-core/0.41/boofcv-core-0.41.jar:/home/codespace/.m2/repository/org/boofcv/boofcv-learning/0.41/boofcv-learning-0.41.jar:/home/codespace/.m2/repository/org/boofcv/visualize/0.26/visualize-0.26.jar:/home/codespace/.m2/repository/org/boofcv/ip/0.26/ip-0.26.jar:/home/codespace/.m2/repository/org/boofcv/io/0.26/io-0.26.jar:/home/codespace/.m2/repository/org/boofcv/calibration/0.26/calibration-0.26.jar:/home/codespace/.m2/repository/com/thoughtworks/xstream/xstream/1.4.7/xstream-1.4.7.jar:/home/codespace/.m2/repository/xmlpull/xmlpull/1.1.3.1/xmlpull-1.1.3.1.jar:/home/codespace/.m2/repository/xpp3/xpp3_min/1.1.4c/xpp3_min-1.1.4c.jar:/home/codespace/.m2/repository/org/boofcv/feature/0.26/feature-0.26.jar:/home/codespace/.m2/repository/org/boofcv/geo/0.26/geo-0.26.jar:/home/codespace/.m2/repository/org/boofcv/sfm/0.26/sfm-0.26.jar:/home/codespace/.m2/repository/org/boofcv/recognition/0.26/recognition-0.26.jar
Launcher Type: SUN_STANDARD

[Global flags]
     intx CICompilerCount                          = 2                                         {product} {ergonomic}
     uint ConcGCThreads                            = 1                                         {product} {ergonomic}
     uint G1ConcRefinementThreads                  = 2                                         {product} {ergonomic}
   size_t G1HeapRegionSize                         = 1048576                                   {product} {ergonomic}
    uintx GCDrainStackTargetSize                   = 64                                        {product} {ergonomic}
   size_t InitialHeapSize                          = 132120576                                 {product} {ergonomic}
   size_t MarkStackSize                            = 4194304                                   {product} {ergonomic}
   size_t MaxHeapSize                              = 2084569088                                {product} {ergonomic}
   size_t MaxNewSize                               = 1249902592                                {product} {ergonomic}
   size_t MinHeapDeltaBytes                        = 1048576                                   {product} {ergonomic}
   size_t MinHeapSize                              = 8388608                                   {product} {ergonomic}
    uintx NonNMethodCodeHeapSize                   = 5826188                                {pd product} {ergonomic}
    uintx NonProfiledCodeHeapSize                  = 122916026                              {pd product} {ergonomic}
    uintx ProfiledCodeHeapSize                     = 122916026                              {pd product} {ergonomic}
    uintx ReservedCodeCacheSize                    = 251658240                              {pd product} {ergonomic}
     bool SegmentedCodeCache                       = true                                      {product} {ergonomic}
     bool ShowCodeDetailsInExceptionMessages       = true                                   {manageable} {command line}
   size_t SoftMaxHeapSize                          = 2084569088                             {manageable} {ergonomic}
     bool UseCompressedOops                        = true                           {product lp64_product} {ergonomic}
     bool UseG1GC                                  = true                                      {product} {ergonomic}

Logging:
Log output configuration:
 #0: stdout all=warning uptime,level,tags foldmultilines=false
 #1: stderr all=off uptime,level,tags foldmultilines=false

Release file:
IMPLEMENTOR="Microsoft"
IMPLEMENTOR_VERSION="Microsoft-12574458"
JAVA_RUNTIME_VERSION="21.0.9+10-LTS"
JAVA_VERSION="21.0.9"
JAVA_VERSION_DATE="2025-10-21"
LIBC="gnu"
MODULES="java.base java.compiler java.datatransfer java.xml java.prefs java.desktop java.instrument java.logging java.management java.security.sasl java.naming java.rmi java.management.rmi java.net.http java.scripting java.security.jgss java.transaction.xa java.sql java.sql.rowset java.xml.crypto java.se java.smartcardio jdk.accessibility jdk.internal.jvmstat jdk.attach jdk.charsets jdk.internal.opt jdk.zipfs jdk.compiler jdk.crypto.ec jdk.crypto.cryptoki jdk.dynalink jdk.internal.ed jdk.editpad jdk.hotspot.agent jdk.httpserver jdk.incubator.vector jdk.internal.le jdk.internal.vm.ci jdk.internal.vm.compiler jdk.internal.vm.compiler.management jdk.jartool jdk.javadoc jdk.jcmd jdk.management jdk.management.agent jdk.jconsole jdk.jdeps jdk.jdwp.agent jdk.jdi jdk.jfr jdk.jlink jdk.jpackage jdk.jshell jdk.jsobject jdk.jstatd jdk.localedata jdk.management.jfr jdk.naming.dns jdk.naming.rmi jdk.net jdk.nio.mapmode jdk.random jdk.sctp jdk.security.auth jdk.security.jgss jdk.unsupported jdk.unsupported.desktop jdk.xml.dom"
OS_ARCH="x86_64"
OS_NAME="Linux"
SOURCE=".:git:e0bc49609000"

Environment Variables:
JAVA_HOME=/usr/local/sdkman/candidates/java/current
PATH=/usr/local/rvm/gems/ruby-3.4.1/bin:/usr/local/rvm/gems/ruby-3.4.1@global/bin:/usr/local/rvm/rubies/ruby-3.4.1/bin:/vscode/bin/linux-x64/7d842fb85a0275a4a8e4d7e040d2625abbf7f084/bin/remote-cli:/home/codespace/.local/bin:/home/codespace/.dotnet:/home/codespace/nvm/current/bin:/home/codespace/.php/current/bin:/home/codespace/.python/current/bin:/home/codespace/java/current/bin:/home/codespace/.ruby/current/bin:/home/codespace/.local/bin:/usr/local/python/current/bin:/usr/local/py-utils/bin:/usr/local/jupyter:/usr/local/oryx:/usr/local/go/bin:/go/bin:/usr/local/sdkman/bin:/usr/local/sdkman/candidates/java/current/bin:/usr/local/sdkman/candidates/gradle/current/bin:/usr/local/sdkman/candidates/maven/current/bin:/usr/local/sdkman/candidates/ant/current/bin:/usr/local/rvm/gems/default/bin:/usr/local/rvm/gems/default@global/bin:/usr/local/rvm/rubies/default/bin:/usr/local/share/rbenv/bin:/usr/local/php/current/bin:/opt/conda/bin:/usr/local/nvs:/usr/local/share/nvm/versions/node/v22.21.1/bin:/usr/local/hugo/bin:/usr/local/sbin:/usr/local/bin:/usr/sbin:/usr/bin:/sbin:/bin:/usr/share/dotnet:/home/codespace/.dotnet/tools:/usr/local/rvm/bin:/home/codespace/.vscode-remote/extensions/vscjava.vscode-java-debug-0.58.3/bundled/scripts/noConfigScripts:/home/codespace/.vscode-remote/extensions/ms-python.debugpy-2025.16.0/bundled/scripts/noConfigScripts:/home/codespace/.vscode-remote/data/User/globalStorage/github.copilot-chat/debugCommand
SHELL=/bin/bash
LANG=C.UTF-8
TERM=xterm-256color

Active Locale:
LC_ALL=C.UTF-8
LC_COLLATE=C.UTF-8
LC_CTYPE=C.UTF-8
LC_MESSAGES=C.UTF-8
LC_MONETARY=C.UTF-8
LC_NUMERIC=C.UTF-8
LC_TIME=C.UTF-8

Signal Handlers:
   SIGSEGV: crash_handler in libjvm.so, mask=11100100010111111101111111111110, flags=SA_RESTART|SA_SIGINFO, unblocked
    SIGBUS: crash_handler in libjvm.so, mask=11100100010111111101111111111110, flags=SA_RESTART|SA_SIGINFO, unblocked
    SIGFPE: crash_handler in libjvm.so, mask=11100100010111111101111111111110, flags=SA_RESTART|SA_SIGINFO, unblocked
   SIGPIPE: javaSignalHandler in libjvm.so, mask=11100100010111111101111111111110, flags=SA_RESTART|SA_SIGINFO, blocked
   SIGXFSZ: javaSignalHandler in libjvm.so, mask=11100100010111111101111111111110, flags=SA_RESTART|SA_SIGINFO, blocked
    SIGILL: crash_handler in libjvm.so, mask=11100100010111111101111111111110, flags=SA_RESTART|SA_SIGINFO, unblocked
   SIGUSR2: SR_handler in libjvm.so, mask=00000000000000000000000000000000, flags=SA_RESTART|SA_SIGINFO, blocked
    SIGHUP: UserHandler in libjvm.so, mask=11100100010111111101111111111110, flags=SA_RESTART|SA_SIGINFO, blocked
    SIGINT: UserHandler in libjvm.so, mask=11100100010111111101111111111110, flags=SA_RESTART|SA_SIGINFO, blocked
   SIGTERM: UserHandler in libjvm.so, mask=11100100010111111101111111111110, flags=SA_RESTART|SA_SIGINFO, blocked
   SIGQUIT: UserHandler in libjvm.so, mask=11100100010111111101111111111110, flags=SA_RESTART|SA_SIGINFO, blocked
   SIGTRAP: crash_handler in libjvm.so, mask=11100100010111111101111111111110, flags=SA_RESTART|SA_SIGINFO, unblocked


Periodic native trim disabled

---------------  S Y S T E M  ---------------

OS:
DISTRIB_ID=Ubuntu
DISTRIB_RELEASE=24.04
DISTRIB_CODENAME=noble
DISTRIB_DESCRIPTION="Ubuntu 24.04.3 LTS"
uname: Linux 6.8.0-1030-azure #35~22.04.1-Ubuntu SMP Mon May 26 18:08:30 UTC 2025 x86_64
OS uptime: 0 days 3:55 hours
libc: glibc 2.39 NPTL 2.39 
rlimit (soft/hard): STACK 8192k/infinity , CORE infinity/infinity , NPROC infinity/infinity , NOFILE 1048576/1048576 , AS infinity/infinity , CPU infinity/infinity , DATA infinity/infinity , FSIZE infinity/infinity , MEMLOCK 8192k/8192k
load average: 0.99 0.76 0.48

/proc/meminfo:
MemTotal:        8135332 kB
MemFree:          282128 kB
MemAvailable:    2406380 kB
Buffers:           37908 kB
Cached:          2276804 kB
SwapCached:            0 kB
Active:          3482700 kB
Inactive:        3903576 kB
Active(anon):    2902828 kB
Inactive(anon):  2242864 kB
Active(file):     579872 kB
Inactive(file):  1660712 kB
Unevictable:       31044 kB
Mlocked:           27972 kB
SwapTotal:             0 kB
SwapFree:              0 kB
Zswap:                 0 kB
Zswapped:              0 kB
Dirty:              5912 kB
Writeback:             0 kB
AnonPages:       4999804 kB
Mapped:           287648 kB
Shmem:             64980 kB
KReclaimable:     197296 kB
Slab:             288588 kB
SReclaimable:     197296 kB
SUnreclaim:        91292 kB
KernelStack:        9456 kB
PageTables:        65588 kB
SecPageTables:         0 kB
NFS_Unstable:          0 kB
Bounce:                0 kB
WritebackTmp:          0 kB
CommitLimit:     4067664 kB
Committed_AS:    5859132 kB
VmallocTotal:   34359738367 kB
VmallocUsed:       42740 kB
VmallocChunk:          0 kB
Percpu:             1192 kB
HardwareCorrupted:     0 kB
AnonHugePages:   2564096 kB
ShmemHugePages:        0 kB
ShmemPmdMapped:        0 kB
FileHugePages:         0 kB
FilePmdMapped:         0 kB
Unaccepted:            0 kB
HugePages_Total:       0
HugePages_Free:        0
HugePages_Rsvd:        0
HugePages_Surp:        0
Hugepagesize:       2048 kB
Hugetlb:               0 kB
DirectMap4k:      145344 kB
DirectMap2M:     4048896 kB
DirectMap1G:     6291456 kB

/sys/kernel/mm/transparent_hugepage/enabled: [always] madvise never
/sys/kernel/mm/transparent_hugepage/hpage_pmd_size: 2097152
/sys/kernel/mm/transparent_hugepage/defrag (defrag/compaction efforts parameter): always defer defer+madvise [madvise] never

Process Memory:
Virtual Size: 4764096K (peak: 4764096K)
Resident Set Size: 284184K (peak: 284184K) (anon: 243332K, file: 40852K, shmem: 0K)
Swapped out: 0K
C-Heap outstanding allocations: 61107K, retained: 40344K
glibc malloc tunables: (default)

/proc/sys/kernel/threads-max (system-wide limit on the number of threads): 63498
/proc/sys/vm/max_map_count (maximum number of memory map areas a process may have): 65530
/proc/sys/vm/swappiness (control to define how aggressively the kernel swaps out anonymous memory): 60
/proc/sys/kernel/pid_max (system-wide limit on number of process identifiers): 4194304

container information not found.
Hyper-V virtualization detected
Steal ticks since vm start: 0
Steal ticks percentage since vm start:  0.000

CPU: total 2 (initial active 2) (16 cores per cpu, 2 threads per core) family 25 model 1 stepping 1 microcode 0xffffffff, cx8, cmov, fxsr, ht, mmx, 3dnowpref, sse, sse2, sse3, ssse3, sse4a, sse4.1, sse4.2, popcnt, lzcnt, tsc, tscinvbit, avx, avx2, aes, erms, clmul, bmi1, bmi2, adx, sha, fma, vzeroupper, clflush, clflushopt, hv, rdtscp, rdpid, fsrm, f16c, cet_ss
CPU Model and flags from /proc/cpuinfo:
model name	: AMD EPYC 7763 64-Core Processor
flags		: fpu vme de pse tsc msr pae mce cx8 apic sep mtrr pge mca cmov pat pse36 clflush mmx fxsr sse sse2 ht syscall nx mmxext fxsr_opt pdpe1gb rdtscp lm constant_tsc rep_good nopl tsc_reliable nonstop_tsc cpuid extd_apicid aperfmperf tsc_known_freq pni pclmulqdq ssse3 fma cx16 pcid sse4_1 sse4_2 movbe popcnt aes xsave avx f16c rdrand hypervisor lahf_lm cmp_legacy svm cr8_legacy abm sse4a misalignsse 3dnowprefetch osvw topoext vmmcall fsgsbase bmi1 avx2 smep bmi2 erms invpcid rdseed adx smap clflushopt clwb sha_ni xsaveopt xsavec xgetbv1 xsaves user_shstk clzero xsaveerptr rdpru arat npt nrip_save tsc_scale vmcb_clean flushbyasid decodeassists pausefilter pfthreshold v_vmsave_vmload umip vaes vpclmulqdq rdpid fsrm

Online cpus: 0-1
Offline cpus: 
BIOS frequency limitation: <Not Available>
Frequency switch latency (ns): <Not Available>
Available cpu frequencies: <Not Available>
Current governor: <Not Available>
Core performance/turbo boost: <Not Available>

Memory: 4k page, physical 8135332k(2406380k free), swap 0k(0k free)
Page Sizes: 4k

vm_info: OpenJDK 64-Bit Server VM (21.0.9+10-LTS) for linux-amd64 JRE (21.0.9+10-LTS), built on 2025-10-13T22:00:07Z by "MicrosoftCorporation" with gcc 11.3.0

END.
